CountryName,CountryCode,CountryCode2,Year,HomicideRate,SuicideRate,GDP,GDPPerCapitaPPP,Region,IncomeLevel,Difference,RatioSuicideHomicide,ComparisonCategory
Albania,ALB,AL,2000,4.1863119742,4.9,3480355258.04122,3860.80462705845,Europe & Central Asia (excluding high income),Upper middle income,0.7136880258000007,1.1704813282427156,Tasas similares
Antigua and Barbuda,ATG,AG,2000,6.5783414685,1.9,826370370.37037,16843.1216095067,,High income,-4.678341468499999,0.28882660000214916,Homicidio mayor
Armenia,ARM,AM,2000,2.9645585398,3.4,1911563668.85006,2658.34432173041,Europe & Central Asia (excluding high income),Upper middle income,0.43544146019999985,1.1468823955924905,Tasas similares
Australia,AUS,AU,2000,1.9061225182,12.7,415576210513.094,26343.0767025713,,High income,10.7938774818,6.662740657401673,Suicidio mayor
Austria,AUT,AT,2000,1.0162002142,19.9,196799778883.361,29376.0197364753,,High income,18.883799785799997,19.58275517159402,Suicidio mayor
Azerbaijan,AZE,AZ,2000,2.7823113448,3.1,5272798390.70183,3385.5127273497,Europe & Central Asia (excluding high income),Upper middle income,0.3176886552,1.1141815619570197,Tasas similares
"Bahamas, The",BHS,BS,2000,24.8284655,2.3,8076470000.0,28034.1965161346,,High income,-22.5284655,0.09263560810876531,Homicidio mayor
Bangladesh,BGD,BD,2000,2.6187184617,6.0,53369787318.6245,1331.54842861048,South Asia,Lower middle income,3.3812815383,2.291197044566969,Suicidio mayor
Barbados,BRB,BB,2000,7.3661840588,2.6,3059500000.0,12705.1228737181,,High income,-4.7661840588,0.3529643000019683,Homicidio mayor
Belarus,BLR,BY,2000,10.261724628,41.8,12738912133.8912,5808.35742587087,Europe & Central Asia (excluding high income),Upper middle income,31.538275371999998,4.073389368288552,Suicidio mayor
Belgium,BEL,BE,2000,2.0618464457,22.0,236204532891.1,27784.5715041684,,High income,19.9381535543,10.670047736038347,Suicidio mayor
Belize,BLZ,BZ,2000,16.578383405,7.4,832072450.0,5558.96822664365,Latin America & Caribbean (excluding high income),Lower middle income,-9.178383405,0.4463643902558182,Homicidio mayor
Bhutan,BTN,BT,2000,3.0456131327,4.8,424464089.897641,2696.37839136602,South Asia,Lower middle income,1.7543868673,1.5760373333249649,Suicidio mayor
Bosnia and Herzegovina,BIH,BA,2000,2.6391723555,9.0,5567405599.31206,4598.15511157158,Europe & Central Asia (excluding high income),Upper middle income,6.3608276445000005,3.410160000063702,Suicidio mayor
Brazil,BRA,BR,2000,23.797080111,4.0,655448188259.351,9060.78866695732,Latin America & Caribbean (excluding high income),Upper middle income,-19.797080111,0.16808784864959267,Homicidio mayor
Brunei Darussalam,BRN,BN,2000,1.2006027026,1.9,6001153306.2645,66439.1367194862,,High income,0.6993972974,1.5825384999429037,Suicidio mayor
Bulgaria,BGR,BG,2000,4.1510631911,18.2,13245833843.5454,6421.95913484706,Europe & Central Asia (excluding high income),Upper middle income,14.048936808899999,4.384418921644297,Suicidio mayor
Cambodia,KHM,KH,2000,4.6975621462,5.0,3654031716.26881,1075.4102030522,East Asia & Pacific (excluding high income),Lower middle income,0.3024378537999999,1.0643818739140367,Tasas similares
Cameroon,CMR,CM,2000,2.958628702,10.7,10566578952.7857,2028.82559144813,Sub-Saharan Africa (excluding high income),Lower middle income,7.741371297999999,3.6165403224699735,Suicidio mayor
Canada,CAN,CA,2000,1.784991614,11.9,744773415931.587,29362.0841609786,,High income,10.115008386,6.666697987075249,Suicidio mayor
China,CHN,CN,2000,2.0811167787,14.3,1211346869600.41,2920.56079076815,East Asia & Pacific (excluding high income),Upper middle income,12.2188832213,6.8713107050786,Suicidio mayor
Colombia,COL,CO,2000,66.967003377,5.0,99886577330.7271,6690.37375083775,Latin America & Caribbean (excluding high income),Upper middle income,-61.967003377,0.07466363653532188,Homicidio mayor
Costa Rica,CRI,CR,2000,6.2841194245,6.4,15013629658.5671,7838.4399168426,Latin America & Caribbean (excluding high income),Upper middle income,0.1158805755000003,1.01844022490219,Tasas similares
Croatia,HRV,HR,2000,2.2809008429,20.8,21839780971.0268,10683.6035193701,,High income,18.5190991571,9.119203960464283,Suicidio mayor
Cuba,CUB,CU,2000,5.2757296752,17.2,30565400000.0,,Latin America & Caribbean (excluding high income),Upper middle income,11.924270324799998,3.2602125315201933,Suicidio mayor
Cyprus,CYP,CY,2000,0.84809729372,2.0,9985844486.33365,21288.5098267129,,High income,1.15190270628,2.35822000000427,Suicidio mayor
Czech Republic,CZE,CZ,2000,1.8562839683,16.3,61828166496.0941,16235.4806329245,,High income,14.443716031700001,8.780984094221141,Suicidio mayor
Denmark,DNK,DK,2000,1.0858999265,15.6,164158739097.623,28658.1249551454,,High income,14.5141000735,14.365964689104342,Suicidio mayor
Dominican Republic,DOM,DO,2000,14.283493346,3.9,24305717541.6371,6760.12887876537,Latin America & Caribbean (excluding high income),Upper middle income,-10.383493346,0.27304244875726913,Homicidio mayor
Ecuador,ECU,EC,2000,14.454555799,6.4,18327764882.4412,5838.9025248881,Latin America & Caribbean (excluding high income),Upper middle income,-8.054555799,0.44276697872948595,Homicidio mayor
El Salvador,SLV,SV,2000,60.309820259,6.2,11784927700.0,4466.89622730258,Latin America & Caribbean (excluding high income),Lower middle income,-54.109820258999996,0.10280249507251313,Homicidio mayor
Estonia,EST,EE,2000,10.220775907,29.1,5686579747.53524,9421.29142254113,,High income,18.879224093,2.8471419650312466,Suicidio mayor
Eswatini,SWZ,SZ,2000,12.730846044,28.4,1738100853.05052,4721.96956239458,Sub-Saharan Africa (excluding high income),Lower middle income,15.669153955999999,2.230802250050366,Suicidio mayor
Finland,FIN,FI,2000,2.8527629298,24.3,125706651925.557,26784.7064716385,,High income,21.4472370702,8.518057966248044,Suicidio mayor
France,FRA,FR,2000,1.7809003839,20.2,1362248940482.77,26090.6344736521,,High income,18.4190996161,11.342577149522507,Suicidio mayor
Georgia,GEO,GE,2000,5.4789068962,7.4,3057475335.18846,3104.51566879805,Europe & Central Asia (excluding high income),Upper middle income,1.9210931038000005,1.3506343765637652,Suicidio mayor
Germany,DEU,DE,2000,1.2469152208,14.5,1943145384190.16,27199.0440906856,,High income,13.2530847792,11.628697571513355,Suicidio mayor
Grenada,GRD,GD,2000,14.586189796,1.9,520044370.37037,7641.24942559965,Latin America & Caribbean (excluding high income),Upper middle income,-12.686189795999999,0.13026019999554928,Homicidio mayor
Guatemala,GTM,GT,2000,24.925446821,10.2,19288827158.9035,4763.6604208456,Latin America & Caribbean (excluding high income),Upper middle income,-14.725446821000002,0.4092203471115459,Homicidio mayor
Guyana,GUY,GY,2000,10.1778717,31.4,712667896.727512,6014.27843077742,Latin America & Caribbean (excluding high income),Upper middle income,21.222128299999998,3.0851243683883336,Suicidio mayor
Honduras,HND,HN,2000,48.307782633,2.1,7103826902.2067,2591.33182006218,Latin America & Caribbean (excluding high income),Lower middle income,-46.207782633,0.04347125629743661,Homicidio mayor
Hungary,HUN,HU,2000,2.0057709455,33.4,47218405892.4258,11853.1785173624,,High income,31.3942290545,16.6519512484383,Suicidio mayor
Iceland,ISL,IS,2000,1.7829189235,13.1,9025660361.75842,29779.0931996058,,High income,11.3170810765,7.347501800184914,Suicidio mayor
India,IND,IN,2000,4.5587842811,17.0,468394937262.37,2095.64700617136,South Asia,Lower middle income,12.4412157189,3.7290643627247984,Suicidio mayor
Indonesia,IDN,ID,2000,1.0420122804,3.5,165021012077.81,4743.94471656535,East Asia & Pacific (excluding high income),Lower middle income,2.4579877196,3.358885558101528,Suicidio mayor
Ireland,IRL,IE,2000,0.97803518019,12.7,99958806891.4686,30205.6572262763,,High income,11.72196481981,12.985217972969854,Suicidio mayor
Israel,ISR,IL,2000,2.5899986697,6.8,132455662080.298,24951.2175653146,,High income,4.2100013303,2.625483974008236,Suicidio mayor
Italy,ITA,IT,2000,1.3511564153,7.5,1143829832319.88,27072.4213631819,,High income,6.1488435847,5.550800717868597,Suicidio mayor
Jamaica,JAM,JM,2000,33.412463489,1.9,9005064474.93003,6355.8472555378,Latin America & Caribbean (excluding high income),Upper middle income,-31.512463488999998,0.05686500789220511,Homicidio mayor
Japan,JPN,JP,2000,0.53166392742,23.9,4968359075956.59,27287.2701912718,,High income,23.36833607258,44.95320966381767,Suicidio mayor
Kazakhstan,KAZ,KZ,2000,15.580265372,38.7,18291994909.0044,7733.78944277979,Europe & Central Asia (excluding high income),Upper middle income,23.119734628000003,2.4839114787832512,Suicidio mayor
Kiribati,KIR,KI,2000,3.5542918074,31.2,67254174.3970315,1582.92316853208,East Asia & Pacific (excluding high income),Lower middle income,27.6457081926,8.77811999989475,Suicidio mayor
"Korea, Rep.",KOR,KR,2000,0.78085801289,14.5,576178114168.494,18538.8355325592,,High income,13.71914198711,18.569317034136173,Suicidio mayor
Kyrgyz Republic,KGZ,KG,2000,8.7385727919,14.8,1369688498.06778,1863.73918996644,Europe & Central Asia (excluding high income),Lower middle income,6.061427208100001,1.6936404093032777,Suicidio mayor
Latvia,LVA,LV,2000,9.9825933771,34.7,7958852838.93395,8039.50636620464,,High income,24.7174066229,3.4760506302502074,Suicidio mayor
Lithuania,LTU,LT,2000,10.565867906,50.1,11524776866.6379,8445.89921321294,,High income,39.534132094,4.741683356797401,Suicidio mayor
Luxembourg,LUX,LU,2000,0.91720820168,16.1,21177470978.4411,55117.2564793938,,High income,15.182791798320002,17.553266499918465,Suicidio mayor
Malawi,MWI,MW,2000,6.2787302362,10.8,1743506531.32652,965.872951048682,Sub-Saharan Africa (excluding high income),Low income,4.5212697638,1.720093011439261,Suicidio mayor
Malaysia,MYS,MY,2000,2.3755885725,4.7,93789736842.1053,12913.1749194477,East Asia & Pacific (excluding high income),Upper middle income,2.3244114275000003,1.9784570671906616,Suicidio mayor
Malta,MLT,MT,2000,1.0161336622,6.8,4069515579.07114,18355.4967894141,,High income,5.7838663378,6.692033000144418,Suicidio mayor
Mauritius,MUS,MU,2000,2.1938206822,11.8,4663313620.01707,9027.4255262538,Sub-Saharan Africa (excluding high income),Upper middle income,9.6061793178,5.378744076825259,Suicidio mayor
Mexico,MEX,MX,2000,10.856437642,3.5,707906744574.644,11089.4899949864,Latin America & Caribbean (excluding high income),Upper middle income,-7.3564376419999995,0.322389361539705,Homicidio mayor
Moldova,MDA,MD,2000,10.303001029,17.2,1288429391.79951,3083.73543020041,Europe & Central Asia (excluding high income),Upper middle income,6.896998970999999,1.6694165080239165,Suicidio mayor
Morocco,MAR,MA,2000,1.6010462299,9.9,38857251336.3448,3579.34995276316,Middle East & North Africa (excluding high income),Lower middle income,8.2989537701,6.183456676712169,Suicidio mayor
Myanmar,MMR,MM,2000,2.2281822113,4.7,6849321645.95623,825.901132733347,East Asia & Pacific (excluding high income),Lower middle income,2.4718177887,2.1093427531035958,Suicidio mayor
Namibia,NAM,,2000,21.174835602,19.3,3922247989.85562,5202.65565659653,Sub-Saharan Africa (excluding high income),Upper middle income,-1.874835602000001,0.9114592605468483,Tasas similares
Nepal,NPL,NP,2000,2.652342735,8.5,5494252207.90502,1354.49523634581,South Asia,Lower middle income,5.8476572650000005,3.2047140393415257,Suicidio mayor
Netherlands,NLD,NL,2000,1.1302139595,9.6,416442786069.652,31870.8335122969,,High income,8.469786040499999,8.49396693370075,Suicidio mayor
New Zealand,NZL,NZ,2000,1.3475021456,12.5,52623281956.7031,21513.702767374,,High income,11.1524978544,9.276423077184894,Suicidio mayor
Nicaragua,NIC,NI,2000,9.3898380647,5.5,5107329007.0922,2783.22891252777,Latin America & Caribbean (excluding high income),Lower middle income,-3.8898380646999993,0.5857396008432358,Homicidio mayor
North Macedonia,MKD,MK,2000,2.3097832096,9.3,3772857145.0248,6151.79686575444,Europe & Central Asia (excluding high income),Upper middle income,6.990216790400001,4.02635189369592,Suicidio mayor
Norway,NOR,NO,2000,1.0668148354,13.9,171247131268.604,36936.4865054381,,High income,12.8331851646,13.029440104091002,Suicidio mayor
Pakistan,PAK,PK,2000,6.256692302,8.8,82017743416.2841,2625.26179450155,South Asia,Lower middle income,2.5433076980000004,1.4064939708137816,Suicidio mayor
Panama,PAN,PA,2000,9.8669024163,5.4,12304115000.0,8367.7319910136,Latin America & Caribbean (excluding high income),Upper middle income,-4.4669024163,0.547284220737733,Homicidio mayor
Papua New Guinea,PNG,PG,2000,7.9519938983,2.1,3521339699.07407,2081.45393773236,East Asia & Pacific (excluding high income),Lower middle income,-5.8519938983,0.26408470967878184,Homicidio mayor
Paraguay,PRY,PY,2000,18.69175733,3.1,8855705139.55857,6654.17281515978,Latin America & Caribbean (excluding high income),Upper middle income,-15.591757330000002,0.16584850451832822,Homicidio mayor
Philippines,PHL,PH,2000,7.3533411999,1.8,83669693589.1547,3439.53875901901,East Asia & Pacific (excluding high income),Lower middle income,-5.5533411999,0.24478668282446606,Homicidio mayor
Poland,POL,PL,2000,2.2175134858,17.0,172219461126.067,10672.1210858295,,High income,14.7824865142,7.666244245575356,Suicidio mayor
Portugal,PRT,PT,2000,1.126528911,7.6,118310710337.203,18876.6594757578,,High income,6.473471088999999,6.746386999738526,Suicidio mayor
Qatar,QAT,QA,2000,0.16878577203,7.8,17759890109.8901,96823.1132878345,,High income,7.63121422797,46.21242600124865,Suicidio mayor
Romania,ROU,RO,2000,2.5115841171,12.9,37253259016.9976,5848.08495477489,Europe & Central Asia (excluding high income),Upper middle income,10.3884158829,5.1362006600419905,Suicidio mayor
Russian Federation,RUS,RU,2000,28.06600244,53.8,259710142196.943,6825.3915111818,Europe & Central Asia (excluding high income),Upper middle income,25.73399756,1.916909973731193,Suicidio mayor
Saudi Arabia,SAU,SA,2000,0.83721128309,3.2,189514926213.333,39882.6289655277,,High income,2.36278871691,3.8222131791981604,Suicidio mayor
Serbia,SRB,RS,2000,2.4031336863,23.1,6875845986.52121,6019.11492628876,Europe & Central Asia (excluding high income),Upper middle income,20.696866313700003,9.612449000107882,Suicidio mayor
Singapore,SGP,SG,2000,1.0176545693,12.4,96074477958.2367,43833.2209634865,,High income,11.382345430700001,12.184881170955107,Suicidio mayor
Slovak Republic,SVK,SK,2000,2.3892397532,14.2,29169953012.7142,11376.5559243662,,High income,11.8107602468,5.943313131711205,Suicidio mayor
Slovenia,SVN,SI,2000,1.8111293901,32.0,20289627636.6767,18001.2291555596,,High income,30.1888706099,17.668533333354578,Suicidio mayor
South Africa,ZAF,ZA,2000,47.6,22.4,151753369491.916,8498.51859366874,Sub-Saharan Africa (excluding high income),Upper middle income,-25.200000000000003,0.4705882352941176,Homicidio mayor
Spain,ESP,ES,2000,1.3545706164,8.6,596877648793.072,21584.2512044454,,High income,7.245429383599999,6.348875352734249,Suicidio mayor
St. Lucia,LCA,LC,2000,14.674263256,7.2,932592592.592592,9265.1462394042,Latin America & Caribbean (excluding high income),Upper middle income,-7.4742632559999995,0.49065495653119556,Homicidio mayor
St. Vincent and the Grenadines,VCT,VC,2000,18.555113325,5.7,396262962.962963,6221.54904545643,Latin America & Caribbean (excluding high income),Upper middle income,-12.855113325000001,0.3071929500058712,Homicidio mayor
Suriname,SUR,SR,2000,14.439084052,21.5,947671969.69697,7634.37506897294,Latin America & Caribbean (excluding high income),Upper middle income,7.060915948,1.4890141176941187,Suicidio mayor
Sweden,SWE,SE,2000,1.0808812154,15.1,262835454366.855,29618.2792561377,,High income,14.0191187846,13.970082729592045,Suicidio mayor
Switzerland,CHE,CH,2000,0.96587737221,20.2,279841151705.353,36772.6946184421,,High income,19.23412262779,20.91362794200353,Suicidio mayor
Syrian Arab Republic,SYR,SY,2000,2.1753904597,1.5,80590022271.7149,,Middle East & North Africa (excluding high income),Low income,-0.6753904597,0.6895313865662808,Homicidio mayor
Tajikistan,TJK,TJ,2000,4.552526097,3.8,860521119.298753,1048.59397915516,Europe & Central Asia (excluding high income),Lower middle income,-0.7525260970000005,0.8347014204935813,Tasas similares
Thailand,THA,TH,2000,8.1680451871,12.0,126392233706.79,7302.89176455799,East Asia & Pacific (excluding high income),Upper middle income,3.8319548128999994,1.4691397666300747,Suicidio mayor
Tonga,TON,TO,2000,1.0208039852,4.2,204849612.592276,3649.38479651862,East Asia & Pacific (excluding high income),Upper middle income,3.1791960148000005,4.114404000075607,Suicidio mayor
Trinidad and Tobago,TTO,TT,2000,9.4700033697,16.3,8154338232.95978,14547.2354243521,,High income,6.8299966303,1.7212243083411243,Suicidio mayor
Turkmenistan,TKM,TM,2000,5.9121442085,12.5,2904732773.48312,4275.01417489579,Europe & Central Asia (excluding high income),Upper middle income,6.5878557915,2.114292134827922,Suicidio mayor
Ukraine,UKR,UA,2000,9.0462237462,39.1,32375280320.5765,4265.12266190064,Europe & Central Asia (excluding high income),Lower middle income,30.053776253800002,4.322245513375074,Suicidio mayor
United Kingdom,GBR,GB,2000,1.5528660519,8.6,1662127402027.54,26472.1937143329,,High income,7.0471339481,5.538146699438449,Suicidio mayor
United States,USA,US,2000,5.5326219985,11.0,10252345464000.0,36334.9087770589,,High income,5.4673780015,1.9882074002131922,Suicidio mayor
Uruguay,URY,UY,2000,6.4462996132,16.0,22823255801.8447,10255.1008821721,,High income,9.5537003868,2.482044112134816,Suicidio mayor
Uzbekistan,UZB,UZ,2000,4.3116751726,10.1,13760513969.314,2661.61881858427,Europe & Central Asia (excluding high income),Lower middle income,5.788324827399999,2.3424770177920333,Suicidio mayor
"Venezuela, RB",VEN,VE,2000,33.159106794,5.4,117140723529.412,11748.9894765885,,Not classified,-27.759106794000004,0.1628511899776838,Homicidio mayor
"Yemen, Rep.",YEM,YE,2000,4.0036599311,6.1,9652436179.64605,2960.43152401627,Middle East & North Africa (excluding high income),Low income,2.0963400689,1.5236059268210709,Suicidio mayor
Zambia,ZMB,ZM,2000,7.6517323157,13.3,3600683039.73254,1644.91975295384,Sub-Saharan Africa (excluding high income),Lower middle income,5.6482676843,1.7381684893381273,Suicidio mayor
Albania,ALB,AL,2001,7.0294254946,4.5,3922100793.5403,4299.54649293767,Europe & Central Asia (excluding high income),Upper middle income,-2.5294254946,0.6401661136399976,Homicidio mayor
Antigua and Barbuda,ATG,AG,2001,9.0659482982,1.9,800481481.481481,16173.3262222136,,High income,-7.1659482982,0.20957542857124342,Homicidio mayor
Argentina,ARG,AR,2001,8.3942211703,10.3,268696750000.0,11226.8797464943,Latin America & Caribbean (excluding high income),Upper middle income,1.905778829700001,1.22703462191858,Suicidio mayor
Armenia,ARM,AM,2001,2.8845971037,3.1,2118467913.37873,2995.90884550107,Europe & Central Asia (excluding high income),Upper middle income,0.2154028963000001,1.074673477285167,Tasas similares
Australia,AUS,AU,2001,1.8077929526,12.2,379083932596.329,27439.8277870076,,High income,10.3922070474,6.7485604379936,Suicidio mayor
Austria,AUT,AT,2001,0.86443711868,18.6,197337879194.631,29702.7975286074,,High income,17.73556288132,21.5168918572149,Suicidio mayor
Azerbaijan,AZE,AZ,2001,2.6594138676,3.4,5707720390.8515,3772.94378267173,Europe & Central Asia (excluding high income),Upper middle income,0.7405861323999998,1.278477201846114,Suicidio mayor
"Bahamas, The",BHS,BS,2001,14.209333219,2.5,8317830000.0,28956.8955024979,,High income,-11.709333219,0.1759406976716632,Homicidio mayor
Bahrain,BHR,BH,2001,1.290230091,8.8,8976196808.51064,42094.5814216923,,High income,7.509769909000001,6.820488889062812,Suicidio mayor
Bangladesh,BGD,BD,2001,2.8273014839,5.7,53991289844.3291,1403.12621854246,South Asia,Lower middle income,2.8726985161000003,2.016056664794509,Suicidio mayor
Barbados,BRB,BB,2001,9.1745139343,1.6,3054500000.0,12630.94303922,,High income,-7.5745139343000005,0.1743961599990831,Homicidio mayor
Belarus,BLR,BY,2001,9.8762673906,43.3,12354820143.8849,6248.21138224153,Europe & Central Asia (excluding high income),Upper middle income,33.4237326094,4.384247437570586,Suicidio mayor
Belgium,BEL,BE,2001,2.7328160623,22.3,236541297539.15,28788.0628411374,,High income,19.5671839377,8.160080843945208,Suicidio mayor
Belize,BLZ,BZ,2001,25.09134819,6.0,868358750.0,5765.98287471288,Latin America & Caribbean (excluding high income),Lower middle income,-19.09134819,0.2391262499952578,Homicidio mayor
Bhutan,BTN,BT,2001,3.1475557573,4.9,461444513.66815,2923.11646372663,South Asia,Lower middle income,1.7524442427000002,1.55676352631264,Suicidio mayor
Bosnia and Herzegovina,BIH,BA,2001,2.1834561128,9.4,5800774717.40538,4791.89579244824,Europe & Central Asia (excluding high income),Upper middle income,7.2165438872,4.305101414631007,Suicidio mayor
Botswana,BWA,BW,2001,12.718893349,34.5,5489608299.66445,8507.00035088127,Sub-Saharan Africa (excluding high income),Upper middle income,21.781106651,2.7125001408013616,Suicidio mayor
Brazil,BRA,BR,2001,24.816980761,4.4,559983704094.17,9260.76838093081,Latin America & Caribbean (excluding high income),Upper middle income,-20.416980760999998,0.17729795749024477,Homicidio mayor
Bulgaria,BGR,BG,2001,3.8836420493,17.5,14183497963.1071,6958.97841729051,Europe & Central Asia (excluding high income),Upper middle income,13.6163579507,4.506079545398437,Suicidio mayor
Cambodia,KHM,KH,2001,3.2808264071,5.1,3984000517.02345,1164.58064562477,East Asia & Pacific (excluding high income),Lower middle income,1.8191735928999995,1.5544863906737478,Suicidio mayor
Cameroon,CMR,CM,2001,4.7398095664,10.8,10953485244.4239,2106.63429185235,Sub-Saharan Africa (excluding high income),Lower middle income,6.060190433600001,2.2785725562815937,Suicidio mayor
Canada,CAN,CA,2001,1.7940372678,12.2,738981792355.372,30230.8029655917,,High income,10.405962732199999,6.800304664217299,Suicidio mayor
China,CHN,CN,2001,1.996648031,12.9,1339395718862.89,3210.00939572914,East Asia & Pacific (excluding high income),Upper middle income,10.903351969000001,6.460828248000811,Suicidio mayor
Colombia,COL,CO,2001,69.157468276,4.9,98211749595.5442,6843.73903680457,Latin America & Caribbean (excluding high income),Upper middle income,-64.257468276,0.07085279612094283,Homicidio mayor
Costa Rica,CRI,CR,2001,6.3707309286,5.2,15976174337.0471,8142.67203460157,Latin America & Caribbean (excluding high income),Upper middle income,-1.1707309285999994,0.8162328715933898,Homicidio mayor
Croatia,HRV,HR,2001,1.837537627,19.7,23273640257.1968,11655.644078154,,High income,17.862462373,10.720868901151487,Suicidio mayor
Cuba,CUB,CU,2001,5.4188764636,15.3,31682400000.0,,Latin America & Caribbean (excluding high income),Upper middle income,9.8811235364,2.8234635173497815,Suicidio mayor
Cyprus,CYP,CY,2001,0.72895860973,2.1,10397897085.6102,22861.8854833861,,High income,1.37104139027,2.8808220000005513,Suicidio mayor
Czech Republic,CZE,CZ,2001,1.3143778626,16.2,67808032979.5429,17621.0541268449,,High income,14.885622137399999,12.325222800051137,Suicidio mayor
Denmark,DNK,DK,2001,0.97050069811,15.8,164791442543.375,29437.3103446499,,High income,14.829499301890001,16.280256192262083,Suicidio mayor
Dominican Republic,DOM,DO,2001,12.7346327,3.9,25601765400.5153,6973.54280520399,Latin America & Caribbean (excluding high income),Upper middle income,-8.8346327,0.30625147123403096,Homicidio mayor
Ecuador,ECU,EC,2001,12.838123497,6.9,24468324000.0,6094.3518297918,Latin America & Caribbean (excluding high income),Upper middle income,-5.938123496999999,0.5374617249641185,Homicidio mayor
El Salvador,SLV,SV,2001,60.570261419,6.8,12282533600.0,4574.67101474036,Latin America & Caribbean (excluding high income),Lower middle income,-53.770261419,0.11226631420591723,Homicidio mayor
Estonia,EST,EE,2001,9.8437997354,30.3,6254649538.98487,10314.2628230149,,High income,20.4562002646,3.078079686143551,Suicidio mayor
Eswatini,SWZ,SZ,2001,18.152974325,32.2,1542477308.89408,4837.106053724,Sub-Saharan Africa (excluding high income),Lower middle income,14.047025675000004,1.773814000037154,Suicidio mayor
Finland,FIN,FI,2001,2.9997259866,24.1,129421029082.774,27795.6749302444,,High income,21.1002740134,8.034067147351625,Suicidio mayor
France,FRA,FR,2001,1.7630974311,19.5,1376465324384.79,27490.0517282233,,High income,17.7369025689,11.060080773774317,Suicidio mayor
Georgia,GEO,GE,2001,6.1205762837,6.9,3219488663.77231,3377.05112661188,Europe & Central Asia (excluding high income),Upper middle income,0.7794237163000002,1.127344825090363,Tasas similares
Germany,DEU,DE,2001,1.1356117609,14.5,1944107382550.34,28368.543282612,,High income,13.3643882391,12.768448248993472,Suicidio mayor
Ghana,GHA,GH,2001,2.1916361596,5.8,5314909953.92992,1837.24933729614,Sub-Saharan Africa (excluding high income),Lower middle income,3.6083638404,2.6464246698040292,Suicidio mayor
Greece,GRC,GR,2001,1.185510156,3.1,136191353914.989,20954.7818531943,,High income,1.914489844,2.6149080075869042,Suicidio mayor
Grenada,GRD,GD,2001,5.8115883071,0.4,520444185.185185,7620.79834623061,Latin America & Caribbean (excluding high income),Upper middle income,-5.4115883071,0.06882799999981437,Homicidio mayor
Guatemala,GTM,GT,2001,27.086087889,10.7,18405203853.1036,4863.44667679621,Latin America & Caribbean (excluding high income),Upper middle income,-16.386087889000002,0.39503674520473675,Homicidio mayor
Guyana,GUY,GY,2001,10.735286619,34.7,712167575.624277,6299.05574417585,Latin America & Caribbean (excluding high income),Upper middle income,23.964713381000003,3.2323310249197923,Suicidio mayor
Honduras,HND,HN,2001,51.659441059,2.1,7565854723.75973,2648.81186176896,Latin America & Caribbean (excluding high income),Lower middle income,-49.559441059,0.04065084633032712,Homicidio mayor
Hungary,HUN,HU,2001,2.491795958,29.8,53749989092.0197,13207.9221677974,,High income,27.308204042,11.959245661478034,Suicidio mayor
Iceland,ISL,IS,2001,0.35346930119,12.8,8234846804.60582,31876.0270631376,,High income,12.446530698810001,36.21248000012208,Suicidio mayor
India,IND,IN,2001,4.3181391573,16.6,485441014538.638,2206.44816483846,South Asia,Lower middle income,12.281860842700002,3.844248505038794,Suicidio mayor
Ireland,IRL,IE,2001,1.3533726176,13.2,109252057270.694,32567.2821672353,,High income,11.8466273824,9.753411461366927,Suicidio mayor
Israel,ISR,IL,2001,3.184461675,6.4,130816321183.156,24944.6317328443,,High income,3.2155383250000003,2.0097588393805994,Suicidio mayor
Italy,ITA,IT,2001,1.2465901627,7.3,1167012796420.58,28033.7358660572,,High income,6.0534098373,5.8559743357743725,Suicidio mayor
Jamaica,JAM,JM,2001,42.584119526,1.9,9194717835.99985,6533.37375669328,Latin America & Caribbean (excluding high income),Upper middle income,-40.684119526,0.04461757155363851,Homicidio mayor
Japan,JPN,JP,2001,0.54575141372,23.2,4374711694090.87,27942.346651133,,High income,22.654248586279998,42.51019679795617,Suicidio mayor
Kazakhstan,KAZ,KZ,2001,14.486720406,39.0,22152694161.8882,8985.65550061219,Europe & Central Asia (excluding high income),Upper middle income,24.513279594,2.6921207082762,Suicidio mayor
Kiribati,KIR,KI,2001,4.6596151158,31.1,63101272.3699183,1567.13680452357,East Asia & Pacific (excluding high income),Lower middle income,26.4403848842,6.674370999987732,Suicidio mayor
"Korea, Rep.",KOR,KR,2001,0.85346244774,15.6,547658231279.87,19724.4259457229,,High income,14.74653755226,18.27848435664554,Suicidio mayor
Kuwait,KWT,KW,2001,1.8542528716,2.6,34887512226.9319,55943.358109176,,High income,0.7457471284000001,1.4021819999968552,Suicidio mayor
Kyrgyz Republic,KGZ,KG,2001,7.7778062113,14.1,1525116370.27939,1987.03171156194,Europe & Central Asia (excluding high income),Lower middle income,6.3221937887,1.8128505155495889,Suicidio mayor
Latvia,LVA,LV,2001,9.2848188125,32.2,8362398701.58943,9044.54639240756,,High income,22.915181187500004,3.4680267488526186,Suicidio mayor
Lithuania,LTU,LT,2001,10.162300284,47.1,12237388001.7264,9436.05410916216,,High income,36.937699716,4.634777430672506,Suicidio mayor
Luxembourg,LUX,LU,2001,2.0445391495,16.7,21369028187.9195,56125.2294489236,,High income,14.655460850499999,8.168099888957396,Suicidio mayor
Malawi,MWI,MW,2001,7.8726375199,9.8,1716502862.2954,914.713240954178,Sub-Saharan Africa (excluding high income),Low income,1.927362480100001,1.244817886664809,Suicidio mayor
Malaysia,MYS,MY,2001,2.1805959438,4.5,92783947368.4211,12976.6757909642,East Asia & Pacific (excluding high income),Upper middle income,2.3194040562,2.0636560444839254,Suicidio mayor
Maldives,MDV,MV,2001,2.4449109179,3.7,870030468.628748,8104.62618559633,South Asia,Upper middle income,1.2550890821,1.5133475714436377,Suicidio mayor
Malta,MLT,MT,2001,1.5139128592,7.2,4088368978.34589,18510.598452046,,High income,5.6860871408,4.755887999924059,Suicidio mayor
Mexico,MEX,MX,2001,10.254426223,3.8,756706300589.791,11136.0219119709,Latin America & Caribbean (excluding high income),Upper middle income,-6.454426223,0.3705716845938051,Homicidio mayor
Moldova,MDA,MD,2001,9.8158700407,18.6,1480673594.05602,3351.09425092293,Europe & Central Asia (excluding high income),Upper middle income,8.784129959300001,1.8948906131476837,Suicidio mayor
Morocco,MAR,MA,2001,1.8642929971,9.9,39459581217.3759,3878.29043834641,Middle East & North Africa (excluding high income),Lower middle income,8.0357070029,5.3103240828560425,Suicidio mayor
Mozambique,MOZ,MZ,2001,6.0366974128,12.4,5398568543.63492,532.549896830386,Sub-Saharan Africa (excluding high income),Low income,6.363302587200001,2.0541032872887546,Suicidio mayor
Myanmar,MMR,MM,2001,1.9396457212,4.4,6220271055.11329,939.087183797067,East Asia & Pacific (excluding high income),Lower middle income,2.4603542788000006,2.2684554977791787,Suicidio mayor
Namibia,NAM,,2001,19.356604029,18.8,3557333364.30795,5293.6097178686,Sub-Saharan Africa (excluding high income),Upper middle income,-0.556604028999999,0.9712447478821131,Tasas similares
Nepal,NPL,NP,2001,3.48295915,8.1,6007055042.17687,1426.45437388067,South Asia,Lower middle income,4.6170408499999995,2.3256086710060897,Suicidio mayor
Netherlands,NLD,NL,2001,1.261072466,9.6,431213422818.792,33180.1829172939,,High income,8.338927534,7.612568079017912,Suicidio mayor
New Zealand,NZL,NZ,2001,1.3050350555,13.9,53872425916.6248,22508.9367053708,,High income,12.594964944500001,10.651054882716902,Suicidio mayor
Nicaragua,NIC,NI,2001,10.436573329,5.2,5323146565.70315,2885.20362106677,Latin America & Caribbean (excluding high income),Lower middle income,-5.236573329,0.4982478286767567,Homicidio mayor
North Macedonia,MKD,MK,2001,2.6923250136,12.8,3709637829.94866,6049.91561735376,Europe & Central Asia (excluding high income),Upper middle income,10.107674986400001,4.754255127201259,Suicidio mayor
Norway,NOR,NO,2001,0.81801598403,14.2,173972218824.027,37764.3084400157,,High income,13.38198401597,17.3590740000494,Suicidio mayor
Pakistan,PAK,PK,2001,6.57151981,8.9,79484403984.8849,2709.02790116832,South Asia,Lower middle income,2.3284801900000005,1.354329022406158,Suicidio mayor
Panama,PAN,PA,2001,9.9040632876,5.7,12502013400.0,8435.28877096758,Latin America & Caribbean (excluding high income),Upper middle income,-4.2040632875999995,0.5755213627457798,Homicidio mayor
Papua New Guinea,PNG,PG,2001,7.2975266908,2.3,3081024212.42924,2079.35580323136,East Asia & Pacific (excluding high income),Lower middle income,-4.9975266908,0.31517527752239843,Homicidio mayor
Paraguay,PRY,PY,2001,24.205840276,3.1,8495806432.18467,6612.67734769259,Latin America & Caribbean (excluding high income),Upper middle income,-21.105840276,0.12806826636271076,Homicidio mayor
Philippines,PHL,PH,2001,7.3450348575,1.5,78921234457.233,3545.73414226395,East Asia & Pacific (excluding high income),Lower middle income,-5.8450348575,0.20421958902868284,Homicidio mayor
Poland,POL,PL,2001,2.014036746,17.2,190905493539.168,11119.7151496001,,High income,15.185963253999999,8.540062654844927,Suicidio mayor
Portugal,PRT,PT,2001,1.0153309167,8.8,121498889485.459,19524.8867396317,,High income,7.784669083300001,8.667125028164723,Suicidio mayor
Qatar,QAT,QA,2001,0.81299094491,8.0,17538461538.4615,99035.2578440416,,High income,7.18700905509,9.840207999961942,Suicidio mayor
Romania,ROU,RO,2001,3.1788109828,12.3,40394824679.1232,6518.67529177843,Europe & Central Asia (excluding high income),Upper middle income,9.1211890172,3.869371304727833,Suicidio mayor
Russian Federation,RUS,RU,2001,29.432069069,52.4,306602070620.5,7361.36367852645,Europe & Central Asia (excluding high income),Upper middle income,22.967930930999998,1.7803709238774346,Suicidio mayor
Saudi Arabia,SAU,SA,2001,1.0800538763,3.3,184137469733.333,39240.7606943058,,High income,2.2199461236999998,3.0554031353556095,Suicidio mayor
Serbia,SRB,RS,2001,2.5821481751,21.8,12960538723.7591,6481.9926123849,Europe & Central Asia (excluding high income),Upper middle income,19.217851824900002,8.44258288901478,Suicidio mayor
Singapore,SGP,SG,2001,0.78486197466,11.3,89794943349.8912,43136.4302832781,,High income,10.51513802534,14.397435937567405,Suicidio mayor
Slovak Republic,SVK,SK,2001,2.1851872085,13.9,30752150335.5705,12385.9884335137,,High income,11.7148127915,6.361011059341464,Suicidio mayor
Slovenia,SVN,SI,2001,1.4088355119,30.9,20876309970.385,18948.2038933955,,High income,29.491164488099997,21.933007607344653,Suicidio mayor
South Africa,ZAF,ZA,2001,46.1,23.0,135429607036.658,8801.28892918131,Sub-Saharan Africa (excluding high income),Upper middle income,-23.1,0.4989154013015184,Homicidio mayor
Spain,ESP,ES,2001,1.3964374292,8.0,627286800894.855,22949.1818514072,,High income,6.6035625708,5.728863916647588,Suicidio mayor
St. Lucia,LCA,LC,2001,21.493956405,7.3,892592592.592592,9062.02137558626,Latin America & Caribbean (excluding high income),Upper middle income,-14.193956404999998,0.33963035294432103,Homicidio mayor
St. Vincent and the Grenadines,VCT,VC,2001,11.122130259,5.2,430040740.740741,6460.38229204714,Latin America & Caribbean (excluding high income),Upper middle income,-5.922130259,0.46753633331997463,Homicidio mayor
Suriname,SUR,SR,2001,16.576649167,24.2,834279357.798165,8033.46845014987,Latin America & Caribbean (excluding high income),Upper middle income,7.623350833,1.4598849113713646,Suicidio mayor
Sweden,SWE,SE,2001,0.97776956601,16.0,242395852494.409,29927.5992711839,,High income,15.02223043399,16.363773793135593,Suicidio mayor
Switzerland,CHE,CH,2001,1.1979093974,19.6,287226531168.523,37896.6969577575,,High income,18.4020906026,16.361838418281703,Suicidio mayor
Syrian Arab Republic,SYR,SY,2001,2.2425596671,1.4,86771314031.1804,,Middle East & North Africa (excluding high income),Low income,-0.8425596671000002,0.6242866223534783,Homicidio mayor
Tajikistan,TJK,TJ,2001,3.6875782423,3.6,1080768906.5003,1155.2719806908,Europe & Central Asia (excluding high income),Lower middle income,-0.08757824229999978,0.9762504721132708,Tasas similares
Thailand,THA,TH,2001,7.9006358123,10.9,120296476180.402,7648.85517154723,East Asia & Pacific (excluding high income),Upper middle income,2.9993641877000004,1.3796357988088097,Suicidio mayor
Tonga,TON,TO,2001,6.0924839057,4.2,181116952.7897,3848.81473265295,East Asia & Pacific (excluding high income),Upper middle income,-1.8924839056999998,0.6893739999986818,Homicidio mayor
Trinidad and Tobago,TTO,TT,2001,11.874551264,16.3,8824873259.32105,15431.612378244,,High income,4.425448736,1.3726834503141692,Suicidio mayor
Turkmenistan,TKM,TM,2001,5.4337263948,13.5,3534803921.56863,4510.65574324292,Europe & Central Asia (excluding high income),Upper middle income,8.0662736052,2.484482842735569,Suicidio mayor
Ukraine,UKR,UA,2001,10.028584151,36.7,39309580983.2282,4792.33830734275,Europe & Central Asia (excluding high income),Lower middle income,26.671415849000002,3.659539516985602,Suicidio mayor
United Kingdom,GBR,GB,2001,1.6338466177,8.3,1643908161796.46,27807.1693211993,,High income,6.666153382300001,5.0800362225458375,Suicidio mayor
United States,USA,US,2001,6.6874439703,11.4,10581821399000.0,37133.2428088526,,High income,4.7125560297,1.7046871795306562,Suicidio mayor
Uruguay,URY,UY,2001,6.5554623691,14.5,20898788416.6348,10059.7877241318,,High income,7.9445376309,2.21189584862047,Suicidio mayor
Uzbekistan,UZB,UZ,2001,4.3053056739,10.0,11401421329.1974,2797.61377487244,Europe & Central Asia (excluding high income),Lower middle income,5.6946943261,2.3227154486667168,Suicidio mayor
"Venezuela, RB",VEN,VE,2001,32.296712986,5.7,122903960204.505,12185.5431085935,,Not classified,-26.596712986000004,0.1764885486170323,Homicidio mayor
Vietnam,VNM,VN,2001,1.2434591448,6.1,32685198735.3053,2134.43833474013,East Asia & Pacific (excluding high income),Lower middle income,4.8565408552,4.905669820765308,Suicidio mayor
Zimbabwe,ZWE,ZW,2001,12.822979316,12.8,6777384700.0,2347.49946487563,Sub-Saharan Africa (excluding high income),Lower middle income,-0.022979315999998917,0.9982079581169311,Tasas similares
Albania,ALB,AL,2002,6.9093843834,4.6,4348068242.19512,4661.40269532788,Europe & Central Asia (excluding high income),Upper middle income,-2.3093843834000003,0.6657611944490505,Homicidio mayor
Antigua and Barbuda,ATG,AG,2002,6.3858591535,1.3,814381481.481481,16367.734900892,,High income,-5.0858591535,0.2035747999996975,Homicidio mayor
Argentina,ARG,AR,2002,9.4740840412,10.2,97724004251.8602,10052.4882560869,Latin America & Caribbean (excluding high income),Upper middle income,0.7259159587999999,1.076621228568715,Tasas similares
Armenia,ARM,AM,2002,2.274243435,3.5,2376335048.39976,3463.98606346213,Europe & Central Asia (excluding high income),Upper middle income,1.2257565650000002,1.5389733333450297,Suicidio mayor
Australia,AUS,AU,2002,1.8864651077,11.3,395342716617.832,28768.7286317056,,High income,9.413534892300001,5.990039229390832,Suicidio mayor
Austria,AUT,AT,2002,0.79907523638,19.3,213377771503.858,31178.6933297272,,High income,18.500924763620002,24.15291967679235,Suicidio mayor
Azerbaijan,AZE,AZ,2002,2.5612943719,3.6,6235856819.58445,4163.19998698029,Europe & Central Asia (excluding high income),Upper middle income,1.0387056281000002,1.4055393395994056,Suicidio mayor
"Bahamas, The",BHS,BS,2002,16.901939498,2.3,8881160000.0,29715.6952831507,,High income,-14.601939498,0.13607905768874382,Homicidio mayor
Bahrain,BHR,BH,2002,1.0882280926,9.2,9593510638.29787,41932.5835516097,,High income,8.1117719074,8.454110000063785,Suicidio mayor
Bangladesh,BGD,BD,2002,2.6442110871,5.3,54724081490.5102,1453.26225725918,South Asia,Lower middle income,2.6557889129,2.0043785558030836,Suicidio mayor
Barbados,BRB,BB,2002,9.1433420012,0.3,3106500000.0,12887.8262164847,,High income,-8.8433420012,0.03281076000007733,Homicidio mayor
Belarus,BLR,BY,2002,10.147823728,44.3,14594249022.8922,6709.84550284634,Europe & Central Asia (excluding high income),Upper middle income,34.152176272,4.365468024219507,Suicidio mayor
Belgium,BEL,BE,2002,3.0777011483,20.9,257157820440.429,30282.2886450283,,High income,17.822298851699998,6.790782793041595,Suicidio mayor
Belize,BLZ,BZ,2002,33.157130498,6.1,925197950.0,5963.26135829195,Latin America & Caribbean (excluding high income),Lower middle income,-27.057130498,0.1839724942533234,Homicidio mayor
Bhutan,BTN,BT,2002,3.0842904103,4.7,520849551.532606,3229.50883026657,South Asia,Lower middle income,1.6157095897000002,1.5238513157854174,Suicidio mayor
Bosnia and Herzegovina,BIH,BA,2002,2.3940060473,9.8,6728771313.86805,5196.52975386123,Europe & Central Asia (excluding high income),Upper middle income,7.405993952700001,4.093556911041476,Suicidio mayor
Botswana,BWA,BW,2002,14.959196591,32.7,5438857106.73536,9004.94805006357,Sub-Saharan Africa (excluding high income),Upper middle income,17.740803409,2.1859462706488877,Suicidio mayor
Brazil,BRA,BR,2002,25.390251222,4.4,509795270685.19,9568.06602729728,Latin America & Caribbean (excluding high income),Upper middle income,-20.990251221999998,0.17329485878373324,Homicidio mayor
Bulgaria,BGR,BG,2002,3.2417004206,17.5,16402846413.0958,7786.4484224601,Europe & Central Asia (excluding high income),Upper middle income,14.2582995794,5.398401372561429,Suicidio mayor
Burkina Faso,BFA,BF,2002,0.63450243661,8.0,3622350203.94595,1005.42999058038,Sub-Saharan Africa (excluding high income),Low income,7.36549756339,12.608304615411964,Suicidio mayor
Cambodia,KHM,KH,2002,3.362948646,5.1,4284028482.53766,1237.65377684645,East Asia & Pacific (excluding high income),Lower middle income,1.7370513539999997,1.5165262800150412,Suicidio mayor
Cameroon,CMR,CM,2002,6.3028786916,10.6,12417251815.8801,2177.16850000849,Sub-Saharan Africa (excluding high income),Lower middle income,4.2971213083999995,1.6817712221126637,Suicidio mayor
Canada,CAN,CA,2002,1.8666853121,11.9,760649334098.005,30963.0530022941,,High income,10.0333146879,6.37493632315167,Suicidio mayor
China,CHN,CN,2002,2.0098638205,12.2,1470550015077.93,3534.84912978684,East Asia & Pacific (excluding high income),Upper middle income,10.1901361795,6.070062994101246,Suicidio mayor
Colombia,COL,CO,2002,69.447701296,4.7,97963003804.7851,7018.08201847342,Latin America & Caribbean (excluding high income),Upper middle income,-64.747701296,0.0676768260473829,Homicidio mayor
Costa Rica,CRI,CR,2002,6.2912681587,7.0,16578820687.2209,8414.65774949844,Latin America & Caribbean (excluding high income),Upper middle income,0.7087318412999997,1.1126532558177347,Tasas similares
Croatia,HRV,HR,2002,1.6606753443,19.5,27074550257.8118,12769.7752890383,,High income,17.8393246557,11.742210822199898,Suicidio mayor
Cuba,CUB,CU,2002,5.9019627732,14.7,33590500000.0,,Latin America & Caribbean (excluding high income),Upper middle income,8.798037226799998,2.490696835085215,Suicidio mayor
Cyprus,CYP,CY,2002,0.20471499578,2.2,11420227884.6154,23556.4086128116,,High income,1.99528500422,10.74664800015072,Suicidio mayor
Czech Republic,CZE,CZ,2002,1.3557980949,15.4,82196001050.7474,18252.5727653685,,High income,14.0442019051,11.358623424777614,Suicidio mayor
Denmark,DNK,DK,2002,0.89338925454,14.9,178635163717.431,30640.3456230968,,High income,14.00661074546,16.67806045828468,Suicidio mayor
Dominican Republic,DOM,DO,2002,14.659069471,4.1,27137508656.8522,7295.05736783111,Latin America & Caribbean (excluding high income),Upper middle income,-10.559069471,0.27969033151190253,Homicidio mayor
Ecuador,ECU,EC,2002,14.501503219,7.9,28548945000.0,6332.18587423771,Latin America & Caribbean (excluding high income),Upper middle income,-6.601503219,0.544771109635679,Homicidio mayor
El Salvador,SLV,SV,2002,47.550048733,5.3,12664190300.0,4692.30731825899,Latin America & Caribbean (excluding high income),Lower middle income,-42.250048733,0.11146150511349046,Homicidio mayor
Estonia,EST,EE,2002,10.269487256,29.3,7367975887.72723,11663.2715046648,,High income,19.030512744,2.8531122605835386,Suicidio mayor
Eswatini,SWZ,SZ,2002,13.149450373,37.2,1432228125.26682,5101.42952973323,Sub-Saharan Africa (excluding high income),Lower middle income,24.050549627000002,2.8290155820035965,Suicidio mayor
Finland,FIN,FI,2002,2.531952473,22.0,139738377564.465,28605.1223159604,,High income,19.468047527,8.688946666496136,Suicidio mayor
France,FRA,FR,2002,1.871130009,19.8,1494286655373.61,28523.8861886505,,High income,17.928869991,10.581840868760285,Suicidio mayor
Georgia,GEO,GE,2002,6.8567569465,8.2,3395728013.84524,3650.85722618158,Europe & Central Asia (excluding high income),Upper middle income,1.3432430534999993,1.1959006369892768,Tasas similares
Germany,DEU,DE,2002,1.1712743578,14.6,2068624129493.69,29178.6374658122,,High income,13.4287256422,12.465055606120433,Suicidio mayor
Ghana,GHA,GH,2002,1.9806013679,6.1,6166330136.2948,1903.1467390689,Sub-Saharan Africa (excluding high income),Lower middle income,4.119398632099999,3.0798726583066696,Suicidio mayor
Greece,GRC,GR,2002,0.84061358353,2.9,153830946734.425,22615.9356074635,,High income,2.0593864164699998,3.4498609787174632,Suicidio mayor
Grenada,GRD,GD,2002,13.508819329,3.2,540336925.925926,7976.99384901288,Latin America & Caribbean (excluding high income),Upper middle income,-10.308819328999999,0.23688228571762848,Homicidio mayor
Guatemala,GTM,GT,2002,29.740711127,10.5,20444205991.025,5013.51161965312,Latin America & Caribbean (excluding high income),Upper middle income,-19.240711127,0.35305141007430757,Homicidio mayor
Guyana,GUY,GY,2002,19.200068744,34.5,726131434.715338,6474.78832851104,Latin America & Caribbean (excluding high income),Upper middle income,15.299931256,1.796868566461837,Suicidio mayor
Honduras,HND,HN,2002,52.285472619,2.1,7775251509.62716,2720.27367721583,Latin America & Caribbean (excluding high income),Lower middle income,-50.185472618999995,0.04016412006643853,Homicidio mayor
Hungary,HUN,HU,2002,1.9965996826,28.6,67608919144.3684,14526.3882629125,,High income,26.603400317400002,14.324353674521616,Suicidio mayor
Iceland,ISL,IS,2002,1.4018904493,12.2,9318395054.85934,32607.1058796568,,High income,10.7981095507,8.702534499818993,Suicidio mayor
India,IND,IN,2002,4.1832325096,16.1,514937948870.08,2287.63002432831,South Asia,Lower middle income,11.916767490400002,3.848698336287189,Suicidio mayor
Ireland,IRL,IE,2002,1.3306055919,12.2,127985972143.798,35222.028724352,,High income,10.8693944081,9.168757499793278,Suicidio mayor
Israel,ISR,IL,2002,3.3715272256,5.9,121148475241.673,25230.0115735794,,High income,2.5284727744000004,1.7499487932950122,Suicidio mayor
Italy,ITA,IT,2002,1.1262182722,7.4,1270712309429.7,28736.5771073504,,High income,6.2737817278,6.570662350864316,Suicidio mayor
Jamaica,JAM,JM,2002,38.806569859,1.8,9719017925.92929,6723.67797400257,Latin America & Caribbean (excluding high income),Upper middle income,-37.006569859,0.046383898565117446,Homicidio mayor
Japan,JPN,JP,2002,0.51761989459,23.8,4182846045873.61,28623.5884479367,,High income,23.282380105410002,45.979685573816035,Suicidio mayor
Kazakhstan,KAZ,KZ,2002,13.13418692,38.2,24636593223.3467,10021.8969616521,Europe & Central Asia (excluding high income),Upper middle income,25.065813080000005,2.9084404107140576,Suicidio mayor
"Korea, Rep.",KOR,KR,2002,0.77238089887,19.0,627246081417.004,21396.8377455369,,High income,18.22761910113,24.59926187687599,Suicidio mayor
Kuwait,KWT,KW,2002,1.0762796848,2.8,38137545245.1464,57617.5352981834,,High income,1.7237203151999998,2.601554260982182,Suicidio mayor
Kyrgyz Republic,KGZ,KG,2002,8.2340340877,14.0,1605643104.73021,1999.67267333691,Europe & Central Asia (excluding high income),Lower middle income,5.7659659123,1.7002601459852105,Suicidio mayor
Latvia,LVA,LV,2002,9.1745951174,31.5,9557031605.27512,10081.1918636281,,High income,22.325404882599997,3.433394018691783,Suicidio mayor
Lithuania,LTU,LT,2002,8.505630408,47.0,14259781159.0119,10480.7210077901,,High income,38.494369592,5.525751501710442,Suicidio mayor
Luxembourg,LUX,LU,2002,1.352182761,16.1,23537637869.377,58575.6792717544,,High income,14.747817239000002,11.906674500193544,Suicidio mayor
Malawi,MWI,MW,2002,4.8405012164,8.8,3495748397.63025,922.255371141584,Sub-Saharan Africa (excluding high income),Low income,3.959498783600001,1.8179935520282293,Suicidio mayor
Malaysia,MYS,MY,2002,2.3339014972,4.5,100845526315.789,13606.0510296712,East Asia & Pacific (excluding high income),Upper middle income,2.1660985028,1.9281019380632327,Suicidio mayor
Maldives,MDV,MV,2002,2.7193772626,3.5,897031250.0,8594.78380590605,South Asia,Upper middle income,0.7806227373999999,1.2870593750032482,Suicidio mayor
Malta,MLT,MT,2002,1.5048154093,5.7,4470446391.44639,19599.9414329873,,High income,4.1951845907,3.7878400000246466,Suicidio mayor
Mexico,MEX,MX,2002,9.9208569732,3.9,772106378935.377,11187.4769618308,Latin America & Caribbean (excluding high income),Upper middle income,-6.020856973199999,0.39311120103186453,Homicidio mayor
Moldova,MDA,MD,2002,9.5973699856,17.7,1661818168.4226,3678.12846682428,Europe & Central Asia (excluding high income),Upper middle income,8.102630014399999,1.844255251861424,Suicidio mayor
Montenegro,MNE,ME,2002,4.4019035787,20.2,1284685050.52413,7100.32463176472,Europe & Central Asia (excluding high income),Upper middle income,15.798096421299999,4.58892377782741,Suicidio mayor
Morocco,MAR,MA,2002,1.5685068273,9.6,42236836820.6152,4014.23916540692,Middle East & North Africa (excluding high income),Lower middle income,8.0314931727,6.120470649480864,Suicidio mayor
Mozambique,MOZ,MZ,2002,5.5424848249,12.3,5677003239.29386,574.149654439252,Sub-Saharan Africa (excluding high income),Low income,6.757515175100001,2.219221231737323,Suicidio mayor
Myanmar,MMR,MM,2002,1.7064215725,4.4,6110633153.68778,1054.92519029011,East Asia & Pacific (excluding high income),Lower middle income,2.6935784275000003,2.578495297357125,Suicidio mayor
Namibia,NAM,,2002,18.687358866,18.7,3349184760.02543,5550.08102115218,Sub-Saharan Africa (excluding high income),Upper middle income,0.012641133999998999,1.0006764537509363,Tasas similares
Nepal,NPL,NP,2002,3.4700841738,8.0,6050875806.66403,1428.54947569054,South Asia,Lower middle income,4.5299158262,2.305419580424588,Suicidio mayor
Netherlands,NLD,NL,2002,1.210401633,10.0,471613965744.401,34447.2053180645,,High income,8.789598367,8.26172051273166,Suicidio mayor
New Zealand,NZL,NZ,2002,1.5139273749,12.5,66627729311.4495,23306.2795376277,,High income,10.9860726251,8.256670833252928,Suicidio mayor
Nicaragua,NIC,NI,2002,10.614401405,5.0,5224213017.54386,2911.09479290476,Latin America & Caribbean (excluding high income),Lower middle income,-5.614401405000001,0.47105812275430897,Homicidio mayor
North Macedonia,MKD,MK,2002,2.9283577282,9.7,4018365247.44444,6395.22634785465,Europe & Central Asia (excluding high income),Upper middle income,6.771642271799999,3.312436833310794,Suicidio mayor
Norway,NOR,NO,2002,1.0118747906,12.1,195524186477.617,37980.3539761745,,High income,11.0881252094,11.958001239288903,Suicidio mayor
Oman,OMN,OM,2002,1.1992153705,5.9,20142756046.814,42677.7036960788,,High income,4.7007846295,4.919883571488963,Suicidio mayor
Pakistan,PAK,PK,2002,6.3296685426,9.1,79904985384.8652,2753.54073972718,South Asia,Lower middle income,2.7703314573999993,1.437674017012911,Suicidio mayor
Panama,PAN,PA,2002,11.939559157,5.3,12994310400.0,8594.07054624109,Latin America & Caribbean (excluding high income),Upper middle income,-6.639559157,0.4439024867088734,Homicidio mayor
Papua New Guinea,PNG,PG,2002,7.7066602434,2.3,2999511040.19764,2066.01305723403,East Asia & Pacific (excluding high income),Lower middle income,-5.4066602434,0.29844315531747034,Homicidio mayor
Paraguay,PRY,PY,2002,24.801345202,3.6,7196260656.84556,6590.16727798235,Latin America & Caribbean (excluding high income),Upper middle income,-21.201345202,0.1451534169085995,Homicidio mayor
Philippines,PHL,PH,2002,8.0538057643,1.7,84307291974.4733,3657.97035711492,East Asia & Pacific (excluding high income),Lower middle income,-6.3538057643,0.21108033267148904,Homicidio mayor
Poland,POL,PL,2002,1.8602891658,17.3,199072058823.529,11804.2662616751,,High income,15.439710834200001,9.299629497417568,Suicidio mayor
Portugal,PRT,PT,2002,1.1457739284,12.5,134156091661.961,20356.647299736,,High income,11.3542260716,10.909656512655555,Suicidio mayor
Romania,ROU,RO,2002,3.0018379851,14.2,46066101951.2933,7162.36577844649,Europe & Central Asia (excluding high income),Upper middle income,11.1981620149,4.730435176876129,Suicidio mayor
Russian Federation,RUS,RU,2002,30.473287576,52.0,345470494417.863,8037.47453541558,Europe & Central Asia (excluding high income),Upper middle income,21.526712424,1.7064125382045716,Suicidio mayor
Saudi Arabia,SAU,SA,2002,1.3070203687,3.4,189605920240.0,37667.0237662961,,High income,2.0929796313,2.6013366596434437,Suicidio mayor
Serbia,SRB,RS,2002,2.1398466843,22.4,17120906918.3503,7224.61832047595,Europe & Central Asia (excluding high income),Upper middle income,20.2601533157,10.468039679827635,Suicidio mayor
Singapore,SGP,SG,2002,0.75528572093,12.4,92537752708.5893,45120.4076999013,,High income,11.64471427907,16.417628000078707,Suicidio mayor
Slovak Republic,SVK,SK,2002,2.2406892879,14.6,35130340673.8189,13312.203306834,,High income,12.3593107121,6.515852099102633,Suicidio mayor
Slovenia,SVN,SI,2002,1.8115349488,29.1,23489890274.3142,20241.5256786998,,High income,27.288465051200003,16.063725416546045,Suicidio mayor
South Africa,ZAF,ZA,2002,45.8,24.3,129088132201.846,9154.891518853,Sub-Saharan Africa (excluding high income),Upper middle income,-21.499999999999996,0.5305676855895197,Homicidio mayor
Spain,ESP,ES,2002,1.3454329101,8.3,705394315829.098,24371.5988492666,,High income,6.954567089900001,6.169018118772715,Suicidio mayor
St. Lucia,LCA,LC,2002,26.350130496,6.8,900000000.0,9173.64072440385,Latin America & Caribbean (excluding high income),Upper middle income,-19.550130495999998,0.2580632380941056,Homicidio mayor
St. Vincent and the Grenadines,VCT,VC,2002,18.502243397,6.6,461885185.185185,6964.36556864107,Latin America & Caribbean (excluding high income),Upper middle income,-11.902243397000001,0.35671350000022917,Homicidio mayor
Suriname,SUR,SR,2002,11.820134874,24.4,1093574468.08511,8290.67474808246,Latin America & Caribbean (excluding high income),Upper middle income,12.579865125999998,2.0642742456070553,Suicidio mayor
Sweden,SWE,SE,2002,1.1321977651,15.5,266849061835.659,30926.5055989396,,High income,14.367802234900001,13.690187772655586,Suicidio mayor
Switzerland,CHE,CH,2002,1.1910733759,20.9,310175772488.13,38814.3717381965,,High income,19.7089266241,17.547197698216973,Suicidio mayor
Syrian Arab Republic,SYR,SY,2002,2.1539831011,1.4,90558485523.3853,,Middle East & North Africa (excluding high income),Low income,-0.7539831011000002,0.6499586739028014,Homicidio mayor
Tajikistan,TJK,TJ,2002,2.8007451849,3.5,1221120798.81336,1278.36694213755,Europe & Central Asia (excluding high income),Lower middle income,0.6992548151000002,1.2496674166825237,Suicidio mayor
Thailand,THA,TH,2002,7.0829783715,11.0,134300851255.002,8179.39791825619,East Asia & Pacific (excluding high income),Upper middle income,3.9170216284999997,1.5530190017607624,Suicidio mayor
Tonga,TON,TO,2002,6.0591983681,4.2,182763693.916873,4076.8406453827,East Asia & Pacific (excluding high income),Upper middle income,-1.8591983680999995,0.6931609999949558,Homicidio mayor
Trinidad and Tobago,TTO,TT,2002,13.388557872,15.3,9008273720.93395,16845.8782346019,,High income,1.911442128000001,1.1427668421255042,Tasas similares
Turkmenistan,TKM,TM,2002,5.2277453147,14.1,4461978498.86577,4548.01832877158,Europe & Central Asia (excluding high income),Upper middle income,8.8722546853,2.69714746056047,Suicidio mayor
Ukraine,UKR,UA,2002,8.9537245629,36.0,43956369917.0202,5177.01359617013,Europe & Central Asia (excluding high income),Lower middle income,27.0462754371,4.020673156416602,Suicidio mayor
United Kingdom,GBR,GB,2002,1.8659517144,8.3,1784076738609.11,29062.1238667812,,High income,6.434048285600001,4.448132251197551,Suicidio mayor
United States,USA,US,2002,5.6492059547,11.8,10936419054000.0,38023.1611144021,,High income,6.1507940453000005,2.0887891315385114,Suicidio mayor
Uruguay,URY,UY,2002,6.9451835603,19.8,13606494599.4261,9427.15285991748,,High income,12.8548164397,2.850896571428377,Suicidio mayor
Uzbekistan,UZB,UZ,2002,4.1602578511,9.7,9687788512.80184,2918.84534965641,Europe & Central Asia (excluding high income),Lower middle income,5.539742148899999,2.3315862495001975,Suicidio mayor
"Venezuela, RB",VEN,VE,2002,38.314119767,5.4,92893587733.6549,11078.0770450801,,Not classified,-32.914119767,0.1409402077573247,Homicidio mayor
Vietnam,VNM,VN,2002,1.3086499949,6.1,35064105500.8344,2282.85832742968,East Asia & Pacific (excluding high income),Lower middle income,4.7913500051,4.661292189487327,Suicidio mayor
Zimbabwe,ZWE,ZW,2002,13.576712567,13.4,6342116400.0,2167.01921456762,Sub-Saharan Africa (excluding high income),Lower middle income,-0.17671256699999915,0.9869841416964573,Tasas similares
Albania,ALB,AL,2003,5.3238965663,4.8,5611496257.14231,5000.04936305629,Europe & Central Asia (excluding high income),Upper middle income,-0.5238965663000004,0.9015952771103332,Tasas similares
Algeria,DZA,DZ,2003,2.01461938,4.1,67863828412.6882,10019.3578919395,Middle East & North Africa (excluding high income),Lower middle income,2.0853806199999996,2.035123875359523,Suicidio mayor
Antigua and Barbuda,ATG,AG,2003,6.3042957471,1.3,856396296.296296,17458.8837289464,,High income,-5.0042957471000005,0.20620860000072253,Homicidio mayor
Argentina,ARG,AR,2003,7.7898824786,9.7,127586973492.177,11025.1860988296,Latin America & Caribbean (excluding high income),Upper middle income,1.9101175213999992,1.2452049214667082,Suicidio mayor
Armenia,ARM,AM,2003,2.5182757234,2.6,2807061008.69084,4043.65506161727,Europe & Central Asia (excluding high income),Upper middle income,0.08172427660000015,1.0324524736670462,Tasas similares
Australia,AUS,AU,2003,1.5389191376,10.5,467390797903.32,29807.4095606,,High income,8.9610808624,6.822970579451711,Suicidio mayor
Austria,AUT,AT,2003,0.61155683412,18.2,261695778781.038,32144.2418052358,,High income,17.58844316588,29.760112199856124,Suicidio mayor
Azerbaijan,AZE,AZ,2003,2.1886200607,3.8,7276753894.71541,4638.12476816102,Europe & Central Asia (excluding high income),Upper middle income,1.6113799393,1.736253846994632,Suicidio mayor
"Bahamas, The",BHS,BS,2003,15.968165865,2.4,8870090000.0,29363.121938633,,High income,-13.568165865,0.1502990399955994,Homicidio mayor
Bahrain,BHR,BH,2003,0.3852535225,10.2,11074813829.7872,42860.4822233235,,High income,9.8147464775,26.47607200009443,Suicidio mayor
Bangladesh,BGD,BD,2003,2.5750863195,5.1,60158929188.2556,1523.79747808748,South Asia,Lower middle income,2.5249136804999996,1.980516133140833,Suicidio mayor
Barbados,BRB,BB,2003,12.029263918,1.2,3209500000.0,13368.3499351522,,High income,-10.829263918,0.09975672727608702,Homicidio mayor
Belarus,BLR,BY,2003,9.0812961975,42.9,17827791321.3067,7367.19377907469,Europe & Central Asia (excluding high income),Upper middle income,33.818703802499996,4.723995238896622,Suicidio mayor
Belgium,BEL,BE,2003,2.2074993745,21.5,317381715575.621,30932.8525095624,,High income,19.2925006255,9.739527108527389,Suicidio mayor
Belize,BLZ,BZ,2003,24.867497068,6.3,983575600.0,6467.38049826304,Latin America & Caribbean (excluding high income),Lower middle income,-18.567497067999998,0.2533427462672537,Homicidio mayor
Bhutan,BTN,BT,2003,0.79638124363,4.6,604041957.921855,3480.08417066715,South Asia,Lower middle income,3.8036187563699997,5.776127999992385,Suicidio mayor
Botswana,BWA,BW,2003,17.989064724,31.2,7511582173.37724,9431.86518960247,Sub-Saharan Africa (excluding high income),Upper middle income,13.210935276,1.7343870000297856,Suicidio mayor
Brazil,BRA,BR,2003,25.756453968,4.3,558233724164.711,9733.77330392262,Latin America & Caribbean (excluding high income),Upper middle income,-21.456453967999998,0.16694844738108555,Homicidio mayor
Brunei Darussalam,BRN,BN,2003,0.8491487284,1.6,6557333084.60567,72755.3211265061,,High income,0.7508512716000001,1.8842399999995103,Suicidio mayor
Bulgaria,BGR,BG,2003,3.1649194688,15.1,21144983551.6823,8416.98366742999,Europe & Central Asia (excluding high income),Upper middle income,11.9350805312,4.771053465611643,Suicidio mayor
Burkina Faso,BFA,BF,2003,0.64008223397,7.9,4740768355.22974,1072.46713586937,Sub-Saharan Africa (excluding high income),Low income,7.25991776603,12.342164148193286,Suicidio mayor
Cabo Verde,CPV,CV,2003,3.3338889815,12.4,813963830.179217,3420.20063315025,Sub-Saharan Africa (excluding high income),Lower middle income,9.066111018500001,3.7193799999965598,Suicidio mayor
Cambodia,KHM,KH,2003,3.9591881595,5.1,4658246918.27092,1344.62396744375,East Asia & Pacific (excluding high income),Lower middle income,1.1408118404999996,1.2881428703413962,Suicidio mayor
Cameroon,CMR,CM,2003,5.9639772205,10.8,15970315751.0277,2276.83140075992,Sub-Saharan Africa (excluding high income),Lower middle income,4.8360227795,1.8108721077735042,Suicidio mayor
Canada,CAN,CA,2003,1.7435187944,12.4,895540646634.787,32349.9436608677,,High income,10.6564812056,7.112054105655473,Suicidio mayor
Chile,CHL,CL,2003,3.2366647362,9.7,75643459839.5605,10839.9597259037,,High income,6.4633352637999995,2.9969121891160917,Suicidio mayor
China,CHN,CN,2003,1.8545529296,12.8,1660287965663.89,3937.31287532441,East Asia & Pacific (excluding high income),Upper middle income,10.9454470704,6.9019329649225885,Suicidio mayor
Colombia,COL,CO,2003,56.703964374,4.6,94641378693.223,7319.54321218707,Latin America & Caribbean (excluding high income),Upper middle income,-52.103964374,0.0811230757987214,Homicidio mayor
Costa Rica,CRI,CR,2003,7.2045192508,7.9,17271760507.042,8805.39497374121,Latin America & Caribbean (excluding high income),Upper middle income,0.6954807492000006,1.0965339566720949,Tasas similares
Croatia,HRV,HR,2003,1.5721446947,19.7,34985749883.4171,13682.122115102,,High income,18.1278553053,12.530653232118176,Suicidio mayor
Cuba,CUB,CU,2003,5.7172448401,13.8,35901200000.0,,Latin America & Caribbean (excluding high income),Upper middle income,8.0827551599,2.4137500467373068,Suicidio mayor
Cyprus,CYP,CY,2003,1.409071603,2.2,14547325028.3126,24279.6775935031,,High income,0.7909283970000003,1.5613117142635373,Suicidio mayor
Czech Republic,CZE,CZ,2003,1.5919319716,17.0,100090467581.268,19538.0704015253,,High income,15.4080680284,10.6788482820116,Suicidio mayor
Denmark,DNK,DK,2003,1.2066156695,13.6,218096033517.009,30820.3892235438,,High income,12.3933843305,11.271194584797325,Suicidio mayor
Dominican Republic,DOM,DO,2003,21.490755642,4.4,21403167848.1444,7226.72128148795,Latin America & Caribbean (excluding high income),Upper middle income,-17.090755641999998,0.20473919453073833,Homicidio mayor
Ecuador,ECU,EC,2003,14.488007864,8.5,32432858000.0,6513.29940403056,Latin America & Caribbean (excluding high income),Upper middle income,-5.988007864,0.5866921166657367,Homicidio mayor
"Egypt, Arab Rep.",EGY,EG,2003,0.64674613506,3.2,80288461538.4615,6334.5712788004,Middle East & North Africa (excluding high income),Lower middle income,2.5532538649400003,4.947845571126806,Suicidio mayor
El Salvador,SLV,SV,2003,55.988622098,6.5,13243892200.0,4828.40190238636,Latin America & Caribbean (excluding high income),Lower middle income,-49.488622098,0.11609501638784195,Homicidio mayor
Estonia,EST,EE,2003,10.707230804,26.3,9874013098.46432,13132.5807216854,,High income,15.592769196,2.456284027255195,Suicidio mayor
Eswatini,SWZ,SZ,2003,13.19911302,40.5,2197612701.09852,5378.04199868851,Sub-Saharan Africa (excluding high income),Lower middle income,27.30088698,3.0683879999081936,Suicidio mayor
Fiji,FJI,FJ,2003,3.0634326621,9.7,2300453634.34962,6520.69538201286,East Asia & Pacific (excluding high income),Upper middle income,6.636567337899999,3.1663826399730937,Suicidio mayor
Finland,FIN,FI,2003,1.9704976329,21.7,171274266365.688,29051.48643326,,High income,19.7295023671,11.01244662144755,Suicidio mayor
France,FRA,FR,2003,1.6381310163,20.1,1840480812641.08,28172.6956506635,,High income,18.4618689837,12.270080842129039,Suicidio mayor
Georgia,GEO,GE,2003,7.1244394222,6.6,3991284895.37214,4157.87940249166,Europe & Central Asia (excluding high income),Upper middle income,-0.5244394222000004,0.9263886754983376,Tasas similares
Germany,DEU,DE,2003,1.0525107153,14.4,2496128668171.56,29908.1395291325,,High income,13.3474892847,13.681570924335464,Suicidio mayor
Ghana,GHA,GH,2003,2.1011736308,6.4,7632406552.83803,1989.76621591995,Sub-Saharan Africa (excluding high income),Lower middle income,4.2988263692,3.045916770601803,Suicidio mayor
Greece,GRC,GR,2003,1.0874526769,3.3,201924269751.693,23896.6057015271,,High income,2.2125473231,3.034614811384074,Suicidio mayor
Grenada,GRD,GD,2003,8.6535965309,2.4,591018407.407407,8862.70977596244,Latin America & Caribbean (excluding high income),Upper middle income,-6.2535965308999995,0.27734133333234945,Homicidio mayor
Guatemala,GTM,GT,2003,33.894701155,10.8,21576351798.9145,5124.38873294152,Latin America & Caribbean (excluding high income),Upper middle income,-23.094701155,0.3186338758560446,Homicidio mayor
Guyana,GUY,GY,2003,28.048345148,33.2,743064076.794567,6550.23130364102,Latin America & Caribbean (excluding high income),Upper middle income,5.151654852000004,1.1836705454391967,Tasas similares
Honduras,HND,HN,2003,57.315154405,2.2,8140278400.9927,2824.6066131014,Latin America & Caribbean (excluding high income),Lower middle income,-55.115154405,0.03838426368800079,Homicidio mayor
Hungary,HUN,HU,2003,2.2482233858,28.0,85302003908.042,15481.3201097675,,High income,25.7517766142,12.454278421286228,Suicidio mayor
Iceland,ISL,IS,2003,0.0,12.5,11429333037.8443,32699.2417213139,,High income,12.5,,Suicidio mayor
India,IND,IN,2003,3.988311009,15.3,607699285433.872,2472.10373642451,South Asia,Lower middle income,11.311688991,3.8362103570845174,Suicidio mayor
Indonesia,IDN,ID,2003,0.74213785623,3.2,234772463823.808,5465.26410319843,East Asia & Pacific (excluding high income),Lower middle income,2.4578621437700003,4.311867361484214,Suicidio mayor
"Iran, Islamic Rep.",IRN,IR,2003,2.6466852645,7.0,153544751395.43,12341.6113436569,Middle East & North Africa (excluding high income),Lower middle income,4.3533147355,2.644817687199543,Suicidio mayor
Ireland,IRL,IE,2003,0.9296302559,12.1,164307961625.282,36283.1208415968,,High income,11.1703697441,13.015927486445312,Suicidio mayor
Israel,ISR,IL,2003,2.7236351323,6.4,127046633802.508,23845.3129228722,,High income,3.6763648677000003,2.3498007953053017,Suicidio mayor
Italy,ITA,IT,2003,1.2490317615,7.4,1574145823927.77,29196.9278993071,,High income,6.150968238500001,5.92458913223561,Suicidio mayor
Jamaica,JAM,JM,2003,35.985322417,1.7,9430230564.4699,7056.14797251069,Latin America & Caribbean (excluding high income),Upper middle income,-34.285322416999996,0.047241483077469795,Homicidio mayor
Japan,JPN,JP,2003,0.54428305693,25.6,4519561645253.53,29392.2489916186,,High income,25.055716943070003,47.03435036981577,Suicidio mayor
Kazakhstan,KAZ,KZ,2003,13.185391169,39.2,30833699702.7594,11119.8870659711,Europe & Central Asia (excluding high income),Upper middle income,26.014608831000004,2.9729872627641574,Suicidio mayor
"Korea, Rep.",KOR,KR,2003,0.80110949251,24.1,702717332012.991,22095.870826347,,High income,23.29889050749,30.083278534736834,Suicidio mayor
Kuwait,KWT,KW,2003,1.341582679,2.6,47876510067.1141,68071.0486418975,,High income,1.258417321,1.938009517190554,Suicidio mayor
Kyrgyz Republic,KGZ,KG,2003,8.3773175749,13.2,1919008090.49641,2157.26538583233,Europe & Central Asia (excluding high income),Lower middle income,4.8226824251,1.575683371434987,Suicidio mayor
Latvia,LVA,LV,2003,8.7603459903,29.1,11771975156.8073,11060.9427198934,,High income,20.339654009700002,3.3217866089103483,Suicidio mayor
Lithuania,LTU,LT,2003,10.075073945,45.4,18781721376.1985,12067.6741095107,,High income,35.324926055,4.506170401114609,Suicidio mayor
Luxembourg,LUX,LU,2003,0.67066532236,15.3,29601904063.2054,60196.5435069655,,High income,14.629334677640001,22.81316699983969,Suicidio mayor
Malawi,MWI,MW,2003,2.4999618756,8.2,3208837077.25069,969.271613218135,Sub-Saharan Africa (excluding high income),Low income,5.700038124399999,3.2800500199755924,Suicidio mayor
Malaysia,MYS,MY,2003,2.2875585843,4.7,110202368421.053,14369.8270420309,East Asia & Pacific (excluding high income),Upper middle income,2.4124414157,2.05459218935729,Suicidio mayor
Maldives,MDV,MV,2003,1.3215233199,3.5,1052121054.6875,9678.61476132894,South Asia,Upper middle income,2.1784766801,2.648458750061895,Suicidio mayor
Malta,MLT,MT,2003,0.0,5.4,5448415500.17071,20929.3954917416,,High income,5.4,,Suicidio mayor
Mauritius,MUS,MU,2003,3.225827797,7.7,5816553826.85519,10386.3468050591,Sub-Saharan Africa (excluding high income),Upper middle income,4.474172203,2.386984205158426,Suicidio mayor
Mexico,MEX,MX,2003,9.785506585,4.0,729336319677.449,11488.2956282873,Latin America & Caribbean (excluding high income),Upper middle income,-5.785506585,0.40876780013939357,Homicidio mayor
Moldova,MDA,MD,2003,7.6438749798,18.5,1980907434.76826,4004.96099950252,Europe & Central Asia (excluding high income),Upper middle income,10.8561250202,2.4202384325867206,Suicidio mayor
Mongolia,MNG,MN,2003,13.893586469,23.1,1595297355.78349,4418.13842487967,East Asia & Pacific (excluding high income),Lower middle income,9.206413531,1.6626376531028737,Suicidio mayor
Montenegro,MNE,ME,2003,3.2568993341,20.9,1707710053.14938,7340.86099625212,Europe & Central Asia (excluding high income),Upper middle income,17.6431006659,6.417146450053063,Suicidio mayor
Morocco,MAR,MA,2003,1.7123929301,9.6,52064058833.9739,4281.40038891461,Middle East & North Africa (excluding high income),Lower middle income,7.8876070699,5.606189929457009,Suicidio mayor
Mozambique,MOZ,MZ,2003,5.4006247033,12.3,6303391143.83386,606.707277750018,Sub-Saharan Africa (excluding high income),Low income,6.899375296700001,2.277514301722207,Suicidio mayor
Myanmar,MMR,MM,2003,1.5867442225,4.3,7754647428.07323,1202.79183487972,East Asia & Pacific (excluding high income),Lower middle income,2.7132557774999997,2.7099515719207226,Suicidio mayor
Nepal,NPL,NP,2003,3.0182354048,7.8,6330473096.54071,1491.05904679104,South Asia,Lower middle income,4.7817645952,2.584291466330095,Suicidio mayor
Netherlands,NLD,NL,2003,1.246840617,9.6,578792325056.433,34149.6192294255,,High income,8.353159383,7.699460435527342,Suicidio mayor
New Zealand,NZL,NZ,2003,1.0939629654,13.7,88250885550.2626,23973.6339583007,,High income,12.6060370346,12.523275863356753,Suicidio mayor
Nicaragua,NIC,NI,2003,11.998983393,5.6,5322454925.84746,2998.08761692462,Latin America & Caribbean (excluding high income),Lower middle income,-6.398983393,0.46670620473288954,Homicidio mayor
North Macedonia,MKD,MK,2003,3.4089370642,9.1,4946292774.79046,6595.4519699919,Europe & Central Asia (excluding high income),Upper middle income,5.6910629358,2.6694538000030703,Suicidio mayor
Norway,NOR,NO,2003,1.1159502995,11.8,228858506821.841,38593.7083511957,,High income,10.684049700500001,10.57394760795976,Suicidio mayor
Oman,OMN,OM,2003,1.4667893741,6.1,21633708192.4577,41400.529436579,,High income,4.633210625899999,4.158742971357335,Suicidio mayor
Pakistan,PAK,PK,2003,6.1047711857,9.1,91760542940.0717,2898.03298255964,South Asia,Lower middle income,2.9952288143,1.4906373594011377,Suicidio mayor
Panama,PAN,PA,2003,10.501530668,5.9,13693981200.0,8951.64979075647,Latin America & Caribbean (excluding high income),Upper middle income,-4.601530667999999,0.5618228605453044,Homicidio mayor
Papua New Guinea,PNG,PG,2003,9.7856823095,2.4,3536411824.2958,2106.82341943971,East Asia & Pacific (excluding high income),Lower middle income,-7.3856823095,0.24525627586234486,Homicidio mayor
Paraguay,PRY,PY,2003,22.812069555,3.4,7691367471.17992,6876.99709020228,Latin America & Caribbean (excluding high income),Upper middle income,-19.412069555000002,0.1490439081733722,Homicidio mayor
Philippines,PHL,PH,2003,7.7493646448,1.8,87039145965.0093,3835.91675156979,East Asia & Pacific (excluding high income),Lower middle income,-5.9493646448,0.23227710689905925,Homicidio mayor
Poland,POL,PL,2003,1.7220828327,17.0,217827260805.842,12288.4628747003,,High income,15.2779171673,9.871766721782036,Suicidio mayor
Portugal,PRT,PT,2003,1.428624163,11.9,164862142212.19,20851.0885383283,,High income,10.471375837,8.329692516897461,Suicidio mayor
Romania,ROU,RO,2003,3.2043604347,13.5,57806506024.0964,7559.97534934003,Europe & Central Asia (excluding high income),Upper middle income,10.2956395653,4.2130092026504204,Suicidio mayor
Russian Federation,RUS,RU,2003,28.88026209,51.6,430347770731.787,9254.53720076475,Europe & Central Asia (excluding high income),Upper middle income,22.719737910000003,1.7866873866725357,Suicidio mayor
Saudi Arabia,SAU,SA,2003,1.1132562322,3.5,215807655253.333,41441.8611624282,,High income,2.3867437678,3.1439302999304606,Suicidio mayor
Serbia,SRB,RS,2003,1.8940551635,21.2,22482365321.7656,7645.78577655798,Europe & Central Asia (excluding high income),Upper middle income,19.3059448365,11.192915818156422,Suicidio mayor
Singapore,SGP,SG,2003,0.65387541058,12.1,97645448283.7791,48756.5625513753,,High income,11.44612458942,18.505054333312625,Suicidio mayor
Slovak Republic,SVK,SK,2003,2.5371103313,15.0,46816589164.7856,14181.1218408567,,High income,12.4628896687,5.9122379562871,Suicidio mayor
Slovenia,SVN,SI,2003,1.0564150806,29.7,29634713641.0968,21112.375224886,,High income,28.6435849194,28.113949285096947,Suicidio mayor
South Africa,ZAF,ZA,2003,41.6,25.1,197020241490.079,9483.13234646428,Sub-Saharan Africa (excluding high income),Upper middle income,-16.5,0.6033653846153846,Homicidio mayor
Spain,ESP,ES,2003,1.378048948,8.5,905492099322.799,25046.1107003124,,High income,7.121951052,6.168140843136437,Suicidio mayor
Sri Lanka,LKA,LK,2003,6.8143859073,20.9,18881765437.2151,4860.33813415959,South Asia,Lower middle income,14.085614092699998,3.067040858019297,Suicidio mayor
St. Lucia,LCA,LC,2003,22.42571482,7.2,987407407.407407,9673.42475329533,Latin America & Caribbean (excluding high income),Upper middle income,-15.22571482,0.32105999999513063,Homicidio mayor
St. Vincent and the Grenadines,VCT,VC,2003,16.617123022,5.8,481807407.407407,7623.16448380217,Latin America & Caribbean (excluding high income),Upper middle income,-10.817123022,0.34903755555767224,Homicidio mayor
Suriname,SUR,SR,2003,12.296644246,24.3,1274190311.41869,8871.60523126091,Latin America & Caribbean (excluding high income),Upper middle income,12.003355754000001,1.9761488999655006,Suicidio mayor
Sweden,SWE,SE,2003,0.94956799683,14.4,334337212322.076,31814.8635093299,,High income,13.45043200317,15.164790776513517,Suicidio mayor
Switzerland,CHE,CH,2003,1.0043526995,18.7,363063293977.872,38840.8818833536,,High income,17.6956473005,18.61895727398301,Suicidio mayor
Syrian Arab Republic,SYR,SY,2003,2.3255528184,1.3,95693808463.2517,,Middle East & North Africa (excluding high income),Low income,-1.0255528183999998,0.5590068691256005,Homicidio mayor
Tajikistan,TJK,TJ,2003,2.5070510812,3.4,1555301496.04756,1419.99898899884,Europe & Central Asia (excluding high income),Lower middle income,0.8929489187999997,1.356174999981488,Suicidio mayor
Tanzania,TZA,TZ,2003,7.6449363525,6.4,15224257698.482,1407.38692221876,Sub-Saharan Africa (excluding high income),Lower middle income,-1.2449363525,0.8371554326815437,Tasas similares
Thailand,THA,TH,2003,9.967487617,10.7,152280677649.055,8863.74089898519,East Asia & Pacific (excluding high income),Upper middle income,0.7325123829999995,1.0734901723630603,Tasas similares
Tonga,TON,TO,2003,6.0246407808,4.2,202246959.690276,4224.16425430563,East Asia & Pacific (excluding high income),Upper middle income,-1.8246407808000003,0.6971369999992415,Homicidio mayor
Trinidad and Tobago,TTO,TT,2003,17.840949107,13.4,11305459802.0683,19539.4048064546,,High income,-4.440949107,0.7510811179177924,Homicidio mayor
Turkey,TUR,TR,2003,4.2926701016,3.1,314592428076.487,9699.92386379777,Europe & Central Asia (excluding high income),Upper middle income,-1.1926701015999996,0.7221612485069706,Homicidio mayor
Turkmenistan,TKM,TM,2003,5.0045620987,14.3,5977560877.44013,4736.91428393093,Europe & Central Asia (excluding high income),Upper middle income,9.295437901300001,2.8573928583511057,Suicidio mayor
Uganda,UGA,UG,2003,8.2215359053,9.4,6606884390.78019,1338.54218012418,Sub-Saharan Africa (excluding high income),Low income,1.1784640947000007,1.143338678839839,Tasas similares
Ukraine,UKR,UA,2003,8.4926246882,34.5,52010238715.8475,5822.02875221654,Europe & Central Asia (excluding high income),Lower middle income,26.0073753118,4.062348363037367,Suicidio mayor
United Arab Emirates,ARE,AE,2003,1.2123070176,7.5,124346358066.712,99239.9601570956,,High income,6.2876929824,6.1865516664645925,Suicidio mayor
United Kingdom,GBR,GB,2003,1.55469742,7.9,2057093877551.02,30355.2833801407,,High income,6.34530258,5.0813746124310155,Suicidio mayor
United States,USA,US,2003,5.7029372753,11.7,11458243878000.0,39496.4858751381,,High income,5.997062724699999,2.05157437916666,Suicidio mayor
Uruguay,URY,UY,2003,5.9271989532,15.6,12045631092.5353,9686.49510153065,,High income,9.6728010468,2.631934598985885,Suicidio mayor
Uzbekistan,UZB,UZ,2003,3.7399352343,9.0,10134453435.4603,3063.03725877466,Europe & Central Asia (excluding high income),Lower middle income,5.2600647657,2.406458785023458,Suicidio mayor
"Venezuela, RB",VEN,VE,2003,44.388568022,4.9,83620628582.1082,10224.9065131216,,Not classified,-39.488568022,0.11038878293103412,Homicidio mayor
Vietnam,VNM,VN,2003,1.2867299744,6.1,39552513316.0734,2462.50157504763,East Asia & Pacific (excluding high income),Lower middle income,4.8132700256,4.740699386321842,Suicidio mayor
"Yemen, Rep.",YEM,YE,2003,3.7081904815,5.9,11777966673.3897,3212.93981455763,Middle East & North Africa (excluding high income),Low income,2.1918095185000004,1.5910725270006603,Suicidio mayor
Zimbabwe,ZWE,ZW,2003,11.35015142,13.2,5727591800.0,1827.8668437957,Sub-Saharan Africa (excluding high income),Lower middle income,1.8498485799999997,1.1629800794322795,Tasas similares
Albania,ALB,AL,2004,4.2191470044,4.8,7184685781.51876,5427.73266241123,Europe & Central Asia (excluding high income),Upper middle income,0.5808529955999999,1.1376707175631113,Tasas similares
Algeria,DZA,DZ,2004,1.3734182634,4.0,85332581188.6107,10591.0381897757,Middle East & North Africa (excluding high income),Lower middle income,2.6265817366,2.912441247211683,Suicidio mayor
Antigua and Barbuda,ATG,AG,2004,4.9784061633,1.7,919729629.62963,18718.3707760024,,High income,-3.2784061632999997,0.3414747499977248,Homicidio mayor
Argentina,ARG,AR,2004,6.0739941344,8.7,164657930452.787,12214.7407113551,Latin America & Caribbean (excluding high income),Upper middle income,2.626005865599999,1.4323359238573583,Suicidio mayor
Armenia,ARM,AM,2004,2.7660074349,4.0,3576615240.41616,4614.86980387949,Europe & Central Asia (excluding high income),Upper middle income,1.2339925650999999,1.4461277108405939,Suicidio mayor
Australia,AUS,AU,2004,1.3229606511,10.3,614166310997.297,31407.4614546007,,High income,8.9770393489,7.7855679165029406,Suicidio mayor
Austria,AUT,AT,2004,0.71804021269,17.5,300904221504.842,33773.825776679,,High income,16.78195978731,24.371894067658978,Suicidio mayor
Azerbaijan,AZE,AZ,2004,2.3789972183,4.3,8680370408.05943,5158.39459385476,Europe & Central Asia (excluding high income),Upper middle income,1.9210027817,1.807484248793163,Suicidio mayor
"Bahamas, The",BHS,BS,2004,13.797731528,3.2,9055290000.0,29869.4063424936,,High income,-10.597731528,0.23192218180982715,Homicidio mayor
Bahrain,BHR,BH,2004,0.84353000436,10.2,13150159574.4681,44185.3385399123,,High income,9.35646999564,12.092041714318041,Suicidio mayor
Bangladesh,BGD,BD,2004,2.8484573461,4.9,65108544250.0425,1620.42505311916,South Asia,Lower middle income,2.0515426539000003,1.7202293749312747,Suicidio mayor
Barbados,BRB,BB,2004,7.9917757362,1.4,3444500000.0,13873.8960912826,,High income,-6.591775736200001,0.175180090910019,Homicidio mayor
Belarus,BLR,BY,2004,8.4749040932,42.1,23144351851.8519,8489.48408699124,Europe & Central Asia (excluding high income),Upper middle income,33.6250959068,4.967607838037924,Suicidio mayor
Belgium,BEL,BE,2004,2.5572231152,20.2,368537000248.324,32063.0803240468,,High income,17.6427768848,7.899193418021392,Suicidio mayor
Belize,BLZ,BZ,2004,28.569775348,6.9,1051386600.0,6781.22227577658,Latin America & Caribbean (excluding high income),Lower middle income,-21.669775348,0.2415139746796444,Homicidio mayor
Bhutan,BTN,BT,2004,2.348119704,4.5,682523857.01677,3723.4617282224,South Asia,Lower middle income,2.151880296,1.916427000009536,Suicidio mayor
Bosnia and Herzegovina,BIH,BA,2004,1.806495627,10.0,10157553968.1525,5949.36093891037,Europe & Central Asia (excluding high income),Upper middle income,8.193504373,5.53557941161847,Suicidio mayor
Botswana,BWA,BW,2004,14.669790936,31.8,8957467706.5354,9772.37954062074,Sub-Saharan Africa (excluding high income),Upper middle income,17.130209064,2.1677200540030928,Suicidio mayor
Brazil,BRA,BR,2004,24.11823962,4.4,669289321944.516,10445.3471782104,Latin America & Caribbean (excluding high income),Upper middle income,-19.71823962,0.18243454204473983,Homicidio mayor
Brunei Darussalam,BRN,BN,2004,0.55643038778,1.9,7872333215.00414,73808.3213789057,,High income,1.34356961222,3.414622999977523,Suicidio mayor
Bulgaria,BGR,BG,2004,3.150570137,14.2,26157894736.8421,9201.50412778876,Europe & Central Asia (excluding high income),Upper middle income,11.049429863,4.5071207376838025,Suicidio mayor
Burkina Faso,BFA,BF,2004,0.59859211135,8.0,5451688868.42974,1117.46483140297,Sub-Saharan Africa (excluding high income),Low income,7.40140788865,13.364693333424766,Suicidio mayor
Cabo Verde,CPV,CV,2004,4.5990201897,12.8,924318490.7598,3813.68919727303,Sub-Saharan Africa (excluding high income),Lower middle income,8.200979810300002,2.7832015238086965,Suicidio mayor
Cambodia,KHM,KH,2004,3.9107716503,5.3,5337833248.03924,1499.08623618028,East Asia & Pacific (excluding high income),Lower middle income,1.3892283496999998,1.3552312622480605,Suicidio mayor
Canada,CAN,CA,2004,1.9644519069,11.7,1026690238278.25,33925.7067319515,,High income,9.7355480931,5.95585972805166,Suicidio mayor
China,CHN,CN,2004,1.8676809685,13.3,1955347004965.69,4425.87419106099,East Asia & Pacific (excluding high income),Upper middle income,11.4323190315,7.121130548694136,Suicidio mayor
Colombia,COL,CO,2004,48.032185985,4.5,117081522349.677,7806.05050932725,Latin America & Caribbean (excluding high income),Upper middle income,-43.532185985,0.09368717887221098,Homicidio mayor
Costa Rica,CRI,CR,2004,6.6269742466,8.1,18610594846.3082,9305.99188360408,Latin America & Caribbean (excluding high income),Upper middle income,1.4730257534,1.2222772714343568,Suicidio mayor
Croatia,HRV,HR,2004,1.8933012947,20.2,41958833541.0995,14675.2614480684,,High income,18.3066987053,10.669194626627432,Suicidio mayor
Cuba,CUB,CU,2004,5.8664742463,13.9,38203000000.0,,Latin America & Caribbean (excluding high income),Upper middle income,8.033525753700001,2.369395895459145,Suicidio mayor
Cyprus,CYP,CY,2004,1.5835156026,0.9,17320552500.0,25944.854103442,,High income,-0.6835156025999999,0.5683556249918065,Homicidio mayor
Czech Republic,CZE,CZ,2004,1.3086648064,16.3,119814434353.575,20932.0784185044,,High income,14.991335193600001,12.455443074716433,Suicidio mayor
Denmark,DNK,DK,2004,0.7958903922,14.2,251373002954.382,32938.692099664,,High income,13.404109607799999,17.841652744102568,Suicidio mayor
Dominican Republic,DOM,DO,2004,24.948620772,4.5,22322395368.0274,7506.73376097639,Latin America & Caribbean (excluding high income),Upper middle income,-20.448620772,0.18037069227692054,Homicidio mayor
Ecuador,ECU,EC,2004,17.578195389,9.0,36591661000.0,7117.17066810899,Latin America & Caribbean (excluding high income),Upper middle income,-8.578195389000001,0.5119979497799858,Homicidio mayor
"Egypt, Arab Rep.",EGY,EG,2004,0.43412565805,3.1,78782467532.4675,6648.42901856206,Middle East & North Africa (excluding high income),Lower middle income,2.66587434195,7.140789636633182,Suicidio mayor
El Salvador,SLV,SV,2004,64.693372175,6.8,13724810900.0,4977.80679954569,Latin America & Caribbean (excluding high income),Lower middle income,-57.893372174999996,0.10511123120318315,Homicidio mayor
Estonia,EST,EE,2004,6.673658118,26.5,12145911801.2422,14536.3474111754,,High income,19.826341882,3.970835714302619,Suicidio mayor
Eswatini,SWZ,SZ,2004,14.226040084,42.4,2770082791.50412,5703.50576523464,Sub-Saharan Africa (excluding high income),Lower middle income,28.173959916,2.980449917871889,Suicidio mayor
Fiji,FJI,FJ,2004,2.8122034959,9.4,2708078476.63012,7035.74951726276,East Asia & Pacific (excluding high income),Upper middle income,6.5877965041,3.34257460873815,Suicidio mayor
Finland,FIN,FI,2004,2.8232556143,21.2,197116960516.514,31201.734943443,,High income,18.3767443857,7.509061486540723,Suicidio mayor
France,FRA,FR,2004,1.631026352,19.5,2115742488204.62,29060.4509858357,,High income,17.868973648,11.95566213635278,Suicidio mayor
Georgia,GEO,GE,2004,7.0519008067,7.4,5125365191.98664,4545.29312196367,Europe & Central Asia (excluding high income),Upper middle income,0.3480991933000004,1.0493624630921172,Tasas similares
Germany,DEU,DE,2004,1.0631200069,14.0,2809187981127.39,31333.8363031281,,High income,12.9368799931,13.168786128692316,Suicidio mayor
Ghana,GHA,GH,2004,2.1248262061,6.6,8881368538.07671,2104.81052490528,Sub-Saharan Africa (excluding high income),Lower middle income,4.4751737939,3.106136389438613,Suicidio mayor
Greece,GRC,GR,2004,0.9879845942,3.1,240521261484.976,25460.4527360606,,High income,2.1120154058000002,3.1377007477633403,Suicidio mayor
Grenada,GRD,GD,2004,5.7501006268,4.6,599118592.592593,9012.66264799437,Latin America & Caribbean (excluding high income),Upper middle income,-1.1501006268000005,0.7999859999945697,Homicidio mayor
Guatemala,GTM,GT,2004,35.219395658,11.0,23577286226.6407,5313.30678615953,Latin America & Caribbean (excluding high income),Upper middle income,-24.219395658000003,0.31232790326149096,Homicidio mayor
Guyana,GUY,GY,2004,17.566514736,32.5,787814379.183843,6826.28668762988,Latin America & Caribbean (excluding high income),Upper middle income,14.933485264000002,1.8501108779077282,Suicidio mayor
Honduras,HND,HN,2004,49.965995936,2.1,8772169959.31672,3006.69595514001,Latin America & Caribbean (excluding high income),Lower middle income,-47.865995936,0.04202858285242286,Homicidio mayor
Hungary,HUN,HU,2004,2.066344284,27.5,104141042625.791,16272.0058268918,,High income,25.433655716,13.308527631593845,Suicidio mayor
Iceland,ISL,IS,2004,1.0305666055,12.4,13825302535.7699,35616.2006730045,,High income,11.3694333945,12.032216000230177,Suicidio mayor
India,IND,IN,2004,4.1155306524,15.2,709148514804.659,2695.89367354208,South Asia,Lower middle income,11.084469347599999,3.6933268838943074,Suicidio mayor
Indonesia,IDN,ID,2004,0.63550877467,3.2,256836875295.452,5816.18175310762,East Asia & Pacific (excluding high income),Lower middle income,2.5644912253300003,5.035335667334666,Suicidio mayor
"Iran, Islamic Rep.",IRN,IR,2004,2.922353333,6.7,190043433964.841,13070.5594888626,Middle East & North Africa (excluding high income),Lower middle income,3.777646667,2.2926728004932864,Suicidio mayor
Ireland,IRL,IE,2004,0.7392565691,11.9,194015335237.149,38733.3496935931,,High income,11.1607434309,16.097252966568192,Suicidio mayor
Israel,ISR,IL,2004,2.4857301113,6.1,135571348058.902,25238.8807780848,,High income,3.6142698886999995,2.454007364785789,Suicidio mayor
Italy,ITA,IT,2004,1.2321302077,7.2,1803226967966.23,29554.6890881879,,High income,5.9678697923,5.843538251886656,Suicidio mayor
Jamaica,JAM,JM,2004,53.981314612,1.6,10174664853.9476,7300.05846676836,Latin America & Caribbean (excluding high income),Upper middle income,-52.381314612,0.029639885791968495,Homicidio mayor
Japan,JPN,JP,2004,0.54522401972,24.1,4893116005656.56,30830.6584466434,,High income,23.554775980280002,44.20201445339214,Suicidio mayor
Kazakhstan,KAZ,KZ,2004,13.711461024,39.7,43151647002.6096,12428.8368274929,Europe & Central Asia (excluding high income),Upper middle income,25.988538976,2.8953880210511986,Suicidio mayor
Kenya,KEN,KE,2004,3.3666087026,5.7,16095337093.8366,2012.05347434018,Sub-Saharan Africa (excluding high income),Lower middle income,2.3333912974000004,1.6930984570906458,Suicidio mayor
"Korea, Rep.",KOR,KR,2004,0.86597051495,25.4,793175007858.066,23773.8286536781,,High income,24.53402948505,29.33125269451762,Suicidio mayor
Kuwait,KWT,KW,2004,1.9541031167,2.7,59439090600.6108,75700.701887299,,High income,0.7458968833000001,1.3817080464820284,Suicidio mayor
Kyrgyz Republic,KGZ,KG,2004,8.315150144,12.6,2211534585.0034,2342.49274373412,Europe & Central Asia (excluding high income),Lower middle income,4.284849855999999,1.5153063723199078,Suicidio mayor
Latvia,LVA,LV,2004,7.9423516908,26.8,14435700533.368,12278.5848367366,,High income,18.857648309200002,3.3743154475322092,Suicidio mayor
Lithuania,LTU,LT,2004,10.144525476,43.3,22627507451.5648,13030.3604109567,,High income,33.155474524,4.2683120173969185,Suicidio mayor
Luxembourg,LUX,LU,2004,0.44265219489,12.1,35000480506.5806,64692.5970672682,,High income,11.65734780511,27.335231000056094,Suicidio mayor
Malawi,MWI,MW,2004,3.340964443,7.8,3476094498.87517,1023.58983881031,Sub-Saharan Africa (excluding high income),Low income,4.459035557,2.334655197047244,Suicidio mayor
Malaysia,MYS,MY,2004,1.9729544858,4.7,124749473684.211,15450.0485640401,East Asia & Pacific (excluding high income),Upper middle income,2.7270455142000003,2.382214102670609,Suicidio mayor
Malta,MLT,MT,2004,1.7377488705,5.9,6098092551.07125,21545.4251923105,,High income,4.1622511295,3.3951971427853107,Suicidio mayor
Mauritius,MUS,MU,2004,2.8790755371,8.2,6578844486.06288,11058.2433058734,Sub-Saharan Africa (excluding high income),Upper middle income,5.320924462899999,2.8481364571141454,Suicidio mayor
Mexico,MEX,MX,2004,8.9259971211,4.0,782240601984.76,12090.9912069056,Latin America & Caribbean (excluding high income),Upper middle income,-4.9259971211,0.44812920570459,Homicidio mayor
Moldova,MDA,MD,2004,6.6459339121,18.3,2598249555.89984,4428.07283180443,Europe & Central Asia (excluding high income),Upper middle income,11.6540660879,2.7535633429459603,Suicidio mayor
Mongolia,MNG,MN,2004,13.339240521,23.7,1992066808.09598,4963.61772704887,East Asia & Pacific (excluding high income),Lower middle income,10.360759478999999,1.7767128467838202,Suicidio mayor
Montenegro,MNE,ME,2004,2.2759157716,21.2,2073234417.68066,7842.30215116776,Europe & Central Asia (excluding high income),Upper middle income,18.924084228399998,9.314931714320917,Suicidio mayor
Morocco,MAR,MA,2004,1.560673887,9.5,59626020162.3816,4553.55713467899,Middle East & North Africa (excluding high income),Lower middle income,7.939326113,6.0871140852246475,Suicidio mayor
Mozambique,MOZ,MZ,2004,5.6753834362,12.4,7631120533.36168,652.795962157088,Sub-Saharan Africa (excluding high income),Low income,6.724616563800001,2.184874403535019,Suicidio mayor
Myanmar,MMR,MM,2004,1.5299244681,4.2,9390855297.73553,1392.31676831569,East Asia & Pacific (excluding high income),Lower middle income,2.6700755319000002,2.745233563860799,Suicidio mayor
Namibia,NAM,,2004,18.45118064,16.7,6609198832.76313,6593.76263973393,Sub-Saharan Africa (excluding high income),Upper middle income,-1.7511806400000012,0.9050911335069992,Tasas similares
Nepal,NPL,NP,2004,3.6822360866,7.7,7273938314.71988,1581.55906917053,South Asia,Lower middle income,4.0177639134,2.0911206720343154,Suicidio mayor
Netherlands,NLD,NL,2004,1.1727012584,9.7,657171591755.649,35809.785664396,,High income,8.5272987416,8.271501314183292,Suicidio mayor
New Zealand,NZL,NZ,2004,1.1028273798,12.6,103905210084.034,25091.156979407,,High income,11.4971726202,11.42517880022623,Suicidio mayor
Nicaragua,NIC,NI,2004,12.041163631,5.4,5795568204.64532,3198.34719897089,Latin America & Caribbean (excluding high income),Lower middle income,-6.6411636309999995,0.44846164087478135,Homicidio mayor
North Macedonia,MKD,MK,2004,2.3820589156,10.6,5682788267.12865,7172.00498731467,Europe & Central Asia (excluding high income),Upper middle income,8.2179410844,4.44993191838416,Suicidio mayor
Norway,NOR,NO,2004,0.78291335106,12.8,264511630666.983,42549.9438731467,,High income,12.017086648940001,16.34919111121283,Suicidio mayor
Oman,OMN,OM,2004,1.7174233416,5.9,24763712873.8622,42019.2011586301,,High income,4.1825766584,3.4353789523457823,Suicidio mayor
Pakistan,PAK,PK,2004,6.1366728579,9.2,107759683863.123,3127.69076876858,South Asia,Lower middle income,3.0633271420999995,1.4991837129066523,Suicidio mayor
Panama,PAN,PA,2004,9.4208155979,5.8,15013381700.0,9701.82263306321,Latin America & Caribbean (excluding high income),Upper middle income,-3.620815597900001,0.6156579480541877,Homicidio mayor
Paraguay,PRY,PY,2004,21.09742929,4.2,9624440836.29309,7223.55654044822,Latin America & Caribbean (excluding high income),Upper middle income,-16.89742929,0.1990763870928466,Homicidio mayor
Philippines,PHL,PH,2004,7.489032298,1.8,95002028504.6908,4115.76881393865,East Asia & Pacific (excluding high income),Lower middle income,-5.689032298,0.240351480455052,Homicidio mayor
Poland,POL,PL,2004,1.6484566891,17.6,255110181539.808,13353.6821006072,,High income,15.951543310900002,10.676652966605381,Suicidio mayor
Portugal,PRT,PT,2004,1.3752365359,10.6,189034502110.752,21477.8261820846,,High income,9.2247634641,7.707764972272941,Suicidio mayor
Qatar,QAT,QA,2004,0.66371798888,7.2,31734065934.0659,113857.654034282,,High income,6.53628201112,10.847980800022821,Suicidio mayor
Romania,ROU,RO,2004,2.2569398583,12.7,74972669056.5922,8990.32564986372,Europe & Central Asia (excluding high income),Upper middle income,10.443060141699998,5.627088357403573,Suicidio mayor
Russian Federation,RUS,RU,2004,27.245851731,50.1,591016690742.798,10226.7661539289,Europe & Central Asia (excluding high income),Upper middle income,22.854148269000003,1.8388120325486772,Suicidio mayor
Saudi Arabia,SAU,SA,2004,1.3011891485,3.4,258742263040.0,44601.7786980441,,High income,2.0988108514999997,2.612994431992836,Suicidio mayor
Serbia,SRB,RS,2004,1.7743842319,21.3,26141968161.0924,8487.60464529993,Europe & Central Asia (excluding high income),Upper middle income,19.5256157681,12.004164383940726,Suicidio mayor
Seychelles,SYC,SC,2004,11.443218749,9.3,839319927.272727,13786.2865427819,,High income,-2.143218748999999,0.8127083999694324,Homicidio mayor
Sierra Leone,SLE,SL,2004,2.0610986944,6.1,1448536630.88143,875.879113735505,Sub-Saharan Africa (excluding high income),Low income,4.0389013056,2.9595865625327327,Suicidio mayor
Singapore,SGP,SG,2004,0.4787893906,11.7,115035498757.543,54301.6977527417,,High income,11.2212106094,24.43663170008429,Suicidio mayor
Slovak Republic,SVK,SK,2004,2.0002318787,13.9,57332015147.7527,15226.3384286297,,High income,11.8997681213,6.9491943149281035,Suicidio mayor
Slovenia,SVN,SI,2004,1.3566298501,28.7,34414784504.2352,22760.9469717198,,High income,27.3433701499,21.155365258905707,Suicidio mayor
Solomon Islands,SLB,SB,2004,4.3615840401,13.8,397611126.698465,1622.54987912086,East Asia & Pacific (excluding high income),Lower middle income,9.4384159599,3.163988099993965,Suicidio mayor
South Africa,ZAF,ZA,2004,39.0,24.6,255806631391.551,10058.7409853464,Sub-Saharan Africa (excluding high income),Upper middle income,-14.399999999999999,0.6307692307692309,Homicidio mayor
Spain,ESP,ES,2004,1.2006923839,8.5,1067093369754.16,26143.6321744545,,High income,7.2993076161,7.079248701812307,Suicidio mayor
Sri Lanka,LKA,LK,2004,7.1026416308,21.8,20662525941.2985,5218.68123598677,South Asia,Lower middle income,14.6973583692,3.0692805766049296,Suicidio mayor
St. Lucia,LCA,LC,2004,22.864770333,6.9,1066666666.66667,10570.7762935141,Latin America & Caribbean (excluding high income),Upper middle income,-15.964770332999999,0.3017742972926979,Homicidio mayor
St. Vincent and the Grenadines,VCT,VC,2004,26.723184666,5.1,521974074.074074,8138.89321816818,Latin America & Caribbean (excluding high income),Upper middle income,-21.623184666,0.19084551724438542,Homicidio mayor
Suriname,SUR,SR,2004,9.3177766975,23.6,1484092538.40527,9769.86504832506,Latin America & Caribbean (excluding high income),Upper middle income,14.282223302500002,2.532793043466258,Suicidio mayor
Sweden,SWE,SE,2004,1.1901248997,14.8,385118044877.465,33858.6114263449,,High income,13.6098751003,12.435669570253257,Suicidio mayor
Switzerland,CHE,CH,2004,1.0650313611,18.5,405531321270.607,40336.4089557059,,High income,17.4349686389,17.370380512450435,Suicidio mayor
Syrian Arab Republic,SYR,SY,2004,2.389522851,1.4,112863340757.238,,Middle East & North Africa (excluding high income),Low income,-0.9895228510000003,0.5858910281666102,Homicidio mayor
Tajikistan,TJK,TJ,2004,2.1313669522,3.5,2076182460.86517,1579.25260198499,Europe & Central Asia (excluding high income),Lower middle income,1.3686330478,1.6421386267565494,Suicidio mayor
Tanzania,TZA,TZ,2004,7.8277643579,5.8,16675948414.7573,1510.49533096981,Sub-Saharan Africa (excluding high income),Lower middle income,-2.0277643578999998,0.7409522993811735,Homicidio mayor
Thailand,THA,TH,2004,6.5743212244,10.5,172895749632.046,9608.54569481236,East Asia & Pacific (excluding high income),Upper middle income,3.9256787756,1.5971230552334736,Suicidio mayor
Timor-Leste,TLS,TL,2004,2.3665253954,3.1,440764600.0,1317.60445167199,East Asia & Pacific (excluding high income),Lower middle income,0.7334746046,1.3099373478204426,Suicidio mayor
Tonga,TON,TO,2004,1.9957291396,4.2,230657965.488586,4206.99700219636,East Asia & Pacific (excluding high income),Upper middle income,2.2042708604000003,2.1044940000434114,Suicidio mayor
Trinidad and Tobago,TTO,TT,2004,20.153242153,13.1,13280275123.0354,21550.6709980195,,High income,-7.053242153000001,0.6500194807637907,Homicidio mayor
Tunisia,TUN,TN,2004,1.9456654465,3.7,31183059012.4448,7708.18886365193,Middle East & North Africa (excluding high income),Lower middle income,1.7543345535000001,1.9016630051460393,Suicidio mayor
Turkey,TUR,TR,2004,4.3485443345,3.0,408876042651.701,10979.769043155,Europe & Central Asia (excluding high income),Upper middle income,-1.3485443344999997,0.6898860329418588,Homicidio mayor
Turkmenistan,TKM,TM,2004,4.4435977749,14.3,6838351088.46688,5055.94467065404,Europe & Central Asia (excluding high income),Upper middle income,9.856402225100002,3.218113052620253,Suicidio mayor
Uganda,UGA,UG,2004,7.6394507351,9.5,7939487473.86318,1422.12805083138,Sub-Saharan Africa (excluding high income),Low income,1.8605492649000004,1.2435448999430776,Suicidio mayor
Ukraine,UKR,UA,2004,7.3849755119,33.8,67220154164.3166,6734.88271360069,Europe & Central Asia (excluding high income),Lower middle income,26.4150244881,4.576860132513014,Suicidio mayor
United Arab Emirates,ARE,AE,2004,0.66362268675,7.7,147824370319.946,101872.973588358,,High income,7.03637731325,11.602978851898028,Suicidio mayor
United Kingdom,GBR,GB,2004,1.5866981913,8.2,2421814353716.59,32058.4154913466,,High income,6.613301808699999,5.167964547360859,Suicidio mayor
United States,USA,US,2004,5.5234282342,11.9,12213729147000.0,41712.8010675545,,High income,6.3765717658000005,2.1544590597407423,Suicidio mayor
Uruguay,URY,UY,2004,6.0214012644,15.3,13686329890.1191,10451.8934493213,,High income,9.278598735600001,2.54093678998896,Suicidio mayor
Uzbekistan,UZB,UZ,2004,3.6889878039,8.6,12030023547.8807,3341.03798474284,Europe & Central Asia (excluding high income),Lower middle income,4.9110121961,2.331262790001115,Suicidio mayor
"Venezuela, RB",VEN,VE,2004,37.385666753,4.5,112453382329.615,12207.7178980276,,Not classified,-32.885666753,0.12036698528691878,Homicidio mayor
Vietnam,VNM,VN,2004,1.2797543026,6.3,45427854693.2554,2694.45812456321,East Asia & Pacific (excluding high income),Lower middle income,5.0202456974,4.922819940671946,Suicidio mayor
"Yemen, Rep.",YEM,YE,2004,3.3060226521,6.0,13872791658.5487,3333.06158239602,Middle East & North Africa (excluding high income),Low income,2.6939773479,1.8148695975173594,Suicidio mayor
Zimbabwe,ZWE,ZW,2004,11.281281534,14.2,5805598400.0,1762.52064890457,Sub-Saharan Africa (excluding high income),Lower middle income,2.9187184659999996,1.258722243319914,Suicidio mayor
Albania,ALB,AL,2005,4.9889691947,7.5,8052073539.38058,5865.30190379844,Europe & Central Asia (excluding high income),Upper middle income,2.5110308053,1.5033165584521102,Suicidio mayor
Algeria,DZA,DZ,2005,0.61538981325,3.9,103198223709.439,11405.6425223873,Middle East & North Africa (excluding high income),Lower middle income,3.28461018675,6.337446470560342,Suicidio mayor
Antigua and Barbuda,ATG,AG,2005,3.6826986816,1.3,1022962962.96296,20269.690993938,,High income,-2.3826986816,0.3530019999994126,Homicidio mayor
Argentina,ARG,AR,2005,5.6514136093,8.6,198737095012.282,13568.7692061284,Latin America & Caribbean (excluding high income),Upper middle income,2.9485863907,1.5217431592421033,Suicidio mayor
Armenia,ARM,AM,2005,1.9454848316,4.2,4900469950.09033,5455.43499457867,Europe & Central Asia (excluding high income),Upper middle income,2.2545151684,2.1588448965422407,Suicidio mayor
Australia,AUS,AU,2005,1.2835416313,11.2,695075176665.163,32653.4016208815,,High income,9.916458368699999,8.725856432608566,Suicidio mayor
Austria,AUT,AT,2005,0.65425552022,17.2,315974418604.651,35013.7140443423,,High income,16.545744479779998,26.289422814829788,Suicidio mayor
Azerbaijan,AZE,AZ,2005,2.2486095512,4.5,13245716099.0057,6737.14620835883,Europe & Central Asia (excluding high income),Upper middle income,2.2513904488,2.001236718752936,Suicidio mayor
"Bahamas, The",BHS,BS,2005,16.007486578,3.0,9836200000.0,31261.773574933,,High income,-13.007486578000002,0.18741230769626696,Homicidio mayor
Bahrain,BHR,BH,2005,0.44986430968,10.3,15968723404.2553,45400.8527009258,,High income,9.85013569032,22.895792749877522,Suicidio mayor
Bangladesh,BGD,BD,2005,2.5835127509,4.9,69442943089.4309,1753.87460797871,South Asia,Lower middle income,2.3164872491,1.8966424680091174,Suicidio mayor
Barbados,BRB,BB,2005,10.49507817,2.9,3819500000.0,14816.1172972448,,High income,-7.595078169999999,0.27632000000625057,Homicidio mayor
Belarus,BLR,BY,2005,8.6278272213,43.5,30207567316.6202,9642.42979250313,Europe & Central Asia (excluding high income),Upper middle income,34.8721727787,5.041825581834684,Suicidio mayor
Belgium,BEL,BE,2005,2.0954054207,20.7,385570948886.954,33177.8909458158,,High income,18.6045945793,9.878756538238251,Suicidio mayor
Belize,BLZ,BZ,2005,28.541427353,5.4,1102564900.0,6945.2678234197,Latin America & Caribbean (excluding high income),Lower middle income,-23.141427352999997,0.18919866666837895,Homicidio mayor
Bhutan,BTN,BT,2005,1.6955840825,4.5,796938120.181406,4056.15255166907,South Asia,Lower middle income,2.8044159175,2.653952727230795,Suicidio mayor
Bolivia,BOL,BO,2005,5.1774741746,6.3,9549077869.10651,4086.37610778823,Latin America & Caribbean (excluding high income),Lower middle income,1.1225258253999995,1.2168095460344277,Suicidio mayor
Bosnia and Herzegovina,BIH,BA,2005,1.8590658141,10.8,11222953335.3385,6479.64575355988,Europe & Central Asia (excluding high income),Upper middle income,8.940934185900002,5.809369371481037,Suicidio mayor
Botswana,BWA,BW,2005,16.174960827,34.0,9918907108.09702,10339.5028934892,Sub-Saharan Africa (excluding high income),Upper middle income,17.825039173,2.1020143642787446,Suicidio mayor
Brazil,BRA,BR,2005,23.448801615,4.7,891633826603.377,10988.9611484477,Latin America & Caribbean (excluding high income),Upper middle income,-18.748801615,0.2004366823161423,Homicidio mayor
Brunei Darussalam,BRN,BN,2005,0.54777712045,2.2,9531402847.87311,75214.167116211,,High income,1.65222287955,4.016231999965051,Suicidio mayor
Bulgaria,BGR,BG,2005,2.5887983865,13.3,29869283400.0381,10291.4377739545,Europe & Central Asia (excluding high income),Upper middle income,10.7112016135,5.137518653193119,Suicidio mayor
Burkina Faso,BFA,BF,2005,0.46938090521,8.0,6146352742.03313,1215.57325780426,Sub-Saharan Africa (excluding high income),Low income,7.53061909479,17.043726984208735,Suicidio mayor
Cabo Verde,CPV,CV,2005,9.50254193,13.2,971977088.156914,4146.06695277215,Sub-Saharan Africa (excluding high income),Lower middle income,3.6974580699999997,1.3891019999950687,Suicidio mayor
Cambodia,KHM,KH,2005,3.3751828381,5.5,6293046161.83262,1723.31431659366,East Asia & Pacific (excluding high income),Lower middle income,2.1248171619,1.6295413504461074,Suicidio mayor
Canada,CAN,CA,2005,2.0643997588,12.2,1173108598778.68,36327.2286544972,,High income,10.135600241199999,5.909708111519858,Suicidio mayor
Chile,CHL,CL,2005,3.5593537375,9.7,122964812046.139,12746.5896892724,,High income,6.140646262499999,2.725213821207058,Suicidio mayor
China,CHN,CN,2005,1.5607430604,12.9,2285965892364.2,5053.94579810189,East Asia & Pacific (excluding high income),Upper middle income,11.3392569396,8.265293838111882,Suicidio mayor
Colombia,COL,CO,2005,42.466503083,4.1,145619191582.062,8324.75468840448,Latin America & Caribbean (excluding high income),Upper middle income,-38.366503083,0.0965466827345455,Homicidio mayor
Costa Rica,CRI,CR,2005,7.8170502233,6.6,20040642476.8988,9836.96227015174,Latin America & Caribbean (excluding high income),Upper middle income,-1.2170502233000002,0.8443082507424114,Tasas similares
Croatia,HRV,HR,2005,1.5531972337,20.1,45780237257.1867,15436.6444120023,,High income,18.5468027663,12.941048029114837,Suicidio mayor
Cuba,CUB,CU,2005,6.0737448526,12.9,42643836100.0,,Latin America & Caribbean (excluding high income),Upper middle income,6.8262551474,2.123895605275199,Suicidio mayor
Cyprus,CYP,CY,2005,1.9461746478,2.6,18433411267.2553,27763.1536288336,,High income,0.6538253522000002,1.3359540999771522,Suicidio mayor
Czech Republic,CZE,CZ,2005,1.0528198757,15.8,137143471328.274,22095.3878539836,,High income,14.747180124300002,15.007315462671029,Suicidio mayor
Denmark,DNK,DK,2005,0.97755298568,14.8,264467336457.17,34150.1594558945,,High income,13.822447014320002,15.13984430184611,Suicidio mayor
Dominican Republic,DOM,DO,2005,26.315610125,4.8,35777570135.5225,8356.00840221911,Latin America & Caribbean (excluding high income),Upper middle income,-21.515610125,0.1824012431100721,Homicidio mayor
Ecuador,ECU,EC,2005,15.34084116,9.9,41507085000.0,7598.9506417776,Latin America & Caribbean (excluding high income),Upper middle income,-5.44084116,0.64533619093935,Homicidio mayor
"Egypt, Arab Rep.",EGY,EG,2005,0.69117489882,3.1,89600665557.4043,7033.91892170753,Middle East & North Africa (excluding high income),Lower middle income,2.40882510118,4.48511658234759,Suicidio mayor
El Salvador,SLV,SV,2005,64.142770373,7.8,14698000000.0,5247.31155659359,Latin America & Caribbean (excluding high income),Lower middle income,-56.34277037300001,0.12160372797498158,Homicidio mayor
Estonia,EST,EE,2005,8.3354848228,22.6,14106790200.2239,16634.8927393745,,High income,14.264515177200002,2.711299999993085,Suicidio mayor
Eswatini,SWZ,SZ,2005,13.487616137,43.9,3178126491.90949,6208.02654850338,Sub-Saharan Africa (excluding high income),Lower middle income,30.412383863,3.2548375898370216,Suicidio mayor
Fiji,FJI,FJ,2005,2.7993953306,9.5,2980484920.16558,7272.41971049843,East Asia & Pacific (excluding high income),Upper middle income,6.7006046694000005,3.393590000010412,Suicidio mayor
Finland,FIN,FI,2005,2.2628164306,19.9,204809103345.355,32051.7940038456,,High income,17.637183569399998,8.794350142986804,Suicidio mayor
France,FRA,FR,2005,1.5968552945,19.1,2196126103718.44,30498.5768807102,,High income,17.503144705500002,11.961008656066426,Suicidio mayor
Georgia,GEO,GE,2005,9.5720873183,6.2,6410823633.25426,5169.06242530316,Europe & Central Asia (excluding high income),Upper middle income,-3.3720873182999993,0.6477166153871984,Homicidio mayor
Germany,DEU,DE,2005,1.0649152353,13.3,2845802760850.64,31794.0960095207,,High income,12.235084764700002,12.489256946589954,Suicidio mayor
Ghana,GHA,GH,2005,1.8015417897,6.9,10744675209.8984,2241.28661214251,Sub-Saharan Africa (excluding high income),Lower middle income,5.0984582103000005,3.8300527023294957,Suicidio mayor
Greece,GRC,GR,2005,1.1759675005,3.7,247783002114.165,25577.5241052346,,High income,2.5240324995,3.1463454546378427,Suicidio mayor
Grenada,GRD,GD,2005,10.51042443,3.1,695555555.555555,10495.8283551972,Latin America & Caribbean (excluding high income),Upper middle income,-7.410424430000001,0.29494527272862947,Homicidio mayor
Guatemala,GTM,GT,2005,40.760450421,11.4,26783543667.064,5541.98033488998,Latin America & Caribbean (excluding high income),Upper middle income,-29.360450421000003,0.2796828759803562,Homicidio mayor
Guyana,GUY,GY,2005,19.030872901,30.9,824880550.343965,6897.71965252718,Latin America & Caribbean (excluding high income),Upper middle income,11.869127099,1.6236774929213218,Suicidio mayor
Honduras,HND,HN,2005,43.062176581,2.2,9672023050.30829,3210.34858637193,Latin America & Caribbean (excluding high income),Lower middle income,-40.862176581,0.05108891780845768,Homicidio mayor
Hungary,HUN,HU,2005,1.6260256107,26.4,113236711635.539,17112.2021738707,,High income,24.773974389299998,16.23590663411191,Suicidio mayor
Iceland,ISL,IS,2005,1.0170318941,11.8,16852963067.0496,37322.7399272793,,High income,10.7829681059,11.602389333563773,Suicidio mayor
India,IND,IN,2005,3.9294710735,15.5,820381595512.902,2953.10925891283,South Asia,Lower middle income,11.5705289265,3.9445512411404704,Suicidio mayor
Ireland,IRL,IE,2005,1.2556692258,11.8,211797991543.34,40466.2343515711,,High income,10.5443307742,9.397379307820575,Suicidio mayor
Israel,ISR,IL,2005,2.5882652038,6.7,142657069099.984,24853.777869328,,High income,4.1117347962,2.5886064496649324,Suicidio mayor
Italy,ITA,IT,2005,1.0466495299,6.7,1857524312896.41,30130.6444569128,,High income,5.6533504701,6.4013786932481,Suicidio mayor
Jamaica,JAM,JM,2005,61.094890511,1.5,11243868485.7428,7553.20140626909,Latin America & Caribbean (excluding high income),Upper middle income,-59.594890511,0.02455197132614434,Homicidio mayor
Japan,JPN,JP,2005,0.50106714444,24.3,4831467035389.8,32169.867493646,,High income,23.79893285556,48.496494471131285,Suicidio mayor
Jordan,JOR,JO,2005,1.1620567989,2.0,12588665303.244,8043.57046247319,Middle East & North Africa (excluding high income),Upper middle income,0.8379432011000001,1.7210862686687907,Suicidio mayor
Kenya,KEN,KE,2005,2.9586431328,6.0,18737897744.7948,2137.90313421487,Sub-Saharan Africa (excluding high income),Lower middle income,3.0413568672,2.0279566445452724,Suicidio mayor
"Korea, Rep.",KOR,KR,2005,0.84398290864,26.7,934901071332.984,25186.8675668092,,High income,25.85601709136,31.635711726703764,Suicidio mayor
Kuwait,KWT,KW,2005,1.8060114633,2.6,80798630136.9863,83689.2693299015,,High income,0.7939885367000001,1.439636487826716,Suicidio mayor
Kyrgyz Republic,KGZ,KG,2005,9.6742287216,13.2,2460248026.17783,2384.17802618996,Europe & Central Asia (excluding high income),Lower middle income,3.525771278399999,1.3644498574369945,Suicidio mayor
Latvia,LVA,LV,2005,5.5950365809,26.5,17003459863.0989,13913.7883003324,,High income,20.9049634191,4.736340793635579,Suicidio mayor
Lithuania,LTU,LT,2005,11.123540372,42.7,26097677571.8373,14510.5300945386,,High income,31.576459628000002,3.838705895065906,Suicidio mayor
Luxembourg,LUX,LU,2005,0.87365239119,13.4,37658234050.4912,68787.8547494266,,High income,12.526347608810001,15.337907999940215,Suicidio mayor
Malawi,MWI,MW,2005,1.5840392208,7.2,3655909664.1423,1061.99455726456,Sub-Saharan Africa (excluding high income),Low income,5.6159607792,4.545342000031872,Suicidio mayor
Malaysia,MYS,MY,2005,2.3510530986,4.6,143534102611.497,16454.2153771604,East Asia & Pacific (excluding high income),Upper middle income,2.2489469013999996,1.9565700165339515,Suicidio mayor
Malta,MLT,MT,2005,0.9884866023,5.6,6416184181.07201,22306.6228714756,,High income,4.6115133977,5.665225999998361,Suicidio mayor
Mauritius,MUS,MU,2005,3.0277984632,9.0,6488750452.60067,11536.8766924448,Sub-Saharan Africa (excluding high income),Upper middle income,5.9722015368,2.9724567567446805,Suicidio mayor
Mexico,MEX,MX,2005,9.358974931,4.1,877476221382.101,12657.6376721808,Latin America & Caribbean (excluding high income),Upper middle income,-5.258974931000001,0.43808216500499986,Homicidio mayor
Moldova,MDA,MD,2005,7.1165889612,19.4,2988348836.471,4920.41306115406,Europe & Central Asia (excluding high income),Upper middle income,12.283411038799999,2.7260250810844595,Suicidio mayor
Mongolia,MNG,MN,2005,15.753460715,24.0,2523471532.01083,5424.23011840358,East Asia & Pacific (excluding high income),Lower middle income,8.246539285,1.5234747738411458,Suicidio mayor
Montenegro,MNE,ME,2005,3.5691804513,21.7,2257174480.78597,8313.65223425161,Europe & Central Asia (excluding high income),Upper middle income,18.1308195487,6.079827090865138,Suicidio mayor
Morocco,MAR,MA,2005,1.5399485473,9.4,62343022650.8742,4793.26702800313,Middle East & North Africa (excluding high income),Lower middle income,7.8600514527000005,6.104100047031487,Suicidio mayor
Mozambique,MOZ,MZ,2005,5.3137692937,12.6,8542070109.70903,697.431101166552,Sub-Saharan Africa (excluding high income),Low income,7.2862307063,2.371198165290794,Suicidio mayor
Myanmar,MMR,MM,2005,1.3810029681,4.1,10588433068.8549,1617.62678007034,East Asia & Pacific (excluding high income),Lower middle income,2.7189970319,2.968856761865492,Suicidio mayor
Nepal,NPL,NP,2005,3.4104371808,7.9,8130258041.46706,1666.24845791235,South Asia,Lower middle income,4.4895628192000006,2.3164185648911046,Suicidio mayor
Netherlands,NLD,NL,2005,1.0631048662,9.8,685092650167.89,37625.5617084958,,High income,8.736895133800001,9.218281574638512,Suicidio mayor
New Zealand,NZL,NZ,2005,1.4750856819,12.9,114720129550.095,25677.4190803252,,High income,11.4249143181,8.745254705058228,Suicidio mayor
Nicaragua,NIC,NI,2005,13.403958158,5.2,6321335612.22233,3392.56217832768,Latin America & Caribbean (excluding high income),Lower middle income,-8.203958157999999,0.3879451083556568,Homicidio mayor
North Macedonia,MKD,MK,2005,2.13563205,8.6,6258600713.82627,7848.88296708719,Europe & Central Asia (excluding high income),Upper middle income,6.46436795,4.026910909114704,Suicidio mayor
Norway,NOR,NO,2005,0.71238002063,12.4,308884284051.222,47797.5299472052,,High income,11.68761997937,17.406439878864013,Suicidio mayor
Oman,OMN,OM,2005,2.110499376,6.0,31081991677.5033,43244.722390149,,High income,3.889500624,2.8429290566158407,Suicidio mayor
Pakistan,PAK,PK,2005,6.1021556373,9.0,120055291992.938,3357.36342582462,South Asia,Lower middle income,2.8978443627,1.4748886352531971,Suicidio mayor
Panama,PAN,PA,2005,10.930202251,5.0,16374393900.0,10527.4555523952,Latin America & Caribbean (excluding high income),Upper middle income,-5.930202251000001,0.45744807691390627,Homicidio mayor
Papua New Guinea,PNG,PG,2005,9.2842047501,2.4,4865892972.27595,2335.16219732148,East Asia & Pacific (excluding high income),Lower middle income,-6.8842047501,0.2585035621897664,Homicidio mayor
Paraguay,PRY,PY,2005,15.229833991,4.4,10737500188.1123,7485.2992173735,Latin America & Caribbean (excluding high income),Upper middle income,-10.829833991,0.28890662909393233,Homicidio mayor
Philippines,PHL,PH,2005,7.4531210674,1.9,107419961717.119,4370.37388742261,East Asia & Pacific (excluding high income),Lower middle income,-5.553121067399999,0.2549267592486337,Homicidio mayor
Poland,POL,PL,2005,1.4464818525,17.7,306144336269.51,13896.7933802513,,High income,16.2535181475,12.23658628651893,Suicidio mayor
Portugal,PRT,PT,2005,1.2846750448,11.4,197180330804.626,22725.2774946084,,High income,10.1153249552,8.873839377626245,Suicidio mayor
Qatar,QAT,QA,2005,0.69331299615,6.8,44530494505.4945,109856.952919085,,High income,6.10668700385,9.80798000002989,Suicidio mayor
Romania,ROU,RO,2005,2.0217313239,12.3,98452791982.7024,9602.10475909396,Europe & Central Asia (excluding high income),Upper middle income,10.278268676100001,6.083894459463987,Suicidio mayor
Russian Federation,RUS,RU,2005,24.803698003,49.8,764017107992.391,11822.3469289417,Europe & Central Asia (excluding high income),Upper middle income,24.996301996999996,2.0077651321982994,Suicidio mayor
Saudi Arabia,SAU,SA,2005,1.2470516361,3.7,328459700114.755,47161.1288397301,,High income,2.4529483639,2.9669982323837796,Suicidio mayor
Serbia,SRB,RS,2005,1.5989004786,20.1,27683225959.2468,9181.68830136227,Europe & Central Asia (excluding high income),Upper middle income,18.5010995214,12.571138897650211,Suicidio mayor
Sierra Leone,SLE,SL,2005,1.753569,6.0,1650494366.99875,908.469057737067,Sub-Saharan Africa (excluding high income),Low income,4.246431,3.4215933333675492,Suicidio mayor
Singapore,SGP,SG,2005,0.49229984436,11.2,127807618360.971,58717.2171494993,,High income,10.70770015564,22.750362666801635,Suicidio mayor
Slovak Republic,SVK,SK,2005,1.7225533353,13.7,62785305310.2848,16639.3941239799,,High income,11.977446664699999,7.953309612682621,Suicidio mayor
Slovenia,SVN,SI,2005,1.0025168185,26.8,36206395970.6504,23852.6430383942,,High income,25.797483181500002,26.732718599274055,Suicidio mayor
Solomon Islands,SLB,SB,2005,5.5328802046,14.0,476898763.595798,1723.06739974187,East Asia & Pacific (excluding high income),Lower middle income,8.4671197954,2.5303276923220737,Suicidio mayor
South Africa,ZAF,ZA,2005,38.0,24.4,288868489078.987,10785.0833126626,Sub-Saharan Africa (excluding high income),Upper middle income,-13.600000000000001,0.6421052631578947,Homicidio mayor
Spain,ESP,ES,2005,1.1767614244,8.0,1153285660987.44,27606.9340516269,,High income,6.8232385756,6.798319382434712,Suicidio mayor
Sri Lanka,LKA,LK,2005,6.2368930592,28.6,24405791044.7761,5670.95512893446,South Asia,Lower middle income,22.3631069408,4.585616544733331,Suicidio mayor
St. Lucia,LCA,LC,2005,25.090570841,7.1,1135555555.55556,10749.9007590603,Latin America & Caribbean (excluding high income),Upper middle income,-17.990570841,0.28297482926925005,Homicidio mayor
St. Vincent and the Grenadines,VCT,VC,2005,23.937321046,9.9,550729629.62963,8593.56705003991,Latin America & Caribbean (excluding high income),Upper middle income,-14.037321046,0.41358011537612394,Homicidio mayor
Suriname,SUR,SR,2005,13.814892454,24.2,1793388732.29125,10405.6786663813,Latin America & Caribbean (excluding high income),Upper middle income,10.385107545999999,1.7517327826169988,Suicidio mayor
Sweden,SWE,SE,2005,0.91828106194,15.7,392218088878.779,34244.4650156257,,High income,14.78171893806,17.097161915581168,Suicidio mayor
Switzerland,CHE,CH,2005,1.015322159,19.0,420544947799.55,41749.2164457237,,High income,17.984677841,18.713272266916025,Suicidio mayor
Syrian Arab Republic,SYR,SY,2005,2.3418976713,1.4,134203830734.967,,Middle East & North Africa (excluding high income),Low income,-0.9418976713,0.5978057953415413,Homicidio mayor
Tajikistan,TJK,TJ,2005,2.3124561259,3.6,2312327536.41789,1705.06752902129,Europe & Central Asia (excluding high income),Lower middle income,1.2875438741000003,1.5567862930151346,Suicidio mayor
Thailand,THA,TH,2005,7.3468052381,9.1,189318549680.384,10256.3348319773,East Asia & Pacific (excluding high income),Upper middle income,1.7531947618999997,1.2386336244233151,Suicidio mayor
Timor-Leste,TLS,TL,2005,4.6225116316,3.0,462283600.0,1366.55984466085,East Asia & Pacific (excluding high income),Lower middle income,-1.6225116316000001,0.6489978260934313,Homicidio mayor
Tonga,TON,TO,2005,3.9640068181,4.0,261797606.149719,4311.6985292509,East Asia & Pacific (excluding high income),Upper middle income,0.03599318189999989,1.009079999997894,Tasas similares
Trinidad and Tobago,TTO,TT,2005,29.772533218,12.7,15982282462.3786,23485.5304913971,,High income,-17.072533218,0.4265676658082216,Homicidio mayor
Tunisia,TUN,TN,2005,2.5725310282,3.7,32273007553.5687,8156.64497357494,Middle East & North Africa (excluding high income),Lower middle income,1.1274689718000004,1.4382722538390103,Suicidio mayor
Turkey,TUR,TR,2005,4.8672040443,2.8,506308311476.63,12003.8479309778,Europe & Central Asia (excluding high income),Upper middle income,-2.0672040443000004,0.5752789434170301,Homicidio mayor
Turkmenistan,TKM,TM,2005,4.3325988947,15.1,8103901996.37024,5829.42818075931,Europe & Central Asia (excluding high income),Upper middle income,10.7674011053,3.4852060776896727,Suicidio mayor
Uganda,UGA,UG,2005,9.0013975284,9.7,9239221858.55839,1510.66554659779,Sub-Saharan Africa (excluding high income),Low income,0.6986024715999992,1.0776104454220428,Tasas similares
Ukraine,UKR,UA,2005,6.4618253804,33.8,89239370109.4698,7210.60349505145,Europe & Central Asia (excluding high income),Lower middle income,27.338174619599997,5.230720115483485,Suicidio mayor
United Arab Emirates,ARE,AE,2005,1.2205163569,7.9,180617467964.602,97671.629302072,,High income,6.6794836431,6.472670321326359,Suicidio mayor
United Kingdom,GBR,GB,2005,1.3833609511,7.9,2544829090909.09,32747.3540098412,,High income,6.5166390489,5.710729360777603,Suicidio mayor
United States,USA,US,2005,5.6747011338,11.9,13036640230000.0,44114.7477810544,,High income,6.2252988662,2.097026736636489,Suicidio mayor
Uruguay,URY,UY,2005,5.7197921969,14.8,17362857683.8545,11580.3856760681,,High income,9.0802078031,2.587506589491358,Suicidio mayor
Uzbekistan,UZB,UZ,2005,3.443345706,9.1,14307509838.8053,3641.92894904021,Europe & Central Asia (excluding high income),Lower middle income,5.656654293999999,2.642778500033653,Suicidio mayor
"Venezuela, RB",VEN,VE,2005,37.696096596,4.4,145510008134.75,13657.8155423489,,Not classified,-33.296096596,0.11672296065972233,Homicidio mayor
Vietnam,VNM,VN,2005,1.2560736769,6.3,57633255618.2731,2960.64101845087,East Asia & Pacific (excluding high income),Lower middle income,5.0439263231,5.015629350300892,Suicidio mayor
"Yemen, Rep.",YEM,YE,2005,4.6997585369,5.9,16746344766.2044,3526.67428247206,Middle East & North Africa (excluding high income),Low income,1.2002414631000002,1.2553836444311646,Suicidio mayor
Zimbabwe,ZWE,ZW,2005,11.178553209,14.0,5755215200.0,1705.56997941708,Sub-Saharan Africa (excluding high income),Lower middle income,2.8214467909999996,1.2523982073752098,Suicidio mayor
Albania,ALB,AL,2006,3.1015131793,7.8,8896072918.9814,6566.57282794654,Europe & Central Asia (excluding high income),Upper middle income,4.6984868206999995,2.5149014526388154,Suicidio mayor
Algeria,DZA,DZ,2006,0.9274395383,3.7,117027307540.89,11776.0404022627,Middle East & North Africa (excluding high income),Lower middle income,2.7725604617000004,3.989478394227308,Suicidio mayor
Antigua and Barbuda,ATG,AG,2006,13.298676177,0.5,1157662962.96296,23180.4007139502,,High income,-12.798676177,0.0375977272733919,Homicidio mayor
Argentina,ARG,AR,2006,5.3728853713,8.6,232557260817.308,14951.7289508076,Latin America & Caribbean (excluding high income),Upper middle income,3.2271146287,1.6006297186122884,Suicidio mayor
Armenia,ARM,AM,2006,2.6704517221,5.9,6384451606.1421,6411.81964016089,Europe & Central Asia (excluding high income),Upper middle income,3.2295482779,2.209364037991421,Suicidio mayor
Australia,AUS,AU,2006,1.368975412,10.6,747556154537.287,34369.6193939212,,High income,9.231024588,7.743017082033611,Suicidio mayor
Austria,AUT,AT,2006,0.73623970999,16.4,335998557270.104,37662.1851663577,,High income,15.663760290009998,22.275353770611954,Suicidio mayor
Azerbaijan,AZE,AZ,2006,2.2015832164,4.7,20982986344.3027,9233.68079666208,Europe & Central Asia (excluding high income),Upper middle income,2.4984167836,2.134827321079136,Suicidio mayor
"Bahamas, The",BHS,BS,2006,18.427221537,3.5,10167250000.0,32401.6259235917,,High income,-14.927221537000001,0.1899363934477237,Homicidio mayor
Bahrain,BHR,BH,2006,0.73036644571,8.2,18504760638.2979,46200.6358641054,,High income,7.46963355429,11.22724085719554,Suicidio mayor
Bangladesh,BGD,BD,2006,2.9562630462,5.0,71819083683.7403,1901.71670067808,South Asia,Lower middle income,2.0437369538,1.691324459921465,Suicidio mayor
Barbados,BRB,BB,2006,12.613748986,1.6,4217500000.0,16098.2105334943,,High income,-11.013748986,0.1268457142896882,Homicidio mayor
Belarus,BLR,BY,2006,7.7126084546,40.9,36954312354.3124,10994.7667382994,Europe & Central Asia (excluding high income),Upper middle income,33.1873915454,5.303004844697669,Suicidio mayor
Belgium,BEL,BE,2006,2.081080399,20.2,407918078032.869,35259.1867115805,,High income,18.118919600999998,9.70649668782931,Suicidio mayor
Belize,BLZ,BZ,2006,31.578441535,5.6,1210603750.0,7306.60713099128,Latin America & Caribbean (excluding high income),Lower middle income,-25.978441535,0.1773361739145117,Homicidio mayor
Bhutan,BTN,BT,2006,1.3690211803,4.5,874989895.601121,4412.51005792387,South Asia,Lower middle income,3.1309788197,3.287019999949083,Suicidio mayor
Bolivia,BOL,BO,2006,5.1301433279,5.9,11451869164.7112,4335.38171739243,Latin America & Caribbean (excluding high income),Lower middle income,0.7698566721000004,1.1500653340254994,Tasas similares
Bosnia and Herzegovina,BIH,BA,2006,1.9386937241,10.7,12864610862.5901,7414.01942076698,Europe & Central Asia (excluding high income),Upper middle income,8.761306275899999,5.519180191789841,Suicidio mayor
Botswana,BWA,BW,2006,14.216375413,32.0,10137883299.3156,11311.7552206419,Sub-Saharan Africa (excluding high income),Upper middle income,17.783624587,2.25092536391083,Suicidio mayor
Brazil,BRA,BR,2006,23.960670588,4.7,1107626711406.63,11642.4470546838,Latin America & Caribbean (excluding high income),Upper middle income,-19.260670588,0.1961547771686264,Homicidio mayor
Brunei Darussalam,BRN,BN,2006,0.81023707537,2.9,11470703002.0769,79772.8905497993,,High income,2.08976292463,3.5791993333256147,Suicidio mayor
Bulgaria,BGR,BG,2006,2.4374198993,13.4,34379808888.6039,11408.1180610219,Europe & Central Asia (excluding high income),Upper middle income,10.9625801007,5.497616559152705,Suicidio mayor
Burkina Faso,BFA,BF,2006,0.498945237,8.1,6547420133.69942,1291.48579644952,Sub-Saharan Africa (excluding high income),Low income,7.601054763,16.234246565219742,Suicidio mayor
Cabo Verde,CPV,CV,2006,7.459966622,13.1,1107891063.43863,4552.22942052653,Sub-Saharan Africa (excluding high income),Lower middle income,5.640033378,1.7560400285662296,Suicidio mayor
Cambodia,KHM,KH,2006,2.967864336,5.7,7274595706.67154,1936.88290122022,East Asia & Pacific (excluding high income),Lower middle income,2.7321356640000003,1.920572962469805,Suicidio mayor
Canada,CAN,CA,2006,1.8686421985,11.2,1319264809590.97,38119.4131958397,,High income,9.3313578015,5.993656789400606,Suicidio mayor
Chile,CHL,CL,2006,3.6075682379,10.0,154788024805.865,15753.960100542,,High income,6.3924317621,2.771950338996525,Suicidio mayor
China,CHN,CN,2006,1.3428634132,12.1,2752131773358.92,5836.57343667871,East Asia & Pacific (excluding high income),Upper middle income,10.7571365868,9.010596223755991,Suicidio mayor
Colombia,COL,CO,2006,40.459804299,4.1,161618581266.316,9035.56563955056,Latin America & Caribbean (excluding high income),Upper middle income,-36.359804299,0.10133514165567367,Homicidio mayor
Costa Rica,CRI,CR,2006,8.0774682131,8.4,22715540324.3149,10727.2032806153,Latin America & Caribbean (excluding high income),Upper middle income,0.32253178690000084,1.0399298119647096,Tasas similares
Croatia,HRV,HR,2006,1.6930608756,18.3,50860788253.2176,17595.7572055905,,High income,16.6069391244,10.808825756790762,Suicidio mayor
Cuba,CUB,CU,2006,5.1148892027,12.7,52742800000.0,,Latin America & Caribbean (excluding high income),Upper middle income,7.5851107973,2.4829472343792007,Suicidio mayor
Cyprus,CYP,CY,2006,1.4347092514,3.5,20072786350.5206,30015.4141242199,,High income,2.0652907486,2.439518666645994,Suicidio mayor
Czech Republic,CZE,CZ,2006,1.262306395,14.5,156264095664.643,23923.7038826992,,High income,13.237693605,11.48691003819243,Suicidio mayor
Denmark,DNK,DK,2006,0.53266787809,14.7,282884947702.966,37334.3901608479,,High income,14.167332121909999,27.596933482661168,Suicidio mayor
Dominican Republic,DOM,DO,2006,23.257123226,4.7,37879869897.8979,9274.89754992466,Latin America & Caribbean (excluding high income),Upper middle income,-18.557123226,0.20208862266962133,Homicidio mayor
Ecuador,ECU,EC,2006,16.9637649,10.0,46802044000.0,8037.88613710275,Latin America & Caribbean (excluding high income),Upper middle income,-6.963764900000001,0.5894917819805436,Homicidio mayor
"Egypt, Arab Rep.",EGY,EG,2006,0.71415869699,3.1,107426086956.522,7606.75573398818,Middle East & North Africa (excluding high income),Lower middle income,2.3858413030100003,4.340771894350266,Suicidio mayor
El Salvador,SLV,SV,2006,64.595243441,6.6,15999890000.0,5615.68672543057,Latin America & Caribbean (excluding high income),Lower middle income,-57.99524344099999,0.1021747058826136,Homicidio mayor
Estonia,EST,EE,2006,6.743872895,20.9,17022870405.2189,19345.3147116353,,High income,14.156127105,3.0991094176012046,Suicidio mayor
Eswatini,SWZ,SZ,2006,12.257563254,47.3,3291353835.93,6743.02954493251,Sub-Saharan Africa (excluding high income),Lower middle income,35.04243674599999,3.85884200797941,Suicidio mayor
Fiji,FJI,FJ,2006,2.657425269,9.2,3076305452.86506,7573.56300502875,East Asia & Pacific (excluding high income),Upper middle income,6.542574730999999,3.461997636329392,Suicidio mayor
Finland,FIN,FI,2006,2.2548597913,21.0,216907539831.891,34455.1053330327,,High income,18.7451402087,9.313217647068344,Suicidio mayor
France,FRA,FR,2006,1.4290609278,18.5,2318593651988.46,32468.5415789063,,High income,17.0709390722,12.945564209414249,Suicidio mayor
Georgia,GEO,GE,2006,7.7093420518,6.2,7745394293.41721,5860.35839090633,Europe & Central Asia (excluding high income),Upper middle income,-1.5093420518,0.8042190835925364,Homicidio mayor
Germany,DEU,DE,2006,0.99174890685,12.8,2992196713084.93,34160.3449318802,,High income,11.80825109315,12.906492673287085,Suicidio mayor
Ghana,GHA,GH,2006,1.8410069736,7.0,20440893017.1566,2394.92984801893,Sub-Saharan Africa (excluding high income),Lower middle income,5.1589930264,3.8022669660570805,Suicidio mayor
Greece,GRC,GR,2006,0.98343968041,3.7,273317736795.885,28549.1517418687,,High income,2.71656031959,3.762304972743682,Suicidio mayor
Grenada,GRD,GD,2006,11.435323715,5.1,698700666.666667,10353.7204895313,Latin America & Caribbean (excluding high income),Upper middle income,-6.335323715000001,0.4459864999982643,Homicidio mayor
Guatemala,GTM,GT,2006,43.927672881,10.7,29744368110.9094,5894.58435338262,Latin America & Caribbean (excluding high income),Upper middle income,-33.227672881000004,0.24358221818365575,Homicidio mayor
Guyana,GUY,GY,2006,20.500177534,30.7,2379818382.99241,7469.20050496154,Latin America & Caribbean (excluding high income),Upper middle income,10.199822466,1.497548006551815,Suicidio mayor
Honduras,HND,HN,2006,40.842016191,2.2,10841724916.9457,3443.77085935893,Latin America & Caribbean (excluding high income),Lower middle income,-38.642016190999996,0.05386609685750027,Homicidio mayor
Hungary,HUN,HU,2006,1.7303692837,24.9,115751266695.185,18389.4102769846,,High income,23.1696307163,14.38999191360877,Suicidio mayor
Iceland,ISL,IS,2006,0.0,12.5,17465318552.2941,39700.3293648154,,High income,12.5,,Suicidio mayor
India,IND,IN,2006,3.8577030332,15.6,940259888792.141,3237.29479935858,South Asia,Lower middle income,11.7422969668,4.043857151715397,Suicidio mayor
Ireland,IRL,IE,2006,1.4655065843,10.9,231986253920.462,44232.3730467878,,High income,9.4344934157,7.437701144963734,Suicidio mayor
Israel,ISR,IL,2006,2.2901993985,5.5,154145495309.484,25700.938363473,,High income,3.2098006015,2.4015376144113505,Suicidio mayor
Italy,ITA,IT,2006,1.0675982911,6.7,1947919708944.93,32453.5837076357,,High income,5.6324017089,6.275768756707783,Suicidio mayor
Jamaica,JAM,JM,2006,48.649186361,1.5,11930171468.3796,7965.47713872543,Latin America & Caribbean (excluding high income),Upper middle income,-47.149186361,0.03083299253700339,Homicidio mayor
Japan,JPN,JP,2006,0.48200186353,23.9,4601663122649.92,33634.6317066787,,High income,23.417998136469997,49.584870533415376,Suicidio mayor
Jordan,JOR,JO,2006,1.6690180349,1.9,15056929760.2257,8619.9057615028,Middle East & North Africa (excluding high income),Upper middle income,0.23098196510000002,1.1383939300055792,Tasas similares
Kenya,KEN,KE,2006,2.9375517394,6.0,25825524820.8064,2281.36970575576,Sub-Saharan Africa (excluding high income),Lower middle income,3.0624482606,2.0425172157905584,Suicidio mayor
"Korea, Rep.",KOR,KR,2006,0.850396174,23.7,1053216909887.56,26884.2673283358,,High income,22.849603826,27.86936339156201,Suicidio mayor
Kuwait,KWT,KW,2006,1.8958056774,2.7,101548931771.192,88660.5211134062,,High income,0.8041943226000001,1.424196599992733,Suicidio mayor
Kyrgyz Republic,KGZ,KG,2006,8.7034936331,13.1,2834168889.42019,2505.46516840785,Europe & Central Asia (excluding high income),Lower middle income,4.396506366899999,1.505142710759249,Suicidio mayor
Latvia,LVA,LV,2006,5.7526461049,23.2,21570076498.6205,15859.3153882025,,High income,17.4473538951,4.032926687466253,Suicidio mayor
Lithuania,LTU,LT,2006,8.7184776327,35.2,30183575103.5262,16483.8503582706,,High income,26.481522367300002,4.037402111118224,Suicidio mayor
Luxembourg,LUX,LU,2006,1.5034009076,15.2,42874225316.7733,78878.4577485144,,High income,13.6965990924,10.110410285879755,Suicidio mayor
Malawi,MWI,MW,2006,6.3281904389,7.5,3998020176.67364,1114.85175571915,Sub-Saharan Africa (excluding high income),Low income,1.1718095611,1.1851729293569886,Tasas similares
Malaysia,MYS,MY,2006,2.2441074433,4.5,162691238209.476,17549.6029455376,East Asia & Pacific (excluding high income),Upper middle income,2.2558925567,2.0052515816188685,Suicidio mayor
Malta,MLT,MT,2006,0.0,6.8,6778324049.68009,23320.9598431822,,High income,6.8,,Suicidio mayor
Mauritius,MUS,MU,2006,4.0713661632,9.2,7028803365.70151,12406.3264296181,Sub-Saharan Africa (excluding high income),Upper middle income,5.128633836799999,2.259683760000847,Suicidio mayor
Mexico,MEX,MX,2006,9.7173530477,4.0,975387131716.089,13812.9013959234,Latin America & Caribbean (excluding high income),Upper middle income,-5.7173530477,0.41163473019504626,Homicidio mayor
Moldova,MDA,MD,2006,6.3189415821,19.7,3408244549.19999,5327.428299442,Europe & Central Asia (excluding high income),Upper middle income,13.3810584179,3.117610717561503,Suicidio mayor
Mongolia,MNG,MN,2006,13.13087812,23.7,3414055566.1138,5989.65998472923,East Asia & Pacific (excluding high income),Lower middle income,10.569121879999999,1.8049059463815966,Suicidio mayor
Montenegro,MNE,ME,2006,4.0462044175,22.3,2721903148.91482,10458.7261021072,Europe & Central Asia (excluding high income),Upper middle income,18.2537955825,5.51133795997839,Suicidio mayor
Morocco,MAR,MA,2006,1.6166369996,9.3,68640825480.9223,5250.52167643913,Middle East & North Africa (excluding high income),Lower middle income,7.683363000400001,5.752682885707227,Suicidio mayor
Mozambique,MOZ,MZ,2006,4.2409649894,12.6,9176889070.42298,766.276874849406,Sub-Saharan Africa (excluding high income),Low income,8.3590350106,2.971021932860288,Suicidio mayor
Myanmar,MMR,MM,2006,1.5760313741,4.1,11863016315.2934,1874.90036379915,East Asia & Pacific (excluding high income),Lower middle income,2.5239686258999994,2.6014710540526664,Suicidio mayor
Nepal,NPL,NP,2006,2.3401516272,7.7,9043715355.8881,1752.4997982394,South Asia,Lower middle income,5.3598483728,3.290385080394589,Suicidio mayor
Netherlands,NLD,NL,2006,0.7785844981,9.6,733340860619.747,41013.7866357674,,High income,8.821415501899999,12.33006825004496,Suicidio mayor
New Zealand,NZL,NZ,2006,1.1706015602,13.1,111538810712.665,27755.5270442179,,High income,11.9293984398,11.190827387725193,Suicidio mayor
Nicaragua,NIC,NI,2006,13.094519762,4.6,6763418645.81377,3590.83108463621,Latin America & Caribbean (excluding high income),Lower middle income,-8.494519762,0.3512919972330025,Homicidio mayor
North Macedonia,MKD,MK,2006,2.2296198207,9.7,6861222331.96317,8690.23692593986,Europe & Central Asia (excluding high income),Upper middle income,7.470380179299999,4.350517478336122,Suicidio mayor
Norway,NOR,NO,2006,0.70618657963,12.8,345581369965.54,54160.4818000859,,High income,12.093813420370001,18.125521454551635,Suicidio mayor
Oman,OMN,OM,2006,4.688554077,6.5,37215779713.9142,45682.4913777081,,High income,1.811445923,1.386354917369123,Suicidio mayor
Pakistan,PAK,PK,2006,6.1259841066,9.2,137264061106.043,3579.96243151875,South Asia,Lower middle income,3.0740158933999995,1.5017995214986148,Suicidio mayor
Panama,PAN,PA,2006,6.5159583486,5.7,18141666300.0,11570.9739310535,Latin America & Caribbean (excluding high income),Upper middle income,-0.8159583485999997,0.8747753891374529,Tasas similares
Papua New Guinea,PNG,PG,2006,9.177222855,2.4,8355006706.57899,2477.99474593437,East Asia & Pacific (excluding high income),Lower middle income,-6.777222855,0.26151702295127494,Homicidio mayor
Paraguay,PRY,PY,2006,12.548171789,4.2,13429430050.261,7960.72539286794,Latin America & Caribbean (excluding high income),Upper middle income,-8.348171788999998,0.33471011320404553,Homicidio mayor
Philippines,PHL,PH,2006,7.0543787354,2.0,127652859201.489,4657.70879087958,East Asia & Pacific (excluding high income),Lower middle income,-5.0543787354,0.2835118548375749,Homicidio mayor
Poland,POL,PL,2006,1.2775572022,17.1,344622003093.581,15152.3360834285,,High income,15.8224427978,13.38491925884272,Suicidio mayor
Portugal,PRT,PT,2006,1.4701925108,11.5,208581694893.991,24682.718852129,,High income,10.0298074892,7.822104870975241,Suicidio mayor
Qatar,QAT,QA,2006,0.48890001408,6.8,60882142857.1429,120838.17387899,,High income,6.311099985919999,13.908774400009115,Suicidio mayor
Romania,ROU,RO,2006,1.6812411911,12.9,122022997508.01,11556.6242467632,Europe & Central Asia (excluding high income),Upper middle income,11.2187588089,7.672902655662277,Suicidio mayor
Russian Federation,RUS,RU,2006,20.11390843,44.8,989930542278.695,14912.2339332667,Europe & Central Asia (excluding high income),Upper middle income,24.68609157,2.2273145050805025,Suicidio mayor
Rwanda,RWA,RW,2006,3.5274569954,8.4,3317951468.37027,1028.87654054542,Sub-Saharan Africa (excluding high income),Low income,4.872543004600001,2.3813188965745202,Suicidio mayor
Sao Tome and Principe,STP,ST,2006,2.4740839704,1.5,142775597.255916,2464.32094404129,Sub-Saharan Africa (excluding high income),Lower middle income,-0.9740839704000002,0.6062850000024397,Homicidio mayor
Saudi Arabia,SAU,SA,2006,1.0408879991,4.0,376900135727.637,48552.5274052976,,High income,2.9591120009000003,3.842872627466726,Suicidio mayor
Serbia,SRB,RS,2006,1.7056799031,19.5,32482070360.3204,10209.1835204463,Europe & Central Asia (excluding high income),Upper middle income,17.7943200969,11.432391250292383,Suicidio mayor
Seychelles,SYC,SC,2006,10.052720936,8.1,1016418229.25159,17027.8441744009,,High income,-1.9527209360000004,0.8057520000374155,Homicidio mayor
Sierra Leone,SLE,SL,2006,1.7326443928,6.5,1885112201.85278,944.768967643814,Sub-Saharan Africa (excluding high income),Low income,4.7673556072,3.7514910890028768,Suicidio mayor
Singapore,SGP,SG,2006,0.38615967384,11.7,148630373214.173,63910.0846986138,,High income,11.31384032616,30.298347529803785,Suicidio mayor
Slovak Republic,SVK,SK,2006,1.5188914908,14.5,70708098105.6329,18914.02796042,,High income,12.9811085092,9.546435731470753,Suicidio mayor
Slovenia,SVN,SI,2006,0.59927278248,27.9,39481045038.2637,25720.4495520146,,High income,27.30072721752,46.55642774988054,Suicidio mayor
Solomon Islands,SLB,SB,2006,4.7808499936,14.1,538668769.301531,1818.32755751358,East Asia & Pacific (excluding high income),Lower middle income,9.3191500064,2.949266347799095,Suicidio mayor
South Africa,ZAF,ZA,2006,38.7,23.6,303860874149.007,11586.7845935066,Sub-Saharan Africa (excluding high income),Upper middle income,-15.100000000000001,0.6098191214470284,Homicidio mayor
Spain,ESP,ES,2006,1.0641969904,7.5,1259343871534.31,30720.2222055087,,High income,6.4358030096,7.04756738428754,Suicidio mayor
Sri Lanka,LKA,LK,2006,10.377753792,18.3,28279814924.5918,6242.37155825562,South Asia,Lower middle income,7.922246208000001,1.763387373297206,Suicidio mayor
St. Lucia,LCA,LC,2006,26.001040042,7.6,1268319185.18519,11621.2503420166,Latin America & Caribbean (excluding high income),Upper middle income,-18.401040041999998,0.292295999995522,Homicidio mayor
St. Vincent and the Grenadines,VCT,VC,2006,18.415867111,6.2,610929629.62963,9535.6041729117,Latin America & Caribbean (excluding high income),Upper middle income,-12.215867111000001,0.33666620000188163,Homicidio mayor
Suriname,SUR,SR,2006,12.270132913,24.6,2626380435.17877,11210.7956395906,Latin America & Caribbean (excluding high income),Upper middle income,12.329867087000002,2.0048682581047443,Suicidio mayor
Sweden,SWE,SE,2006,1.0004210563,15.0,423093437423.762,37730.1637455216,,High income,13.9995789437,14.993686813706862,Suicidio mayor
Switzerland,CHE,CH,2006,0.80450943629,18.8,443801905407.561,46502.9282746387,,High income,17.99549056371,23.36827780006697,Suicidio mayor
Syrian Arab Republic,SYR,SY,2006,2.3400702346,1.4,153799910913.14,,Middle East & North Africa (excluding high income),Low income,-0.9400702346000003,0.5982726412651067,Homicidio mayor
Tajikistan,TJK,TJ,2006,2.8024193257,3.6,2830220713.07301,1843.44683002803,Europe & Central Asia (excluding high income),Lower middle income,0.7975806743000002,1.2846043299036904,Suicidio mayor
Thailand,THA,TH,2006,7.1217430599,8.9,221758196504.936,11024.8482113762,East Asia & Pacific (excluding high income),Upper middle income,1.7782569401000003,1.249694060168041,Suicidio mayor
Timor-Leste,TLS,TL,2006,4.820761149,2.7,453805100.0,1321.61947074332,East Asia & Pacific (excluding high income),Lower middle income,-2.120761149,0.5600775306115462,Homicidio mayor
Tonga,TON,TO,2006,7.8651906326,4.0,292232117.078998,4400.42839638835,East Asia & Pacific (excluding high income),Upper middle income,-3.8651906326,0.5085699999972815,Homicidio mayor
Trinidad and Tobago,TTO,TT,2006,28.482548106,11.3,18369361094.3886,27264.7716451549,,High income,-17.182548106,0.39673416710984494,Homicidio mayor
Tunisia,TUN,TN,2006,2.4408866751,3.7,34377310293.0128,8762.2979006963,Middle East & North Africa (excluding high income),Lower middle income,1.2591133249000004,1.5158425984067516,Suicidio mayor
Turkey,TUR,TR,2006,4.6075436689,2.7,557057829051.453,13748.436532895,Europe & Central Asia (excluding high income),Upper middle income,-1.9075436688999998,0.5859955312468249,Homicidio mayor
Turkmenistan,TKM,TM,2006,4.2202741972,15.1,10276674364.8961,6588.02983396395,Europe & Central Asia (excluding high income),Upper middle income,10.8797258028,3.5779665714655,Suicidio mayor
Uganda,UGA,UG,2006,9.4359846665,9.4,9977647644.69953,1670.71134018788,Sub-Saharan Africa (excluding high income),Low income,-0.03598466649999921,0.9961864428809689,Tasas similares
Ukraine,UKR,UA,2006,6.3466320593,30.8,111884752475.248,8045.48650081632,Europe & Central Asia (excluding high income),Lower middle income,24.4533679407,4.852967638933378,Suicidio mayor
United Arab Emirates,ARE,AE,2006,0.73582517699,8.3,222116541865.214,95679.8575342087,,High income,7.564174823010001,11.279853230834474,Suicidio mayor
United Kingdom,GBR,GB,2006,1.4139771875,7.8,2717059797608.1,34845.5917720001,,High income,6.3860228125,5.516354909368013,Suicidio mayor
United States,USA,US,2006,5.8130909014,12.1,13814611414000.0,46298.7314440927,,High income,6.2869090986,2.081508822971595,Suicidio mayor
Uruguay,URY,UY,2006,6.0744517281,15.5,19579457966.0538,12406.3658786305,,High income,9.4255482719,2.5516706188145437,Suicidio mayor
Uzbekistan,UZB,UZ,2006,3.212199104,8.8,17330833852.919,3982.83202748454,Europe & Central Asia (excluding high income),Lower middle income,5.587800896000001,2.7395562090288164,Suicidio mayor
"Venezuela, RB",VEN,VE,2006,45.649583858,3.9,183477522123.894,15219.7156169083,,Not classified,-41.749583858,0.08543341845418669,Homicidio mayor
Vietnam,VNM,VN,2006,1.238513833,6.4,66371664817.0436,3232.81296935298,East Asia & Pacific (excluding high income),Lower middle income,5.1614861670000005,5.167483664270062,Suicidio mayor
"Yemen, Rep.",YEM,YE,2006,4.3262530376,5.8,19061978586.1278,3643.45450382773,Middle East & North Africa (excluding high income),Low income,1.4737469624,1.3406520491500342,Suicidio mayor
Zimbabwe,ZWE,ZW,2006,8.8190560056,14.4,5443896500.0,1685.36238949018,Sub-Saharan Africa (excluding high income),Lower middle income,5.5809439944,1.6328278208978562,Suicidio mayor
Albania,ALB,AL,2007,3.4607858357,8.1,10677324144.4289,7283.34263812006,Europe & Central Asia (excluding high income),Upper middle income,4.6392141643,2.340508885711399,Suicidio mayor
Algeria,DZA,DZ,2007,0.79316355068,3.5,134977082623.78,12311.0384280957,Middle East & North Africa (excluding high income),Lower middle income,2.70683644932,4.412709077464991,Suicidio mayor
Antigua and Barbuda,ATG,AG,2007,20.231110688,0.4,1312759259.25926,25613.5465027525,,High income,-19.831110688000003,0.019771529411742005,Homicidio mayor
Argentina,ARG,AR,2007,5.3900404903,8.3,287530508430.568,16570.0078336983,Latin America & Caribbean (excluding high income),Upper middle income,2.909959509700001,1.5398771150118091,Suicidio mayor
Armenia,ARM,AM,2007,2.6256429842,5.8,9206301700.39619,7551.64363563305,Europe & Central Asia (excluding high income),Upper middle income,3.1743570157999996,2.208982727241261,Suicidio mayor
Australia,AUS,AU,2007,1.2191426043,10.9,853955405511.502,36599.8507307471,,High income,9.6808573957,8.940709611455583,Suicidio mayor
Austria,AUT,AT,2007,0.54127322618,16.0,388691445387.353,39430.6091682131,,High income,15.45872677382,29.559932444689615,Suicidio mayor
Azerbaijan,AZE,AZ,2007,2.1663785612,4.9,33050343782.7759,11718.5267261314,Europe & Central Asia (excluding high income),Upper middle income,2.7336214388,2.2618392222667643,Suicidio mayor
"Bahamas, The",BHS,BS,2007,23.118851645,3.2,10618340000.0,33117.6050712001,,High income,-19.918851645,0.1384151794880381,Homicidio mayor
Bahrain,BHR,BH,2007,0.38612871214,9.6,21730000000.0,47532.8591584055,,High income,9.21387128786,24.862176000315912,Suicidio mayor
Bangladesh,BGD,BD,2007,2.707829583,4.9,79611888213.148,2065.15477333591,South Asia,Lower middle income,2.1921704170000003,1.8095673489803956,Suicidio mayor
Barbados,BRB,BB,2007,8.9701866875,1.5,4674000000.0,16820.353282898,,High income,-7.4701866875,0.1672206000004724,Homicidio mayor
Belarus,BLR,BY,2007,6.8456203957,36.8,45277399813.6067,12317.4565015173,Europe & Central Asia (excluding high income),Upper middle income,29.954379604299998,5.375699771946967,Suicidio mayor
Belgium,BEL,BE,2007,1.9724094505,18.7,470324254037.777,36791.2004331501,,High income,16.7275905495,9.480790104336402,Suicidio mayor
Belize,BLZ,BZ,2007,32.438108424,5.2,1271598050.0,7347.21502657259,Latin America & Caribbean (excluding high income),Lower middle income,-27.238108424,0.16030527834824898,Homicidio mayor
Bhutan,BTN,BT,2007,2.1056652925,4.4,1168308516.63301,5302.73422031415,South Asia,Lower middle income,2.2943347075000005,2.08960085711248,Suicidio mayor
Bolivia,BOL,BO,2007,8.0557095207,6.1,13120183156.7149,4575.66423712888,Latin America & Caribbean (excluding high income),Lower middle income,-1.955709520700001,0.7572269064972368,Homicidio mayor
Bosnia and Herzegovina,BIH,BA,2007,1.7540171644,11.5,15778767410.8109,8196.49631368481,Europe & Central Asia (excluding high income),Upper middle income,9.7459828356,6.556378257526247,Suicidio mayor
Botswana,BWA,BW,2007,14.929686509,29.3,10939053365.4786,12311.8116601007,Sub-Saharan Africa (excluding high income),Upper middle income,14.370313491000001,1.9625328356584852,Suicidio mayor
Brazil,BRA,BR,2007,23.470728215,4.9,1397114247331.17,12549.9309993023,Latin America & Caribbean (excluding high income),Upper middle income,-18.570728215000003,0.20877068470625637,Homicidio mayor
Brunei Darussalam,BRN,BN,2007,0.8000704062,2.6,12247694247.2298,81012.9900947598,,High income,1.7999295938,3.249713999982718,Suicidio mayor
Bulgaria,BGR,BG,2007,2.3361170962,12.5,44405101469.5591,12811.3587714533,Europe & Central Asia (excluding high income),Upper middle income,10.1638829038,5.350759180835962,Suicidio mayor
Burkina Faso,BFA,BF,2007,0.6595552114,8.1,7625723123.54939,1339.73764860948,Sub-Saharan Africa (excluding high income),Low income,7.4404447886,12.281003712800016,Suicidio mayor
Cabo Verde,CPV,CV,2007,6.1044021159,13.5,1513933983.22398,5316.85498281318,Sub-Saharan Africa (excluding high income),Lower middle income,7.3955978841,2.2115187931078215,Suicidio mayor
Cambodia,KHM,KH,2007,2.8728168876,5.7,8639235842.18075,2159.6246093729,East Asia & Pacific (excluding high income),Lower middle income,2.8271831124,1.9841153206119855,Suicidio mayor
Canada,CAN,CA,2007,1.812892765,11.5,1468820407783.26,39575.3097484091,,High income,9.687107235,6.343452973072018,Suicidio mayor
Chile,CHL,CL,2007,3.7265124604,11.0,173605968179.267,16941.829833598,,High income,7.2734875396,2.951821607170816,Suicidio mayor
China,CHN,CN,2007,1.1975537265,11.5,3550342737009.53,6810.60390010026,East Asia & Pacific (excluding high income),Upper middle income,10.3024462735,9.602909452430316,Suicidio mayor
Colombia,COL,CO,2007,39.320938054,4.1,206181826825.281,9781.97040788477,Latin America & Caribbean (excluding high income),Upper middle income,-35.220938054,0.10427014722714426,Homicidio mayor
Costa Rica,CRI,CR,2007,8.3775557789,5.7,26884700345.1044,11760.0655163335,Latin America & Caribbean (excluding high income),Upper middle income,-2.6775557788999995,0.680389382110259,Homicidio mayor
Croatia,HRV,HR,2007,1.4212272205,18.1,60542673502.5324,19493.2350774676,,High income,16.6787727795,12.735472371287868,Suicidio mayor
Cuba,CUB,CU,2007,5.0483876401,12.2,58603900000.0,,Latin America & Caribbean (excluding high income),Upper middle income,7.1516123599,2.416613158445642,Suicidio mayor
Cyprus,CYP,CY,2007,1.2221399106,3.1,23968764029.5647,32881.5458154318,,High income,1.8778600894000002,2.5365344614906484,Suicidio mayor
Czech Republic,CZE,CZ,2007,1.2165056647,14.1,190183800884.018,26282.375491299,,High income,12.8834943353,11.590574881110127,Suicidio mayor
Denmark,DNK,DK,2007,0.71299031796,12.6,319423424509.066,39006.2023239418,,High income,11.88700968204,17.6720492306978,Suicidio mayor
Dominican Republic,DOM,DO,2007,22.604481748,4.8,43965420072.4107,10098.6989654173,Latin America & Caribbean (excluding high income),Upper middle income,-17.804481748,0.21234727048872484,Homicidio mayor
Ecuador,ECU,EC,2007,15.898936205,10.2,51007777000.0,8294.64314944288,Latin America & Caribbean (excluding high income),Upper middle income,-5.698936205000001,0.6415523572446462,Homicidio mayor
"Egypt, Arab Rep.",EGY,EG,2007,0.86920815291,3.1,130437828371.278,8219.48274929236,Middle East & North Africa (excluding high income),Lower middle income,2.23079184709,3.566464476456633,Suicidio mayor
El Salvador,SLV,SV,2007,57.273318364,7.9,17011750000.0,5848.36915211128,Latin America & Caribbean (excluding high income),Lower middle income,-49.373318364,0.13793508435798377,Homicidio mayor
Estonia,EST,EE,2007,7.1412896723,21.4,22449129482.617,22195.1975941957,,High income,14.258710327699998,2.99665760415901,Suicidio mayor
Eswatini,SWZ,SZ,2007,11.605033707,53.9,3469363996.36642,7185.80993113114,Sub-Saharan Africa (excluding high income),Lower middle income,42.294966293,4.64453627286651,Suicidio mayor
Fiji,FJI,FJ,2007,2.5114059688,9.4,3378314599.76402,7634.16881846066,East Asia & Pacific (excluding high income),Upper middle income,6.8885940312,3.7429233332958542,Suicidio mayor
Finland,FIN,FI,2007,2.4350001255,19.7,256052559540.104,37838.3401920009,,High income,17.2649998745,8.090348658998458,Suicidio mayor
France,FRA,FR,2007,1.6049981809,17.9,2657213249384.07,34121.3438805071,,High income,16.295001819099998,11.152660615454781,Suicidio mayor
Georgia,GEO,GE,2007,7.9196325291,6.1,10172882370.5477,6810.19084575205,Europe & Central Asia (excluding high income),Upper middle income,-1.8196325291000006,0.7702377575709581,Homicidio mayor
Germany,DEU,DE,2007,0.93137322209,12.4,3421229126745.14,36287.4822419008,,High income,11.46862677791,13.31367458919897,Suicidio mayor
Ghana,GHA,GH,2007,1.7375062631,7.2,24827844949.6033,2500.80421792671,Sub-Saharan Africa (excluding high income),Lower middle income,5.4624937369,4.143869954836308,Suicidio mayor
Greece,GRC,GR,2007,1.1690257456,3.0,318497937311.799,29320.264816923,,High income,1.8309742544,2.566239461612761,Suicidio mayor
Grenada,GRD,GD,2007,10.457963739,2.0,758683592.592593,11256.6055061126,Latin America & Caribbean (excluding high income),Upper middle income,-8.457963739,0.19124181818890507,Homicidio mayor
Guatemala,GTM,GT,2007,42.19607621,8.3,33567868322.6252,6310.61154582917,Latin America & Caribbean (excluding high income),Upper middle income,-33.896076210000004,0.19670075384954852,Homicidio mayor
Guyana,GUY,GY,2007,15.405699037,30.9,2730971150.01134,8219.83673713825,Latin America & Caribbean (excluding high income),Upper middle income,15.494300962999999,2.0057512434708222,Suicidio mayor
Haiti,HTI,HT,2007,5.1183022907,10.0,9522763153.81366,2609.8518414406,Latin America & Caribbean (excluding high income),Lower middle income,4.8816977093,1.953772839515573,Suicidio mayor
Honduras,HND,HN,2007,45.949808671,2.1,12275500115.7231,3671.33194421853,Latin America & Caribbean (excluding high income),Lower middle income,-43.849808671,0.04570204013331092,Homicidio mayor
Hungary,HUN,HU,2007,1.5362886339,25.0,140227560615.121,19099.8517148115,,High income,23.4637113661,16.272983766426343,Suicidio mayor
Iceland,ISL,IS,2007,0.65534879301,14.8,21652505596.7528,41463.4255441211,,High income,14.14465120699,22.58339400004688,Suicidio mayor
India,IND,IN,2007,3.8338097447,15.3,1216735441524.86,3525.31445360065,South Asia,Lower middle income,11.4661902553,3.9908083652693733,Suicidio mayor
Ireland,IRL,IE,2007,1.8036145824,11.5,269736375581.714,46773.4866018105,,High income,9.6963854176,6.376085063970483,Suicidio mayor
Israel,ISR,IL,2007,1.971623806,5.2,179161786957.474,27513.1431348785,,High income,3.228376194,2.6374199703693373,Suicidio mayor
Italy,ITA,IT,2007,1.0740816406,6.7,2210292636189.43,34141.2007728064,,High income,5.6259183594,6.237887090461083,Suicidio mayor
Jamaica,JAM,JM,2007,57.220699588,1.8,12799593017.7101,8255.17353330254,Latin America & Caribbean (excluding high income),Upper middle income,-55.420699588000005,0.0314571477273145,Homicidio mayor
Japan,JPN,JP,2007,0.44671329139,25.0,4579750920354.81,35015.9865745127,,High income,24.55328670861,55.96430749174625,Suicidio mayor
Jordan,JOR,JO,2007,1.7904845339,1.7,17110587447.1086,9171.45117681501,Middle East & North Africa (excluding high income),Upper middle income,-0.0904845339,0.949463660709256,Tasas similares
Kenya,KEN,KE,2007,2.8462302447,6.3,31958195182.2406,2434.79231785387,Sub-Saharan Africa (excluding high income),Lower middle income,3.4537697552999997,2.2134540983573996,Suicidio mayor
"Korea, Rep.",KOR,KR,2007,0.87774082341,26.7,1172614086539.86,29064.9180846867,,High income,25.82225917659,30.41900215632127,Suicidio mayor
Kuwait,KWT,KW,2007,2.3562055666,2.6,114639690358.902,91473.2067021071,,High income,0.24379443340000018,1.103469084724978,Tasas similares
Kyrgyz Republic,KGZ,KG,2007,8.0240969805,12.6,3802566170.81543,2766.05448201973,Europe & Central Asia (excluding high income),Lower middle income,4.5759030195,1.5702701538403971,Suicidio mayor
Latvia,LVA,LV,2007,4.2764419457,20.9,31054350977.9784,18236.6092064703,,High income,16.6235580543,4.887240436179692,Suicidio mayor
Lesotho,LSO,LS,2007,45.044455606,45.0,1682016947.22798,1897.23119034139,Sub-Saharan Africa (excluding high income),Lower middle income,-0.04445560599999965,0.9990130726323158,Tasas similares
Liberia,LBR,LR,2007,2.8885780137,4.9,1373000000.0,923.515010034857,Sub-Saharan Africa (excluding high income),Low income,2.0114219863000002,1.6963363900023443,Suicidio mayor
Lithuania,LTU,LT,2007,8.4995814647,34.5,39697891351.9431,19094.640961399,,High income,26.0004185353,4.059023393479258,Suicidio mayor
Luxembourg,LUX,LU,2007,1.4739417625,14.0,51521903914.5907,85109.8794476383,,High income,12.5260582375,9.498339999712167,Suicidio mayor
Malawi,MWI,MW,2007,5.1717128593,7.8,4432937045.79897,1220.0820087804,Sub-Saharan Africa (excluding high income),Low income,2.6282871406999995,1.5082043826106275,Suicidio mayor
Malaysia,MYS,MY,2007,2.4400862458,4.4,193547824063.3,18784.4843116974,East Asia & Pacific (excluding high income),Upper middle income,1.9599137542000005,1.8032149509360595,Suicidio mayor
Maldives,MDV,MV,2007,0.89506283341,3.0,1868383460.9375,12251.6573568451,South Asia,Upper middle income,2.10493716659,3.3517200000033904,Suicidio mayor
Malta,MLT,MT,2007,0.98074310905,5.5,7925371475.49959,25059.1377146874,,High income,4.51925689095,5.607992500021329,Suicidio mayor
Mauritius,MUS,MU,2007,3.6470025691,10.3,8150138757.15741,13407.9774212466,Sub-Saharan Africa (excluding high income),Upper middle income,6.652997430900001,2.8242371111193965,Suicidio mayor
Mexico,MEX,MX,2007,8.1221573194,4.1,1052696282278.87,14297.2213852569,Latin America & Caribbean (excluding high income),Upper middle income,-4.0221573194,0.5047919953738196,Homicidio mayor
Moldova,MDA,MD,2007,5.2540731779,17.2,4401189466.14058,5647.72573249059,Europe & Central Asia (excluding high income),Upper middle income,11.945926822099999,3.2736506359195148,Suicidio mayor
Mongolia,MNG,MN,2007,11.373191422,23.6,4234999823.30839,6689.46229209468,East Asia & Pacific (excluding high income),Lower middle income,12.226808578000002,2.075055199928209,Suicidio mayor
Montenegro,MNE,ME,2007,1.9368771729,21.0,3680711743.77224,12459.3179568578,Europe & Central Asia (excluding high income),Upper middle income,19.0631228271,10.842195000190763,Suicidio mayor
Morocco,MAR,MA,2007,1.6589830402,9.3,79041294874.4553,5516.87427112371,Middle East & North Africa (excluding high income),Lower middle income,7.641016959800001,5.605843926456796,Suicidio mayor
Mozambique,MOZ,MZ,2007,3.9172588195,12.6,10450843291.2931,824.482004497989,Sub-Saharan Africa (excluding high income),Low income,8.682741180499999,3.2165349752427814,Suicidio mayor
Myanmar,MMR,MM,2007,1.5094269963,3.9,15591182544.7092,2151.9464749068,East Asia & Pacific (excluding high income),Lower middle income,2.3905730037,2.5837619239353207,Suicidio mayor
Nepal,NPL,NP,2007,3.1877087409,8.0,10325618017.379,1838.68764767773,South Asia,Lower middle income,4.8122912591,2.50963957194575,Suicidio mayor
Netherlands,NLD,NL,2007,0.86631740949,8.4,847481522036.682,43939.1453400262,,High income,7.533682590510001,9.696215160843957,Suicidio mayor
New Zealand,NZL,NZ,2007,1.1339352325,12.3,137188946865.584,29369.8081937436,,High income,11.1660647675,10.847180374563413,Suicidio mayor
Nicaragua,NIC,NI,2007,12.772657783,4.9,7423421958.4248,3821.59213644485,Latin America & Caribbean (excluding high income),Lower middle income,-7.872657782999999,0.3836319803793494,Homicidio mayor
North Macedonia,MKD,MK,2007,2.0334965295,9.4,8336478142.08872,9350.90777909298,Europe & Central Asia (excluding high income),Upper middle income,7.3665034705000005,4.6225798095221196,Suicidio mayor
Norway,NOR,NO,2007,0.63567362228,11.8,400937100158.657,55930.5334666428,,High income,11.16432637772,18.562985133277035,Suicidio mayor
Oman,OMN,OM,2007,1.3924630866,6.8,42085379453.8362,47589.3976815013,,High income,5.4075369133999995,4.88343286471146,Suicidio mayor
Pakistan,PAK,PK,2007,6.2905185283,9.1,152385716311.916,3766.85556187164,South Asia,Lower middle income,2.8094814717,1.4466216034593347,Suicidio mayor
Panama,PAN,PA,2007,8.0783606777,4.9,21295984230.2564,13066.8607191987,Latin America & Caribbean (excluding high income),Upper middle income,-3.178360677699999,0.6065587060907369,Homicidio mayor
Papua New Guinea,PNG,PG,2007,7.6375085683,2.5,9545177014.1301,2678.30277277385,East Asia & Pacific (excluding high income),Lower middle income,-5.1375085683,0.3273318750012825,Homicidio mayor
Paraguay,PRY,PY,2007,13.053415644,3.8,17856270473.153,8495.33699904283,Latin America & Caribbean (excluding high income),Upper middle income,-9.253415644,0.29111154533309214,Homicidio mayor
Philippines,PHL,PH,2007,6.6684948916,1.9,155980378252.863,5008.20140940702,East Asia & Pacific (excluding high income),Lower middle income,-4.7684948916,0.28492186481140497,Homicidio mayor
Poland,POL,PL,2007,1.368850832,15.7,429028505365.078,16802.8339050496,,High income,14.331149168,11.469474710448216,Suicidio mayor
Portugal,PRT,PT,2007,1.7497150802,12.6,240190803449.22,25733.1270889579,,High income,10.8502849198,7.201172432348108,Suicidio mayor
Qatar,QAT,QA,2007,0.73864881435,8.4,79712087912.0879,122882.838501804,,High income,7.66135118565,11.37211599993141,Suicidio mayor
Romania,ROU,RO,2007,1.8018278426,11.6,174585202805.233,13700.0935664487,Europe & Central Asia (excluding high income),Upper middle income,9.7981721574,6.437906955229108,Suicidio mayor
Russian Federation,RUS,RU,2007,17.713179215,41.7,1299705764823.62,16648.2416399717,Europe & Central Asia (excluding high income),Upper middle income,23.986820785000003,2.3541793087424594,Suicidio mayor
Rwanda,RWA,RW,2007,2.8898745374,8.0,4068065928.6413,1108.9077304164,Sub-Saharan Africa (excluding high income),Low income,5.1101254626,2.7682862686480307,Suicidio mayor
Sao Tome and Principe,STP,ST,2007,2.4053350331,1.6,149146423.083742,2540.24760106251,Sub-Saharan Africa (excluding high income),Lower middle income,-0.8053350331,0.6651880000009468,Homicidio mayor
Saudi Arabia,SAU,SA,2007,1.0522307908,4.3,415964583055.37,49394.0191905268,,High income,3.2477692092,4.086555951029294,Suicidio mayor
Serbia,SRB,RS,2007,1.8788753865,18.7,43170990616.4729,11236.2250771166,Europe & Central Asia (excluding high income),Upper middle income,16.8211246135,9.952762239775074,Suicidio mayor
Seychelles,SYC,SC,2007,8.8807974956,7.6,1033561654.0568,19209.1583372974,,High income,-1.2807974956,0.8557790000014557,Tasas similares
Sierra Leone,SLE,SL,2007,2.237195852,6.4,2158496872.85796,1020.25019883979,Sub-Saharan Africa (excluding high income),Low income,4.162804148,2.860724059665385,Suicidio mayor
Singapore,SGP,SG,2007,0.39313078216,10.7,180941941477.009,68628.382588078,,High income,10.30686921784,27.217405722366493,Suicidio mayor
Slovak Republic,SVK,SK,2007,1.5188861452,14.0,86454081576.7862,21222.3803347842,,High income,12.4811138548,9.217280731832961,Suicidio mayor
Slovenia,SVN,SI,2007,1.1927670605,22.9,48006372844.2376,27570.1451925507,,High income,21.7072329395,19.199054667388676,Suicidio mayor
Solomon Islands,SLB,SB,2007,5.2831246838,15.2,620230005.227391,1906.54475235642,East Asia & Pacific (excluding high income),Lower middle income,9.916875316199999,2.8770852307553483,Suicidio mayor
South Africa,ZAF,ZA,2007,36.9,24.6,333075462599.71,12374.9701452634,Sub-Saharan Africa (excluding high income),Upper middle income,-12.299999999999997,0.6666666666666667,Homicidio mayor
Spain,ESP,ES,2007,1.0609946217,7.4,1472131125102.66,32469.5304500615,,High income,6.3390053783,6.974587663925385,Suicidio mayor
St. Lucia,LCA,LC,2007,17.298561237,7.1,1336088814.81481,11971.2680125042,Latin America & Caribbean (excluding high income),Upper middle income,-10.198561237000002,0.4104387586184778,Homicidio mayor
St. Vincent and the Grenadines,VCT,VC,2007,36.860923735,8.4,684444444.444444,10127.0964880464,Latin America & Caribbean (excluding high income),Upper middle income,-28.460923735,0.22788359999844698,Homicidio mayor
Sudan,SDN,SD,2007,4.6692555541,4.1,59440139774.8128,3876.12343595526,Sub-Saharan Africa (excluding high income),Low income,-0.5692555541000006,0.878084301125873,Tasas similares
Suriname,SUR,SR,2007,8.8031440918,24.5,2936612021.85792,11960.9797390978,Latin America & Caribbean (excluding high income),Upper middle income,15.6968559082,2.783096555561483,Suicidio mayor
Sweden,SWE,SE,2007,1.2114014485,14.5,491252589217.021,40905.1458740502,,High income,13.2885985515,11.969607612698839,Suicidio mayor
Switzerland,CHE,CH,2007,0.67666305868,19.5,493537376707.764,51208.0988282218,,High income,18.82333694132,28.817887647124717,Suicidio mayor
Syrian Arab Republic,SYR,SY,2007,2.6813216068,1.4,180030111358.575,,Middle East & North Africa (excluding high income),Low income,-1.2813216068000002,0.5221305778648528,Homicidio mayor
Tajikistan,TJK,TJ,2007,1.8689823547,3.7,3719506172.83951,2000.14589072542,Europe & Central Asia (excluding high income),Lower middle income,1.8310176453000002,1.9796869621029174,Suicidio mayor
Thailand,THA,TH,2007,6.7012113735,8.4,262942476722.425,11869.6744503848,East Asia & Pacific (excluding high income),Upper middle income,1.6987886265000007,1.2535047071068188,Suicidio mayor
Timor-Leste,TLS,TL,2007,5.9823155035,2.6,542795400.0,1467.58902030523,East Asia & Pacific (excluding high income),Lower middle income,-3.3823155034999997,0.434614322577746,Homicidio mayor
Tonga,TON,TO,2007,0.97487740917,4.0,298513956.159185,4492.76677228502,East Asia & Pacific (excluding high income),Upper middle income,3.02512259083,4.103079999982312,Suicidio mayor
Trinidad and Tobago,TTO,TT,2007,29.88268562,11.2,21641620049.9352,29196.0234843435,,High income,-18.68268562,0.37479897698699544,Homicidio mayor
Tunisia,TUN,TN,2007,2.649269088,3.6,38914078351.8027,9504.9263660909,Middle East & North Africa (excluding high income),Lower middle income,0.950730912,1.3588653626414864,Suicidio mayor
Turkey,TUR,TR,2007,5.1723255319,2.5,681337335021.874,14986.1491469257,Europe & Central Asia (excluding high income),Upper middle income,-2.6723255319000003,0.4833415809931922,Homicidio mayor
Uganda,UGA,UG,2007,8.9702569004,8.0,11902564401.3238,1802.20738807063,Sub-Saharan Africa (excluding high income),Low income,-0.9702569004000008,0.8918362192774284,Tasas similares
Ukraine,UKR,UA,2007,5.7067251815,31.5,148733861386.139,8993.8938563655,Europe & Central Asia (excluding high income),Lower middle income,25.7932748185,5.519803214305178,Suicidio mayor
United Kingdom,GBR,GB,2007,1.4205480634,7.6,3106182472989.2,35695.2984903994,,High income,6.1794519366,5.350047770865166,Suicidio mayor
United States,USA,US,2007,5.6977777652,12.4,14451858656000.0,47975.9676958038,,High income,6.702222234800001,2.1762870562861876,Suicidio mayor
Uruguay,URY,UY,2007,5.8227605708,17.4,23410572634.3147,13547.1312743656,,High income,11.577239429199999,2.9882733092714786,Suicidio mayor
Uzbekistan,UZB,UZ,2007,2.9958046605,8.6,22311393927.8817,4413.96997843348,Europe & Central Asia (excluding high income),Lower middle income,5.6041953394999995,2.8706811606884473,Suicidio mayor
"Venezuela, RB",VEN,VE,2007,48.283149772,3.7,230364012575.687,16748.7192824652,,Not classified,-44.583149772,0.07663128891698105,Homicidio mayor
Vietnam,VNM,VN,2007,1.3673678688,6.7,77414425532.2452,3522.93833102894,East Asia & Pacific (excluding high income),Lower middle income,5.3326321312000005,4.899924996687183,Suicidio mayor
"Yemen, Rep.",YEM,YE,2007,3.9938890678,5.8,21650532264.2322,3758.16469243732,Middle East & North Africa (excluding high income),Low income,1.8061109321999997,1.452218602354642,Suicidio mayor
Albania,ALB,AL,2008,3.0972300439,8.2,12881353507.8539,8228.34804111345,Europe & Central Asia (excluding high income),Upper middle income,5.1027699560999995,2.6475269462628113,Suicidio mayor
Algeria,DZA,DZ,2008,0.94441202347,3.4,171000699876.747,12643.1514779138,Middle East & North Africa (excluding high income),Lower middle income,2.45558797653,3.6001235853685674,Suicidio mayor
Antigua and Barbuda,ATG,AG,2008,18.736679392,0.3,1370070370.37037,25690.689492805,,High income,-18.436679392,0.016011374999995515,Homicidio mayor
Argentina,ARG,AR,2008,5.9156451949,8.7,361558037110.419,17404.0691420333,Latin America & Caribbean (excluding high income),Upper middle income,2.7843548050999996,1.4706764373732977,Suicidio mayor
Armenia,ARM,AM,2008,3.336067533,4.8,11662040713.8753,8300.49198824733,Europe & Central Asia (excluding high income),Upper middle income,1.4639324669999998,1.4388197938198033,Suicidio mayor
Australia,AUS,AU,2008,1.2234971646,11.6,1055127126230.98,37499.5251319174,,High income,10.3765028354,9.48101911114147,Suicidio mayor
Austria,AUT,AT,2008,0.69531650388,15.8,430294287388.311,41316.225176699,,High income,15.10468349612,22.723464655064216,Suicidio mayor
Azerbaijan,AZE,AZ,2008,2.1764095568,4.7,48852482960.0779,12956.834046821,Europe & Central Asia (excluding high income),Upper middle income,2.5235904432000003,2.1595200155757746,Suicidio mayor
"Bahamas, The",BHS,BS,2008,21.240689013,3.3,10526000000.0,32373.492644525,,High income,-17.940689013,0.1553621917810807,Homicidio mayor
Bahrain,BHR,BH,2008,0.5382879751,9.2,25710904255.3191,47847.6152454812,,High income,8.6617120249,17.091223333181233,Suicidio mayor
Bangladesh,BGD,BD,2008,2.8405278728,4.7,91631278239.3237,2206.51037075368,South Asia,Lower middle income,1.8594721272,1.6546220317025295,Suicidio mayor
Barbados,BRB,BB,2008,8.2158702035,1.0,4785000000.0,17190.9462185782,,High income,-7.2158702035,0.12171565217449458,Homicidio mayor
Belarus,BLR,BY,2008,5.8395056308,36.7,60763483146.0674,13885.7467207654,Europe & Central Asia (excluding high income),Upper middle income,30.860494369200005,6.284778596055944,Suicidio mayor
Belgium,BEL,BE,2008,1.88333282,20.3,515223524241.98,37883.3319417819,,High income,18.41666718,10.778763999875498,Suicidio mayor
Belize,BLZ,BZ,2008,33.569952611,4.4,1351338650.0,7554.68790845639,Latin America & Caribbean (excluding high income),Lower middle income,-29.169952611,0.13106959223285394,Homicidio mayor
Bhutan,BTN,BT,2008,2.6801228687,4.3,1227808790.6733,5608.4944604718,South Asia,Lower middle income,1.6198771313,1.6044040555818717,Suicidio mayor
Bolivia,BOL,BO,2008,8.5172418085,6.0,16674324634.2373,4868.44264066933,Latin America & Caribbean (excluding high income),Lower middle income,-2.5172418084999997,0.7044534057976546,Homicidio mayor
Bosnia and Herzegovina,BIH,BA,2008,1.7580024404,10.8,19112739397.886,9028.85859514751,Europe & Central Asia (excluding high income),Upper middle income,9.0419975596,6.143336181912618,Suicidio mayor
Botswana,BWA,BW,2008,14.66875753,28.4,10945070441.9283,13055.4875794492,Sub-Saharan Africa (excluding high income),Upper middle income,13.731242469999998,1.9360876299112155,Suicidio mayor
Brazil,BRA,BR,2008,23.894658908,5.1,1695855391810.9,13312.7667574522,Latin America & Caribbean (excluding high income),Upper middle income,-18.794658908000002,0.21343681948489773,Homicidio mayor
Brunei Darussalam,BRN,BN,2008,0.26356156007,2.1,14393099068.5859,80036.7459938278,,High income,1.8364384399300002,7.967778000108422,Suicidio mayor
Bulgaria,BGR,BG,2008,2.285992554,13.2,54438966419.8639,14335.7146000831,Europe & Central Asia (excluding high income),Upper middle income,10.914007446,5.77429702336642,Suicidio mayor
Burkina Faso,BFA,BF,2008,1.027929386,8.0,9451436358.96861,1401.95772721559,Sub-Saharan Africa (excluding high income),Low income,6.972070614,7.782635761713694,Suicidio mayor
Burundi,BDI,BI,2008,4.1963528894,7.9,1611835901.9063,636.332024089182,Sub-Saharan Africa (excluding high income),Low income,3.7036471106000004,1.8825871436969528,Suicidio mayor
Cabo Verde,CPV,CV,2008,7.0708709233,14.0,1789333748.6799,5711.2759169575,Sub-Saharan Africa (excluding high income),Lower middle income,6.9291290767,1.9799541176557287,Suicidio mayor
Cambodia,KHM,KH,2008,2.3984727563,5.6,10351914093.1723,2314.46201172789,East Asia & Pacific (excluding high income),Lower middle income,3.2015272436999997,2.334819099066537,Suicidio mayor
Cameroon,CMR,CM,2008,4.0306089429,11.2,27715144580.2691,2765.93176436338,Sub-Saharan Africa (excluding high income),Lower middle income,7.1693910570999995,2.778736453639103,Suicidio mayor
Canada,CAN,CA,2008,1.8417621548,11.5,1552989690721.65,40376.3068799056,,High income,9.6582378452,6.2440201466995635,Suicidio mayor
Chile,CHL,CL,2008,3.5192184941,12.2,179638496278.497,16501.8098843876,,High income,8.680781505899999,3.466678758495218,Suicidio mayor
China,CHN,CN,2008,1.0942179341,11.1,4594307032667.98,7574.22445504338,East Asia & Pacific (excluding high income),Upper middle income,10.0057820659,10.14423146804828,Suicidio mayor
Colombia,COL,CO,2008,36.470478391,4.2,242186950900.775,10179.2448415524,Latin America & Caribbean (excluding high income),Upper middle income,-32.270478391,0.11516163717327203,Homicidio mayor
Costa Rica,CRI,CR,2008,11.471787804,5.5,30801744881.0236,12392.2856767078,Latin America & Caribbean (excluding high income),Upper middle income,-5.971787804,0.4794370410235667,Homicidio mayor
Croatia,HRV,HR,2008,1.6311943168,18.4,70750646248.0563,20921.5405553163,,High income,16.7688056832,11.280078535398681,Suicidio mayor
Cuba,CUB,CU,2008,4.5830839706,12.9,60806300000.0,,Latin America & Caribbean (excluding high income),Upper middle income,8.316916029400002,2.8146985922038827,Suicidio mayor
Cyprus,CYP,CY,2008,0.83212521081,6.1,27844698989.3072,34830.2361796726,,High income,5.2678747891899995,7.3306275555119775,Suicidio mayor
Czech Republic,CZE,CZ,2008,1.0934971737,14.2,236816485762.988,27974.487131849,,High income,13.1065028263,12.985858895229075,Suicidio mayor
Denmark,DNK,DK,2008,0.98222339361,13.1,353361038818.383,41278.3268270571,,High income,12.117776606389999,13.337088166728662,Suicidio mayor
Dominican Republic,DOM,DO,2008,25.311693844,4.8,48122547177.1881,10491.6151457835,Latin America & Caribbean (excluding high income),Upper middle income,-20.511693844,0.18963566917264266,Homicidio mayor
Ecuador,ECU,EC,2008,17.935103407,10.5,61762635000.0,8845.55389092678,Latin America & Caribbean (excluding high income),Upper middle income,-7.435103407,0.5854440736540104,Homicidio mayor
"Egypt, Arab Rep.",EGY,EG,2008,1.214273716,3.1,162818181818.182,8820.71650563293,Middle East & North Africa (excluding high income),Lower middle income,1.8857262840000002,2.552966402181434,Suicidio mayor
El Salvador,SLV,SV,2008,51.844761877,6.8,17986890000.0,6063.1485118757,Latin America & Caribbean (excluding high income),Lower middle income,-45.044761877000006,0.13116079144374848,Homicidio mayor
Estonia,EST,EE,2008,6.4175895683,19.4,24341678628.9732,22802.3421764634,,High income,12.982410431699998,3.0229418372011905,Suicidio mayor
Eswatini,SWZ,SZ,2008,20.667690209,55.0,3294093485.20796,7334.44491171221,Sub-Saharan Africa (excluding high income),Lower middle income,34.332309791,2.6611585253996877,Suicidio mayor
Fiji,FJI,FJ,2008,2.0109870871,9.6,3523185919.55826,7777.73869404715,East Asia & Pacific (excluding high income),Upper middle income,7.5890129128999995,4.773775058816487,Suicidio mayor
Finland,FIN,FI,2008,2.5002575453,20.6,284553976856.599,40083.6972699668,,High income,18.0997424547,8.239151218131113,Suicidio mayor
France,FRA,FR,2008,1.6412361598,18.2,2918382891460.38,35095.2656832956,,High income,16.5587638402,11.089202423018659,Suicidio mayor
Georgia,GEO,GE,2008,6.3485963567,7.5,12795076469.0099,7132.20527273598,Europe & Central Asia (excluding high income),Upper middle income,1.1514036433000001,1.1813634981037762,Tasas similares
Germany,DEU,DE,2008,0.89063505993,12.5,3730027830672.33,37802.3874303197,,High income,11.60936494007,14.034929189720472,Suicidio mayor
Ghana,GHA,GH,2008,1.8248305284,7.5,28678701891.0957,2711.87535105244,Sub-Saharan Africa (excluding high income),Lower middle income,5.6751694716,4.109970697704161,Suicidio mayor
Greece,GRC,GR,2008,1.3043109651,3.4,354460802695.181,30856.0118395987,,High income,2.0956890349,2.6067403333830947,Suicidio mayor
Grenada,GRD,GD,2008,15.17206065,2.4,825976037.037037,11554.1986443002,Latin America & Caribbean (excluding high income),Upper middle income,-12.77206065,0.15818550000325762,Homicidio mayor
Guatemala,GTM,GT,2008,44.922257079,8.0,38503862830.6878,6518.38840007268,Latin America & Caribbean (excluding high income),Upper middle income,-36.922257079,0.17808544183190195,Homicidio mayor
Guyana,GUY,GY,2008,21.156511318,30.0,3025187923.58617,8510.44840898141,Latin America & Caribbean (excluding high income),Upper middle income,8.843488682,1.4180031645612547,Suicidio mayor
Haiti,HTI,HT,2008,5.1624567074,10.1,10485225353.1801,2688.51644729548,Latin America & Caribbean (excluding high income),Lower middle income,4.9375432926,1.9564328714897303,Suicidio mayor
Honduras,HND,HN,2008,55.82038741,2.1,13789443623.162,3816.83524756931,Latin America & Caribbean (excluding high income),Lower middle income,-53.72038741,0.037620663299513274,Homicidio mayor
Hungary,HUN,HU,2008,1.8114732712,25.4,158374419641.016,20727.8899694383,,High income,23.588526728799998,14.021736011138556,Suicidio mayor
Iceland,ISL,IS,2008,0.0,14.8,18074622987.0185,43728.1140564123,,High income,14.8,,Suicidio mayor
India,IND,IN,2008,3.8311117225,15.1,1198895582137.51,3650.94294321966,South Asia,Lower middle income,11.2688882775,3.9414146842333437,Suicidio mayor
Indonesia,IDN,ID,2008,0.58266506456,2.8,510228634992.258,7710.66630411965,East Asia & Pacific (excluding high income),Lower middle income,2.21733493544,4.8055052041165744,Suicidio mayor
Iraq,IRQ,IQ,2008,16.191228983,3.6,131614433712.245,11883.3682503173,Middle East & North Africa (excluding high income),Upper middle income,-12.591228982999999,0.2223426031328335,Homicidio mayor
Ireland,IRL,IE,2008,1.154925042,12.2,274326912260.144,44169.0943411644,,High income,11.045074957999999,10.563456117353805,Suicidio mayor
Israel,ISR,IL,2008,1.7091991377,5.3,216711549609.81,27510.0398505497,,High income,3.5908008623,3.100867466579696,Suicidio mayor
Italy,ITA,IT,2008,1.043750703,6.9,2398856598798.89,35523.2713104342,,High income,5.856249297000001,6.61077399053977,Suicidio mayor
Jamaica,JAM,JM,2008,58.198283241,2.2,13709402085.3206,8306.50486208059,Latin America & Caribbean (excluding high income),Upper middle income,-55.998283240999996,0.037801802346810916,Homicidio mayor
Japan,JPN,JP,2008,0.50879640523,24.4,5106679115127.3,35273.791152156,,High income,23.891203594769998,47.95631366336019,Suicidio mayor
Jordan,JOR,JO,2008,1.8302523323,1.7,22657662392.5602,9565.49434635629,Middle East & North Africa (excluding high income),Upper middle income,-0.1302523323,0.9288336750068131,Tasas similares
Kazakhstan,KAZ,KZ,2008,11.39191556,34.6,133441612246.798,17968.236337141,Europe & Central Asia (excluding high income),Upper middle income,23.20808444,3.0372416138239005,Suicidio mayor
Kenya,KEN,KE,2008,3.0538311435,6.2,35895153327.8497,2420.01464325445,Sub-Saharan Africa (excluding high income),Lower middle income,3.1461688565,2.0302366793254234,Suicidio mayor
Kiribati,KIR,KI,2008,7.0878898339,31.5,141042610.300285,1756.75297072952,East Asia & Pacific (excluding high income),Lower middle income,24.4121101661,4.444200000025623,Suicidio mayor
"Korea, Rep.",KOR,KR,2008,0.87353051056,28.6,1047339010225.25,29946.0774891302,,High income,27.726469489440003,32.740699556865174,Suicidio mayor
Kuwait,KWT,KW,2008,1.4307175048,2.9,147395089285.714,90096.4356867852,,High income,1.4692824951999999,2.02695500004062,Suicidio mayor
Kyrgyz Republic,KGZ,KG,2008,7.9353465263,12.3,5139957784.91084,3027.86302353124,Europe & Central Asia (excluding high income),Lower middle income,4.364653473700001,1.5500268273394608,Suicidio mayor
Latvia,LVA,LV,2008,4.5595896922,26.4,35854274228.9139,19573.1553855671,,High income,21.8404103078,5.789994666660896,Suicidio mayor
Lebanon,LBN,LB,2008,3.840709209,2.9,29118916105.6182,12819.0111640016,Middle East & North Africa (excluding high income),Upper middle income,-0.940709209,0.7550688797799063,Homicidio mayor
Lesotho,LSO,LS,2008,37.843523071,57.8,1766825412.77296,2040.72878279478,Sub-Saharan Africa (excluding high income),Lower middle income,19.956476928999997,1.5273419414878133,Suicidio mayor
Liberia,LBR,LR,2008,4.9059512515,4.8,1726000000.0,967.94573927535,Sub-Saharan Africa (excluding high income),Low income,-0.10595125150000051,0.9784035254187237,Tasas similares
Lithuania,LTU,LT,2008,9.2752049805,37.8,47797551587.8823,20721.0131961211,,High income,28.524795019499997,4.075381630860982,Suicidio mayor
Luxembourg,LUX,LU,2008,1.6481150714,13.4,58604890874.469,90970.7211980147,,High income,11.751884928600001,8.130500249971806,Suicidio mayor
Malawi,MWI,MW,2008,5.6818599845,7.6,5321012192.33619,1301.18411473162,Sub-Saharan Africa (excluding high income),Low income,1.9181400154999997,1.3375901589853758,Suicidio mayor
Malaysia,MYS,MY,2008,2.191951587,4.5,230813897715.69,19695.079208937,East Asia & Pacific (excluding high income),Upper middle income,2.308048413,2.0529650502723444,Suicidio mayor
Maldives,MDV,MV,2008,1.4558244625,3.1,2271646187.5,13345.1670673242,South Asia,Upper middle income,1.6441755375,2.129377600014054,Suicidio mayor
Malta,MLT,MT,2008,1.4652265118,6.4,9090406767.24769,26523.5326924729,,High income,4.9347734882,4.367925333358686,Suicidio mayor
Mauritius,MUS,MU,2008,3.8732729641,6.7,9990370016.30771,14353.1130641042,Sub-Saharan Africa (excluding high income),Upper middle income,2.8267270359000003,1.7298032083201818,Suicidio mayor
Mexico,MEX,MX,2008,12.639052134,4.4,1109989063586.62,14924.8216140502,Latin America & Caribbean (excluding high income),Upper middle income,-8.239052134,0.3481273716850704,Homicidio mayor
Moldova,MDA,MD,2008,5.738063248,19.1,6054849884.52656,6218.49981632334,Europe & Central Asia (excluding high income),Upper middle income,13.361936752000002,3.3286492627381374,Suicidio mayor
Mongolia,MNG,MN,2008,8.0550203484,23.8,5623216448.86852,7319.09689240988,East Asia & Pacific (excluding high income),Lower middle income,15.744979651600001,2.954679066046989,Suicidio mayor
Montenegro,MNE,ME,2008,3.8627935723,20.9,4545674527.61096,13816.5733090898,Europe & Central Asia (excluding high income),Upper middle income,17.0372064277,5.410592000016101,Suicidio mayor
Morocco,MAR,MA,2008,1.3508025717,9.3,92507257783.5697,5886.67211198563,Middle East & North Africa (excluding high income),Lower middle income,7.949197428300001,6.884795894559074,Suicidio mayor
Mozambique,MOZ,MZ,2008,4.4665711045,13.5,12556195188.5962,877.598449107282,Sub-Saharan Africa (excluding high income),Low income,9.0334288955,3.022452723611399,Suicidio mayor
Myanmar,MMR,MM,2008,1.5842292641,3.6,23013015832.1023,2421.71296672503,East Asia & Pacific (excluding high income),Lower middle income,2.0157707359000003,2.272398371611421,Suicidio mayor
Namibia,NAM,,2008,17.324220337,14.1,8607475308.11833,8129.63007145251,Sub-Saharan Africa (excluding high income),Upper middle income,-3.224220337,0.813889440662798,Homicidio mayor
Nepal,NPL,NP,2008,3.3450107458,8.3,12545438605.3959,1967.69982881858,South Asia,Lower middle income,4.954989254200001,2.4813074249227727,Suicidio mayor
Netherlands,NLD,NL,2008,0.9053539919,9.0,947997656364.435,46420.2016795592,,High income,8.0946460081,9.940863000020975,Suicidio mayor
New Zealand,NZL,NZ,2008,1.1921023918,12.4,133131369930.414,29827.1425475385,,High income,11.2078976082,10.401791058632789,Suicidio mayor
Nicaragua,NIC,NI,2008,12.98647219,5.1,8496946608.23151,3974.72954977733,Latin America & Caribbean (excluding high income),Lower middle income,-7.886472190000001,0.3927163532469706,Homicidio mayor
North Macedonia,MKD,MK,2008,1.6930221849,9.4,9909548410.82744,10521.8967333656,Europe & Central Asia (excluding high income),Upper middle income,7.7069778151,5.552201314216813,Suicidio mayor
Norway,NOR,NO,2008,0.71263676862,11.8,462250000000.0,61716.5997128422,,High income,11.087363231380001,16.558225058819726,Suicidio mayor
Oman,OMN,OM,2008,1.7084969734,6.8,60905452535.7607,50703.5844873735,,High income,5.0915030266,3.980106553228267,Suicidio mayor
Pakistan,PAK,PK,2008,7.0253838496,9.0,170077814106.305,3818.07198504114,South Asia,Lower middle income,1.9746161504000002,1.2810687917803136,Suicidio mayor
Panama,PAN,PA,2008,14.020801978,5.4,25155888616.322,14373.6501462201,Latin America & Caribbean (excluding high income),Upper middle income,-8.620801978,0.3851420202976352,Homicidio mayor
Papua New Guinea,PNG,PG,2008,8.6436742066,2.5,11670840931.8173,2656.8648318486,East Asia & Pacific (excluding high income),Lower middle income,-6.1436742066,0.2892288557209953,Homicidio mayor
Paraguay,PRY,PY,2008,13.697738114,3.6,24616537618.2325,9097.52048887733,Latin America & Caribbean (excluding high income),Upper middle income,-10.097738114,0.26281711404020497,Homicidio mayor
Philippines,PHL,PH,2008,6.4025017192,2.0,181624577153.97,5239.72693823081,East Asia & Pacific (excluding high income),Lower middle income,-4.4025017192,0.31237789347285055,Homicidio mayor
Poland,POL,PL,2008,0.84991479735,17.0,533609081852.897,18303.3529197974,,High income,16.15008520265,20.002004969210223,Suicidio mayor
Portugal,PRT,PT,2008,1.1703289153,13.1,262344779551.78,26665.8372952939,,High income,11.929671084699999,11.193434451409729,Suicidio mayor
Qatar,QAT,QA,2008,0.83526488338,8.3,115270054945.055,125010.697400631,,High income,7.464735116620001,9.936967499954086,Suicidio mayor
Romania,ROU,RO,2008,1.4498653138,11.7,214313628965.024,16782.22907266,Europe & Central Asia (excluding high income),Upper middle income,10.2501346862,8.06971508914513,Suicidio mayor
Russian Federation,RUS,RU,2008,12.69679367,40.7,1660846387624.78,20163.6094155718,Europe & Central Asia (excluding high income),Upper middle income,28.003206330000005,3.2055337006984694,Suicidio mayor
Rwanda,RWA,RW,2008,1.5118853084,7.5,5177015141.48246,1223.56616194506,Sub-Saharan Africa (excluding high income),Low income,5.9881146916,4.960693749936039,Suicidio mayor
Sao Tome and Principe,STP,ST,2008,8.1812975538,1.6,188021190.592847,2722.65661386723,Sub-Saharan Africa (excluding high income),Lower middle income,-6.581297553800001,0.19556799999980953,Homicidio mayor
Serbia,SRB,RS,2008,1.5452359548,18.0,52194221468.5007,12632.0778382091,Europe & Central Asia (excluding high income),Upper middle income,16.4547640452,11.648706428352387,Suicidio mayor
Seychelles,SYC,SC,2008,6.6334991708,7.8,967199593.960157,18738.6110373725,,High income,1.1665008291999994,1.175850000002234,Tasas similares
Sierra Leone,SLE,SL,2008,2.99987006,6.5,2505458705.03338,1070.51347419707,Sub-Saharan Africa (excluding high income),Low income,3.50012994,2.166760516287162,Suicidio mayor
Singapore,SGP,SG,2008,0.56534912402,10.4,193611986712.842,67576.8628304768,,High income,9.83465087598,18.395712592688277,Suicidio mayor
Slovak Republic,SVK,SK,2008,1.5927807767,12.7,100469509301.304,23725.8577558996,,High income,11.1072192233,7.973476441819239,Suicidio mayor
Slovenia,SVN,SI,2008,0.49430340046,20.6,55552509154.8264,29604.2914690241,,High income,20.10569659954,41.67480940011659,Suicidio mayor
Solomon Islands,SLB,SB,2008,3.7745894637,15.8,699157190.980782,2010.60602801299,East Asia & Pacific (excluding high income),Lower middle income,12.0254105363,4.185885684243982,Suicidio mayor
South Africa,ZAF,ZA,2008,35.9,26.7,316132138757.081,12845.726180337,Sub-Saharan Africa (excluding high income),Upper middle income,-9.2,0.7437325905292479,Homicidio mayor
Spain,ESP,ES,2008,0.883461047,7.8,1625224842536.99,33263.2723985249,,High income,6.916538953,8.828912181795378,Suicidio mayor
Sri Lanka,LKA,LK,2008,10.018022432,17.5,40713812309.7316,7287.58522156073,South Asia,Lower middle income,7.481977568,1.7468517483151909,Suicidio mayor
St. Lucia,LCA,LC,2008,22.939692138,8.0,1437731111.11111,12629.8233110619,Latin America & Caribbean (excluding high income),Upper middle income,-14.939692138000002,0.34874051281393875,Homicidio mayor
St. Vincent and the Grenadines,VCT,VC,2008,14.760011439,4.2,695429629.62963,10498.791954927,Latin America & Caribbean (excluding high income),Upper middle income,-10.560011439,0.2845526250001709,Homicidio mayor
Sudan,SDN,SD,2008,5.1480839388,4.1,64831935604.2484,3993.36963604284,Sub-Saharan Africa (excluding high income),Low income,-1.0480839388000005,0.7964128108128118,Homicidio mayor
Suriname,SUR,SR,2008,8.3152524936,24.5,3532969034.60838,12552.9764862972,Latin America & Caribbean (excluding high income),Upper middle income,16.1847475064,2.9463927907008136,Suicidio mayor
Sweden,SWE,SE,2008,0.88778860844,15.0,517706149201.196,42158.2956995539,,High income,14.11221139156,16.89591402435049,Suicidio mayor
Switzerland,CHE,CH,2008,0.70839869623,18.8,570304197211.707,54096.8078629618,,High income,18.091601303770002,26.538727555613814,Suicidio mayor
Syrian Arab Republic,SYR,SY,2008,2.5600031591,1.4,218089977728.285,,Middle East & North Africa (excluding high income),Low income,-1.1600031591,0.5468743251442654,Homicidio mayor
Tajikistan,TJK,TJ,2008,1.386977172,3.8,5161337336.40365,2155.20033796986,Europe & Central Asia (excluding high income),Lower middle income,2.413022828,2.7397711200397463,Suicidio mayor
Thailand,THA,TH,2008,5.9731571668,8.1,291382991177.698,12244.8189389977,East Asia & Pacific (excluding high income),Upper middle income,2.1268428331999996,1.356066779059727,Suicidio mayor
Timor-Leste,TLS,TL,2008,3.3161902091,2.4,648492700.0,1636.48876269232,East Asia & Pacific (excluding high income),Lower middle income,-0.9161902091000003,0.7237220571407904,Homicidio mayor
Tonga,TON,TO,2008,3.8690706492,3.9,344428609.006734,4760.27193103549,East Asia & Pacific (excluding high income),Upper middle income,0.0309293507999997,1.00799400000783,Tasas similares
Trinidad and Tobago,TTO,TT,2008,41.614395081,13.7,27871587349.5413,30632.9920857471,,High income,-27.914395081,0.32921300365735817,Homicidio mayor
Tunisia,TUN,TN,2008,2.6885785821,3.5,44860969077.1853,9994.05387159558,Middle East & North Africa (excluding high income),Lower middle income,0.8114214179000001,1.3018031250052633,Suicidio mayor
Turkey,TUR,TR,2008,4.6251976679,2.4,770462156204.38,16182.4805088566,Europe & Central Asia (excluding high income),Upper middle income,-2.2251976679000003,0.5188967417882667,Homicidio mayor
Uganda,UGA,UG,2008,9.1779193391,7.1,14440404021.4881,1935.21785692282,Sub-Saharan Africa (excluding high income),Low income,-2.077919339100001,0.7735958159658696,Homicidio mayor
Ukraine,UKR,UA,2008,5.3424371119,30.9,188111140643.985,9425.43953464763,Europe & Central Asia (excluding high income),Lower middle income,25.557562888099998,5.783877161824116,Suicidio mayor
United Kingdom,GBR,GB,2008,1.2261626814,8.1,2938882352941.18,36863.5847601847,,High income,6.8738373186,6.605974984291346,Suicidio mayor
United States,USA,US,2008,5.4252910534,12.7,14712844084000.0,48382.5584490552,,High income,7.2747089466,2.340888235303243,Suicidio mayor
Uruguay,URY,UY,2008,6.61632868,15.1,30366213119.2928,14764.1876516712,,High income,8.48367132,2.2822324479805016,Suicidio mayor
Uzbekistan,UZB,UZ,2008,3.0079290966,8.5,29549438883.8338,4827.99362858401,Europe & Central Asia (excluding high income),Lower middle income,5.4920709034,2.825864482513215,Suicidio mayor
"Venezuela, RB",VEN,VE,2008,52.790169804,3.5,315953388510.678,17723.1504744565,,Not classified,-49.290169804,0.06630022242767628,Homicidio mayor
Vietnam,VNM,VN,2008,1.2661834948,6.9,99130304099.1274,3758.55492154307,East Asia & Pacific (excluding high income),Lower middle income,5.6338165052,5.449447120687583,Suicidio mayor
"Yemen, Rep.",YEM,YE,2008,3.9922987917,6.0,26910851361.7555,3860.43241968131,Middle East & North Africa (excluding high income),Low income,2.0077012083,1.5028935240203003,Suicidio mayor
Zambia,ZMB,ZM,2008,5.4013956926,9.7,17910858637.9048,2741.24533503014,Sub-Saharan Africa (excluding high income),Lower middle income,4.298604307399999,1.795832142660675,Suicidio mayor
Afghanistan,AFG,AF,2009,3.9267744953,4.4,12416161048.8412,1519.69292278438,South Asia,Low income,0.47322550470000024,1.1205125237689124,Tasas similares
Albania,ALB,AL,2009,2.8590226044,8.1,12044208085.864,8813.02946080293,Europe & Central Asia (excluding high income),Upper middle income,5.2409773956,2.833136047100223,Suicidio mayor
Algeria,DZA,DZ,2009,0.78395009074,3.2,137211035770.034,12722.3786946243,Middle East & North Africa (excluding high income),Lower middle income,2.4160499092600003,4.081892505400949,Suicidio mayor
Antigua and Barbuda,ATG,AG,2009,18.445292416,0.0,1228329629.62963,22435.3937041743,,High income,-18.445292416,0.0,Homicidio mayor
Argentina,ARG,AR,2009,6.5262306799,8.4,332976484577.619,16334.7408131075,Latin America & Caribbean (excluding high income),Upper middle income,1.8737693201,1.287113559419679,Suicidio mayor
Armenia,ARM,AM,2009,3.3586164439,4.8,8647936747.98704,7233.03992810233,Europe & Central Asia (excluding high income),Upper middle income,1.4413835561,1.4291599175362448,Suicidio mayor
Australia,AUS,AU,2009,1.2091480371,11.2,928042998085.702,40281.799672065,,High income,9.990851962899999,9.262720242975282,Suicidio mayor
Austria,AUT,AT,2009,0.60912556084,16.0,400172297860.517,40918.1321224314,,High income,15.39087443916,26.267162353087897,Suicidio mayor
"Bahamas, The",BHS,BS,2009,24.885583524,3.3,9981960000.0,30728.818092197,,High income,-21.585583524,0.13260689655187044,Homicidio mayor
Bahrain,BHR,BH,2009,1.0969769846,8.6,22938218085.1064,46498.8434018951,,High income,7.5030230154,7.839726922927094,Suicidio mayor
Bangladesh,BGD,BD,2009,2.8912153003,4.6,102477791472.39,2309.56363735967,South Asia,Lower middle income,1.7087846996999998,1.5910264446659133,Suicidio mayor
Barbados,BRB,BB,2009,6.7589921276,1.5,4465500000.0,16374.5150748113,,High income,-5.2589921276,0.2219265789458204,Homicidio mayor
Belarus,BLR,BY,2009,5.1626395781,36.5,50874078052.2735,14054.106018462,Europe & Central Asia (excluding high income),Upper middle income,31.3373604219,7.070026765926792,Suicidio mayor
Belgium,BEL,BE,2009,1.7403420684,20.6,481345929424.84,37749.5095365743,,High income,18.8596579316,11.836753460162466,Suicidio mayor
Belize,BLZ,BZ,2009,30.827414152,6.2,1317309450.0,7438.92310574861,Latin America & Caribbean (excluding high income),Lower middle income,-24.627414152,0.20111969072170008,Homicidio mayor
Bhutan,BTN,BT,2009,2.3587374268,4.3,1234014291.82342,5972.87056933915,South Asia,Lower middle income,1.9412625732,1.8230091875184384,Suicidio mayor
Bolivia,BOL,BO,2009,8.2854567472,6.0,17339992165.2422,4986.4579138539,Latin America & Caribbean (excluding high income),Lower middle income,-2.2854567471999996,0.7241604395590683,Homicidio mayor
Bosnia and Herzegovina,BIH,BA,2009,1.9004562433,10.7,17613836526.6393,9028.63350729932,Europe & Central Asia (excluding high income),Upper middle income,8.799543756699999,5.630226971929777,Suicidio mayor
Botswana,BWA,BW,2009,14.793997425,25.1,10267133177.7334,11912.9166996517,Sub-Saharan Africa (excluding high income),Upper middle income,10.306002575,1.6966340657585994,Suicidio mayor
Brazil,BRA,BR,2009,22.960855373,5.1,1666996294372.87,13269.1221073249,Latin America & Caribbean (excluding high income),Upper middle income,-17.860855373,0.2221171605826655,Homicidio mayor
Brunei Darussalam,BRN,BN,2009,0.78144943241,1.8,10732366286.2643,78298.5229939319,,High income,1.0185505675900002,2.303411999991832,Suicidio mayor
Bulgaria,BGR,BG,2009,2.007089307,12.3,52023504656.2878,14181.1546844467,Europe & Central Asia (excluding high income),Upper middle income,10.292910693,6.128277380135532,Suicidio mayor
Burkina Faso,BFA,BF,2009,0.89161301248,8.0,9450697335.53565,1411.12752844523,Sub-Saharan Africa (excluding high income),Low income,7.10838698752,8.97250251849532,Suicidio mayor
Burundi,BDI,BI,2009,4.4774372292,7.7,1781455092.07114,644.105174174961,Sub-Saharan Africa (excluding high income),Low income,3.2225627707999998,1.719733768635275,Suicidio mayor
Cabo Verde,CPV,CV,2009,7.80821383,14.4,1711817181.52969,5613.7465582812,Sub-Saharan Africa (excluding high income),Lower middle income,6.591786170000001,1.844211789471447,Suicidio mayor
Cambodia,KHM,KH,2009,2.3485829211,5.4,10401851850.6108,2299.38688435977,East Asia & Pacific (excluding high income),Lower middle income,3.0514170789,2.2992588217710512,Suicidio mayor
Cameroon,CMR,CM,2009,6.452779349,11.1,27932971683.4215,2781.28985080513,Sub-Saharan Africa (excluding high income),Lower middle income,4.647220651,1.7201889913871282,Suicidio mayor
Canada,CAN,CA,2009,1.8076166625,12.0,1374625142157.29,38865.4134577266,,High income,10.1923833375,6.638575672014198,Suicidio mayor
Chile,CHL,CL,2009,3.7308606847,12.7,172389498444.68,16159.6071479987,,High income,8.9691393153,3.4040402666553096,Suicidio mayor
China,CHN,CN,2009,1.0775293576,10.7,5101703073088.97,8307.84951896429,East Asia & Pacific (excluding high income),Upper middle income,9.6224706424,9.930123875076866,Suicidio mayor
Colombia,COL,CO,2009,35.345208745,4.1,232397835678.336,10258.9708392748,Latin America & Caribbean (excluding high income),Upper middle income,-31.245208745,0.11599874906892418,Homicidio mayor
Costa Rica,CRI,CR,2009,11.61314555,5.6,30745712006.5238,12219.9404904944,Latin America & Caribbean (excluding high income),Upper middle income,-6.013145550000001,0.482212159994843,Homicidio mayor
Croatia,HRV,HR,2009,1.1287043096,18.3,63084004705.0807,20149.5095665253,,High income,17.1712956904,16.213280878218065,Suicidio mayor
Cuba,CUB,CU,2009,5.032640459,13.7,62080000000.0,,Latin America & Caribbean (excluding high income),Upper middle income,8.667359541,2.7222290389332184,Suicidio mayor
Cyprus,CYP,CY,2009,1.7302786933,4.5,25945391775.4932,33884.8799401104,,High income,2.7697213067,2.600737105198682,Suicidio mayor
Czech Republic,CZE,CZ,2009,0.89624914964,15.0,207434296805.33,27761.5091540229,,High income,14.10375085036,16.736417553115793,Suicidio mayor
Denmark,DNK,DK,2009,0.85046492384,12.9,321241303699.006,40331.4068810678,,High income,12.04953507616,15.168174063845234,Suicidio mayor
Dominican Republic,DOM,DO,2009,24.799681228,4.9,48261033298.2133,10539.3989175546,Latin America & Caribbean (excluding high income),Upper middle income,-19.899681228,0.19758318483818538,Homicidio mayor
Ecuador,ECU,EC,2009,17.767204543,10.5,62519686000.0,8818.67952261285,Latin America & Caribbean (excluding high income),Upper middle income,-7.267204542999998,0.5909764799852454,Homicidio mayor
"Egypt, Arab Rep.",EGY,EG,2009,1.1240554283,3.1,189147005444.646,9131.49909819552,Middle East & North Africa (excluding high income),Lower middle income,1.9759445717000002,2.7578711173419457,Suicidio mayor
El Salvador,SLV,SV,2009,71.163188462,8.6,17601620000.0,5956.67744591121,Latin America & Caribbean (excluding high income),Lower middle income,-62.56318846199999,0.12084899771729962,Homicidio mayor
Estonia,EST,EE,2009,5.238971964,23.3,19633031397.6104,20477.8524315004,,High income,18.061028036,4.447437428584796,Suicidio mayor
Eswatini,SWZ,SZ,2009,17.683850578,54.2,3580417066.92472,7452.68629709854,Sub-Saharan Africa (excluding high income),Lower middle income,36.516149422,3.0649433369126493,Suicidio mayor
Fiji,FJI,FJ,2009,3.3972325441,9.7,2870624635.68032,7653.44494047449,East Asia & Pacific (excluding high income),Upper middle income,6.3027674559,2.8552652413641995,Suicidio mayor
Finland,FIN,FI,2009,2.2462378324,20.4,252496526813.004,37972.270046867,,High income,18.1537621676,9.081852200042217,Suicidio mayor
France,FRA,FR,2009,1.3095015143,18.4,2690222283967.77,34678.0623193739,,High income,17.0904984857,14.051148317942804,Suicidio mayor
Georgia,GEO,GE,2009,5.0977184069,8.5,10766836276.5639,6986.00455062308,Europe & Central Asia (excluding high income),Upper middle income,3.4022815930999997,1.6674126190444047,Suicidio mayor
Germany,DEU,DE,2009,0.99258391484,12.8,3397791053070.3,36815.8440540696,,High income,11.80741608516,12.89563512830379,Suicidio mayor
Ghana,GHA,GH,2009,1.7665839516,7.6,26048108185.0534,2792.96783421253,Sub-Saharan Africa (excluding high income),Lower middle income,5.8334160484,4.302088215573711,Suicidio mayor
Greece,GRC,GR,2009,1.3869539462,3.6,330000251458.739,30359.1494613318,,High income,2.2130460538000003,2.5956161052523345,Suicidio mayor
Grenada,GRD,GD,2009,6.6170701504,0.7,771275555.555555,10838.4291881372,Latin America & Caribbean (excluding high income),Upper middle income,-5.9170701504,0.10578699999994487,Homicidio mayor
Guatemala,GTM,GT,2009,45.388977883,7.9,37125943564.9873,6476.42568562952,Latin America & Caribbean (excluding high income),Upper middle income,-37.488977883000004,0.17405106632636616,Homicidio mayor
Guyana,GUY,GY,2009,15.647610463,32.9,3165663152.73351,8896.99490447837,Latin America & Caribbean (excluding high income),Upper middle income,17.252389537,2.1025574529602857,Suicidio mayor
Haiti,HTI,HT,2009,6.1032577312,10.3,11597014807.3496,2824.23566975369,Latin America & Caribbean (excluding high income),Lower middle income,4.1967422688000005,1.6876233076879832,Suicidio mayor
Honduras,HND,HN,2009,64.779076358,2.0,14486159608.067,3674.23095544369,Latin America & Caribbean (excluding high income),Lower middle income,-62.779076358,0.030874166666826932,Homicidio mayor
Hungary,HUN,HU,2009,1.3956609403,25.4,131114229049.178,20729.783927124,,High income,24.004339059699998,18.199262633616602,Suicidio mayor
Iceland,ISL,IS,2009,0.3163986243,14.3,13154414219.207,41864.1882622629,,High income,13.983601375700001,45.19615099982595,Suicidio mayor
India,IND,IN,2009,3.763079037,14.5,1341886602798.69,3912.41821142619,South Asia,Lower middle income,10.736920963,3.8532275983126,Suicidio mayor
Indonesia,IDN,ID,2009,0.54940782679,2.7,539580085612.401,8021.7480651122,East Asia & Pacific (excluding high income),Lower middle income,2.15059217321,4.914382118971925,Suicidio mayor
"Iran, Islamic Rep.",IRN,IR,2009,3.0373741137,6.2,416397025729.361,16433.260155174,Middle East & North Africa (excluding high income),Lower middle income,3.1626258863000003,2.041236860495734,Suicidio mayor
Iraq,IRQ,IQ,2009,8.8150559499,3.7,111657581662.35,12127.6264613821,Middle East & North Africa (excluding high income),Upper middle income,-5.1150559498999995,0.41973641699256303,Homicidio mayor
Ireland,IRL,IE,2009,1.1792001552,14.0,235509465129.203,41471.0799783739,,High income,12.8207998448,11.87245433971768,Suicidio mayor
Israel,ISR,IL,2009,2.0027713348,6.0,207953439208.606,27461.8619824006,,High income,3.9972286652,2.995848750051723,Suicidio mayor
Italy,ITA,IT,2009,0.99821299571,7.0,2191241872742.43,34602.8969588528,,High income,6.00178700429,7.01253142373798,Suicidio mayor
Jamaica,JAM,JM,2009,60.196599303,2.3,12120460872.8003,7966.13079910865,Latin America & Caribbean (excluding high income),Upper middle income,-57.896599303,0.03820813844355117,Homicidio mayor
Japan,JPN,JP,2009,0.39360524953,24.9,5289493117993.89,33547.2834245767,,High income,24.506394750469997,63.26135139135678,Suicidio mayor
Jordan,JOR,JO,2009,1.4797066931,1.6,24537876056.338,9628.06041278083,Middle East & North Africa (excluding high income),Upper middle income,0.12029330690000006,1.0812953725633183,Tasas similares
Kazakhstan,KAZ,KZ,2009,11.039072144,30.3,115308661142.927,17962.8301156342,Europe & Central Asia (excluding high income),Upper middle income,19.260927856000002,2.744795903564121,Suicidio mayor
Kenya,KEN,KE,2009,4.663560267,6.0,42347217912.9176,2450.74977904484,Sub-Saharan Africa (excluding high income),Lower middle income,1.3364397329999997,1.2865707005990321,Suicidio mayor
Kiribati,KIR,KI,2009,0.99080532657,30.9,132419902.010457,1746.02732699352,East Asia & Pacific (excluding high income),Lower middle income,29.909194673429997,31.186751999982235,Suicidio mayor
"Korea, Rep.",KOR,KR,2009,1.0786456074,34.2,943941876218.743,29508.3815060615,,High income,33.121354392600004,31.706428659582382,Suicidio mayor
Kuwait,KWT,KW,2009,1.7369474602,2.7,105963168867.269,79424.3808368516,,High income,0.9630525398000003,1.5544511632430782,Suicidio mayor
Kyrgyz Republic,KGZ,KG,2009,7.8542255734,11.9,4690062255.12247,3101.33692808776,Europe & Central Asia (excluding high income),Lower middle income,4.0457744266,1.515107999991988,Suicidio mayor
Latvia,LVA,LV,2009,5.0354721035,26.3,26410909090.9091,17023.7549183562,,High income,21.2645278965,5.222946222206193,Suicidio mayor
Lebanon,LBN,LB,2009,3.0126577334,3.0,35399582928.6222,14095.5675986609,Middle East & North Africa (excluding high income),Upper middle income,-0.012657733400000204,0.9957984827616926,Tasas similares
Lesotho,LSO,LS,2009,36.329193748,63.3,1740830510.87482,2027.40340076815,Sub-Saharan Africa (excluding high income),Lower middle income,26.970806251999996,1.7424003527049041,Suicidio mayor
Liberia,LBR,LR,2009,3.8624138915,4.8,1768000000.0,987.008157068945,Sub-Saharan Africa (excluding high income),Low income,0.9375861084999997,1.242746151717024,Suicidio mayor
Lithuania,LTU,LT,2009,7.9563788373,39.2,37388122046.1496,18116.7302641547,,High income,31.243621162700002,4.926864444441478,Suicidio mayor
Luxembourg,LUX,LU,2009,1.006976332,11.3,54252213114.7541,86875.8537667967,,High income,10.293023668,11.221713600315285,Suicidio mayor
Malawi,MWI,MW,2009,2.2649798512,8.0,6191127665.1963,1380.05580229209,Sub-Saharan Africa (excluding high income),Low income,5.7350201488,3.5320402500541235,Suicidio mayor
Malaysia,MYS,MY,2009,2.0227122097,4.6,202257625195.063,19193.1918612103,East Asia & Pacific (excluding high income),Upper middle income,2.5772877902999998,2.2741742388959287,Suicidio mayor
Maldives,MDV,MV,2009,1.6978361079,2.9,2345294875.0,12123.856562913,South Asia,Upper middle income,1.2021638921,1.7080564999803889,Suicidio mayor
Malta,MLT,MT,2009,0.97191411195,6.9,8696366907.4743,26649.6041313751,,High income,5.92808588805,7.099392749999467,Suicidio mayor
Mauritius,MUS,MU,2009,3.0546722015,9.1,9128843109.15588,14902.3542077619,Sub-Saharan Africa (excluding high income),Upper middle income,6.0453277985,2.979043052649458,Suicidio mayor
Mexico,MEX,MX,2009,17.608319172,4.6,900045350649.351,14547.6445830778,Latin America & Caribbean (excluding high income),Upper middle income,-13.008319172000002,0.2612401533085976,Homicidio mayor
Moldova,MDA,MD,2009,6.0036387908,19.7,5439422031.39627,5897.39182807244,Europe & Central Asia (excluding high income),Upper middle income,13.696361209199999,3.2813433130234877,Suicidio mayor
Mongolia,MNG,MN,2009,8.190608551,23.6,4583850367.88972,7167.24678918012,East Asia & Pacific (excluding high income),Lower middle income,15.409391449000001,2.881348785386484,Suicidio mayor
Montenegro,MNE,ME,2009,3.3711490642,20.9,4159330369.5471,13022.1453737403,Europe & Central Asia (excluding high income),Upper middle income,17.528850935799998,6.199666523782072,Suicidio mayor
Morocco,MAR,MA,2009,1.3529982865,9.2,92897320375.8176,6107.38027064461,Middle East & North Africa (excluding high income),Lower middle income,7.847001713499999,6.7997129721420375,Suicidio mayor
Mozambique,MOZ,MZ,2009,3.5947156021,14.5,11914471497.1492,914.777067512634,Sub-Saharan Africa (excluding high income),Low income,10.905284397900001,4.033698797070131,Suicidio mayor
Myanmar,MMR,MM,2009,1.7492409906,3.6,29455165594.6859,2676.99756052717,East Asia & Pacific (excluding high income),Lower middle income,1.8507590094000002,2.058035467580244,Suicidio mayor
Namibia,NAM,,2009,18.644532851,13.1,8938868165.39165,8067.18288617816,Sub-Saharan Africa (excluding high income),Upper middle income,-5.544532851000001,0.7026188376340778,Homicidio mayor
Nepal,NPL,NP,2009,2.9981180672,8.5,12854985464.0764,2055.85226983614,South Asia,Lower middle income,5.5018819328,2.8351118299815035,Suicidio mayor
Netherlands,NLD,NL,2009,0.92623896039,9.5,868077243678.8,44556.9211528341,,High income,8.57376103961,10.256532499993256,Suicidio mayor
New Zealand,NZL,NZ,2009,1.5497284737,11.5,121373602348.679,30681.2445433491,,High income,9.9502715263,7.42065477608705,Suicidio mayor
Nicaragua,NIC,NI,2009,13.958658006,5.0,8298679908.55232,3820.50291722455,Latin America & Caribbean (excluding high income),Lower middle income,-8.958658006,0.3582006234303324,Homicidio mayor
North Macedonia,MKD,MK,2009,1.6916139447,9.7,9401731495.71661,11009.9915852452,Europe & Central Asia (excluding high income),Upper middle income,8.008386055299999,5.734168857138529,Suicidio mayor
Norway,NOR,NO,2009,0.60080628203,13.0,386190385318.767,55364.21942385,,High income,12.39919371797,21.637590000017465,Suicidio mayor
Oman,OMN,OM,2009,1.2864258431,6.5,48388363589.0767,51852.5053946245,,High income,5.2135741569,5.052759189240514,Suicidio mayor
Pakistan,PAK,PK,2009,7.1163404588,8.8,168152775283.032,3868.7439423357,South Asia,Lower middle income,1.6836595412000008,1.2365906396619912,Suicidio mayor
Panama,PAN,PA,2009,15.701767008,4.8,27116635565.1742,14405.1109633029,Latin America & Caribbean (excluding high income),Upper middle income,-10.901767008,0.30569807828344514,Homicidio mayor
Papua New Guinea,PNG,PG,2009,9.7553820457,2.4,11619637798.991,2791.71539390215,East Asia & Pacific (excluding high income),Lower middle income,-7.355382045699999,0.24601804304095684,Homicidio mayor
Paraguay,PRY,PY,2009,13.319338024,4.4,22355601273.3545,9020.30802243108,Latin America & Caribbean (excluding high income),Upper middle income,-8.919338024,0.33034674786927687,Homicidio mayor
Philippines,PHL,PH,2009,9.8339907019,2.3,175974711591.53,5268.4949835375,East Asia & Pacific (excluding high income),Lower middle income,-7.5339907019,0.2338826697848741,Homicidio mayor
Poland,POL,PL,2009,1.0090758419,19.2,439737508413.192,19239.9284691728,,High income,18.1909241581,19.027311132380405,Suicidio mayor
Portugal,PRT,PT,2009,1.2259448404,13.1,243701635176.438,26458.9110362123,,High income,11.8740551596,10.685635738493541,Suicidio mayor
Qatar,QAT,QA,2009,0.48340004254,8.4,97798351648.3516,122424.611957113,,High income,7.916599957460001,17.376911999971377,Suicidio mayor
Romania,ROU,RO,2009,1.2501214386,12.2,174103695930.213,16631.8581907197,Europe & Central Asia (excluding high income),Upper middle income,10.949878561399998,9.759051899519996,Suicidio mayor
Russian Federation,RUS,RU,2009,12.320785217,38.4,1222644282201.86,19389.9411762443,Europe & Central Asia (excluding high income),Upper middle income,26.079214782999998,3.1166844745427724,Suicidio mayor
Samoa,WSM,WS,2009,8.6695962677,11.0,584706020.213857,5316.20513034998,East Asia & Pacific (excluding high income),Lower middle income,2.3304037323000006,1.2688018750056795,Suicidio mayor
Sao Tome and Principe,STP,ST,2009,2.8428958875,1.5,187820464.571058,2734.0053919294,Sub-Saharan Africa (excluding high income),Lower middle income,-1.3428958875,0.5276309999938399,Homicidio mayor
Serbia,SRB,RS,2009,1.7066824598,19.5,45162894380.9318,12533.9654665528,Europe & Central Asia (excluding high income),Upper middle income,17.7933175402,11.425675519208848,Suicidio mayor
Seychelles,SYC,SC,2009,15.420540159,7.5,847397850.094417,18599.6254746883,,High income,-7.920540159,0.48636428572981744,Homicidio mayor
Sierra Leone,SLE,SL,2009,2.5188374768,6.6,2453899846.88317,1088.37429210938,Sub-Saharan Africa (excluding high income),Low income,4.0811625232,2.620256392399251,Suicidio mayor
Singapore,SGP,SG,2009,0.40268883388,10.5,194152286008.938,66149.0046454714,,High income,10.09731116612,26.074723500103225,Suicidio mayor
Slovak Republic,SVK,SK,2009,1.4441371641,13.1,89046289247.0131,23080.5865355505,,High income,11.655862835899999,9.071160500300568,Suicidio mayor
Slovenia,SVN,SI,2009,0.63919536121,22.5,50368056404.5568,27537.7584612632,,High income,21.86080463879,35.200505769327535,Suicidio mayor
South Africa,ZAF,ZA,2009,32.9,26.7,329753048857.052,12568.453603784,Sub-Saharan Africa (excluding high income),Upper middle income,-6.199999999999999,0.8115501519756839,Homicidio mayor
Spain,ESP,ES,2009,0.88443207632,7.6,1485583495415.39,32092.3648208603,,High income,6.71556792368,8.593084990339284,Suicidio mayor
Sri Lanka,LKA,LK,2009,5.4612744458,22.7,42066217871.5349,7550.29488741207,South Asia,Lower middle income,17.2387255542,4.156538959044159,Suicidio mayor
St. Lucia,LCA,LC,2009,22.645059022,7.2,1401507888.88889,12207.2701410652,Latin America & Caribbean (excluding high income),Upper middle income,-15.445059022000002,0.31795015385056385,Homicidio mayor
St. Vincent and the Grenadines,VCT,VC,2009,21.238676553,2.6,674922222.222222,10367.093598917,Latin America & Caribbean (excluding high income),Upper middle income,-18.638676553,0.1224181739154903,Homicidio mayor
Sweden,SWE,SE,2009,0.99859498759,15.7,436537014293.554,40279.4615973941,,High income,14.70140501241,15.722089731183447,Suicidio mayor
Switzerland,CHE,CH,2009,0.6611439969,16.0,558199868578.256,53354.0046402285,,High income,15.3388560031,24.200476862864182,Suicidio mayor
Syrian Arab Republic,SYR,SY,2009,2.2446611842,1.4,224561692650.334,,Middle East & North Africa (excluding high income),Low income,-0.8446611842,0.623702147056533,Homicidio mayor
Tajikistan,TJK,TJ,2009,1.3170844042,3.9,4979481980.35098,2208.88978211505,Europe & Central Asia (excluding high income),Lower middle income,2.5829155958,2.9610858556698716,Suicidio mayor
Thailand,THA,TH,2009,5.5378724825,8.0,281710416557.292,12191.4143933543,East Asia & Pacific (excluding high income),Upper middle income,2.4621275175,1.4445980880347944,Suicidio mayor
Timor-Leste,TLS,TL,2009,2.978722612,3.1,726882400.0,1784.35827606161,East Asia & Pacific (excluding high income),Lower middle income,0.12127738800000021,1.0407145625146248,Tasas similares
Tonga,TON,TO,2009,7.6999335881,4.3,312377379.297118,4524.73128953376,East Asia & Pacific (excluding high income),Upper middle income,-3.3999335881000006,0.5584463749980274,Homicidio mayor
Trinidad and Tobago,TTO,TT,2009,38.382310524,11.2,19172165225.5015,29366.3564030865,,High income,-27.182310524,0.29180108875928074,Homicidio mayor
Tunisia,TUN,TN,2009,2.422643796,3.5,43454935940.1614,10267.0350662332,Middle East & North Africa (excluding high income),Lower middle income,1.077356204,1.444702686287935,Suicidio mayor
Turkey,TUR,TR,2009,5.1765664855,2.4,649272568774.193,15597.9969428862,Europe & Central Asia (excluding high income),Upper middle income,-2.7765664855000005,0.46362777464997357,Homicidio mayor
Uganda,UGA,UG,2009,10.292541209,6.8,25127805566.4346,2017.66556576627,Sub-Saharan Africa (excluding high income),Low income,-3.4925412089999996,0.6606726037738812,Homicidio mayor
Ukraine,UKR,UA,2009,4.8726432449,26.3,121552777492.556,8095.59141512148,Europe & Central Asia (excluding high income),Lower middle income,21.4273567551,5.397481136655583,Suicidio mayor
United Kingdom,GBR,GB,2009,1.1236917188,8.0,2425798410967.44,35212.420476946,,High income,6.8763082812,7.119390368510741,Suicidio mayor
United States,USA,US,2009,5.0272999297,12.8,14448933025000.0,47099.9804711343,,High income,7.772700070300001,2.546098338867924,Suicidio mayor
Uruguay,URY,UY,2009,6.7469211948,15.0,31660911277.0294,15464.2622035389,,High income,8.253078805200001,2.223236283174736,Suicidio mayor
"Venezuela, RB",VEN,VE,2009,49.891174096,3.2,329787628928.471,17042.6826713899,,Not classified,-46.691174096,0.06413960100122315,Homicidio mayor
Vietnam,VNM,VN,2009,1.4157402065,6.9,106014659770.222,3952.73424089527,East Asia & Pacific (excluding high income),Lower middle income,5.484259793500001,4.873775547463058,Suicidio mayor
"Yemen, Rep.",YEM,YE,2009,4.3967827275,5.9,25130274124.2525,3928.22914811088,Middle East & North Africa (excluding high income),Low income,1.5032172725000006,1.341890278793632,Suicidio mayor
Zambia,ZMB,ZM,2009,6.1444667034,9.8,15328342303.9575,2933.13055042862,Sub-Saharan Africa (excluding high income),Lower middle income,3.6555332966000007,1.5949309310403188,Suicidio mayor
Afghanistan,AFG,AF,2010,3.3681096075,4.3,15856678596.148,1710.57541109225,South Asia,Low income,0.9318903924999997,1.276680542232027,Suicidio mayor
Albania,ALB,AL,2010,4.3079630492,7.8,11926922828.9911,9628.72196177826,Europe & Central Asia (excluding high income),Upper middle income,3.4920369508,1.8106004881932496,Suicidio mayor
Algeria,DZA,DZ,2010,0.7059977651,3.0,161207270185.25,13095.449178663,Middle East & North Africa (excluding high income),Lower middle income,2.2940022348999998,4.249305236221349,Suicidio mayor
Antigua and Barbuda,ATG,AG,2010,6.8158582301,0.2,1148700000.0,20611.4457775542,,High income,-6.6158582301,0.029343333333543484,Homicidio mayor
Argentina,ARG,AR,2010,5.8294564636,8.6,423627422092.49,18061.9343589164,Latin America & Caribbean (excluding high income),Upper middle income,2.7705435364,1.475266185398191,Suicidio mayor
Armenia,ARM,AM,2010,1.9462596018,6.8,9260284937.79781,7506.32190855914,Europe & Central Asia (excluding high income),Upper middle income,4.853740398199999,3.493881285780691,Suicidio mayor
Australia,AUS,AU,2010,1.042668759,11.7,1147589183475.73,39336.6634845318,,High income,10.657331241,11.221205103738992,Suicidio mayor
Austria,AUT,AT,2010,0.68965968267,16.1,391892746544.69,42009.4385277438,,High income,15.410340317330002,23.344847327698293,Suicidio mayor
Azerbaijan,AZE,AZ,2010,2.2806620341,4.6,52909294791.9262,14677.1648204193,Europe & Central Asia (excluding high income),Upper middle income,2.3193379658999995,2.0169582038994487,Suicidio mayor
"Bahamas, The",BHS,BS,2010,26.483647756,3.6,10095760000.0,31090.5816457788,,High income,-22.883647756,0.13593293617131735,Homicidio mayor
Bahrain,BHR,BH,2010,0.88647909843,8.2,25713271276.5957,46872.9477813149,,High income,7.31352090157,9.250077090957499,Suicidio mayor
Bangladesh,BGD,BD,2010,2.7023468059,4.4,115279077465.226,2439.06962718124,South Asia,Lower middle income,1.6976531941000004,1.6282144062314783,Suicidio mayor
Barbados,BRB,BB,2010,10.987803538,1.6,4530000000.0,16127.8113837512,,High income,-9.387803538,0.145616000000964,Homicidio mayor
Belarus,BLR,BY,2010,4.2566399337,35.9,57222490768.7143,15360.1478975791,Europe & Central Asia (excluding high income),Upper middle income,31.643360066299998,8.433882254352351,Suicidio mayor
Belgium,BEL,BE,2010,1.7278049061,20.5,480951629493.033,39840.0881958103,,High income,18.7721950939,11.864765476486918,Suicidio mayor
Belize,BLZ,BZ,2010,40.004341556,6.9,1377177100.0,7563.89656837941,Latin America & Caribbean (excluding high income),Lower middle income,-33.104341556,0.17248127907169897,Homicidio mayor
Bhutan,BTN,BT,2010,2.3340559181,4.2,1547991317.81183,6693.51591287704,South Asia,Lower middle income,1.8659440819000004,1.79944275003443,Suicidio mayor
Bolivia,BOL,BO,2010,12.668435205,6.0,19649631314.0482,5167.11031871591,Latin America & Caribbean (excluding high income),Lower middle income,-6.668435205,0.4736180832840278,Homicidio mayor
Bosnia and Herzegovina,BIH,BA,2010,1.5112760081,10.5,17176781045.5967,9348.26456908985,Europe & Central Asia (excluding high income),Upper middle income,8.9887239919,6.947771250071497,Suicidio mayor
Botswana,BWA,BW,2010,15.248305828,24.4,12786654498.3514,12862.4913329131,Sub-Saharan Africa (excluding high income),Upper middle income,9.151694172,1.6001777689423715,Suicidio mayor
Brazil,BRA,BR,2010,22.109854307,5.0,2208838108577.09,14299.5551384925,Latin America & Caribbean (excluding high income),Upper middle income,-17.109854307,0.22614350735079225,Homicidio mayor
Brunei Darussalam,BRN,BN,2010,0.25731150646,1.3,13707370737.0737,80280.0244489225,,High income,1.04268849354,5.052241999920395,Suicidio mayor
Bulgaria,BGR,BG,2010,1.9932630403,12.4,50682061053.2016,14956.4871777211,Europe & Central Asia (excluding high income),Upper middle income,10.4067369597,6.220955162111325,Suicidio mayor
Burkina Faso,BFA,BF,2010,0.78819824993,8.0,10109618964.2848,1502.10404736947,Sub-Saharan Africa (excluding high income),Low income,7.21180175007,10.149730731716902,Suicidio mayor
Burundi,BDI,BI,2010,3.9997205959,7.6,2032135246.50004,663.05448953244,Sub-Saharan Africa (excluding high income),Low income,3.6002794040999997,1.9001327262185623,Suicidio mayor
Cabo Verde,CPV,CV,2010,7.9164670634,14.8,1664310769.55229,5692.54910540752,Sub-Saharan Africa (excluding high income),Lower middle income,6.883532936600001,1.8695208205216267,Suicidio mayor
Cambodia,KHM,KH,2010,2.3127114236,5.4,11242275198.9783,2427.24450158608,East Asia & Pacific (excluding high income),Lower middle income,3.0872885764,2.334921661602848,Suicidio mayor
Cameroon,CMR,CM,2010,4.9112059857,10.8,27507499709.071,2816.79742422742,Sub-Saharan Africa (excluding high income),Lower middle income,5.888794014300001,2.199052540546345,Suicidio mayor
Canada,CAN,CA,2010,1.6282273237,12.1,1617343367486.26,40099.4482394377,,High income,10.471772676299999,7.431394759119899,Suicidio mayor
Chile,CHL,CL,2010,3.17069021,11.6,218537551220.123,18161.809244628,,High income,8.42930979,3.6585094196257035,Suicidio mayor
China,CHN,CN,2010,0.97968265009,10.2,6087163874510.73,9253.76518771214,East Asia & Pacific (excluding high income),Upper middle income,9.22031734991,10.411534795541149,Suicidio mayor
Colombia,COL,CO,2010,34.184160481,3.8,286563105192.457,10731.645914959,Latin America & Caribbean (excluding high income),Upper middle income,-30.384160481,0.11116259538133426,Homicidio mayor
Costa Rica,CRI,CR,2010,11.513158973,6.9,37658614803.2919,12863.8495103757,Latin America & Caribbean (excluding high income),Upper middle income,-4.613158972999999,0.5993142295855972,Homicidio mayor
Croatia,HRV,HR,2010,1.4324783979,18.3,60426018629.2992,19967.213732615,,High income,16.867521602100002,12.775061757878953,Suicidio mayor
Cuba,CUB,CU,2010,4.4985525796,14.4,64328000000.0,,Latin America & Caribbean (excluding high income),Upper middle income,9.9014474204,3.201029607901218,Suicidio mayor
Cyprus,CYP,CY,2010,0.71902550473,5.3,25732432719.0773,33423.5009757311,,High income,4.58097449527,7.371087625035211,Suicidio mayor
Czech Republic,CZE,CZ,2010,0.97755291741,15.0,209069940963.177,27881.9679972276,,High income,14.02244708259,15.344437864031027,Suicidio mayor
Denmark,DNK,DK,2010,0.75609616031,11.8,321995279401.502,43003.0545921155,,High income,11.043903839690001,15.606480523802675,Suicidio mayor
Dominican Republic,DOM,DO,2010,25.518000453,4.7,53860175555.9961,11410.3534599665,Latin America & Caribbean (excluding high income),Upper middle income,-20.818000453,0.18418371018750607,Homicidio mayor
Ecuador,ECU,EC,2010,17.473719805,9.9,69555367000.0,9090.31005023095,Latin America & Caribbean (excluding high income),Upper middle income,-7.573719805000001,0.5665651109483382,Homicidio mayor
"Egypt, Arab Rep.",EGY,EG,2010,2.2220545646,3.2,218983666061.706,9522.50916306002,Middle East & North Africa (excluding high income),Lower middle income,0.9779454354000001,1.4401086503364258,Suicidio mayor
El Salvador,SLV,SV,2010,64.47411551,6.1,18447920000.0,6126.97339476277,Latin America & Caribbean (excluding high income),Lower middle income,-58.37411551,0.09461161198952599,Homicidio mayor
Estonia,EST,EE,2010,5.2548489118,18.8,19523477325.6235,21619.4545478307,,High income,13.5451510882,3.577648057165593,Suicidio mayor
Eswatini,SWZ,SZ,2010,19.533432691,50.4,4438778424.30203,7771.33143932733,Sub-Saharan Africa (excluding high income),Lower middle income,30.866567308999997,2.5801916538316236,Suicidio mayor
Fiji,FJI,FJ,2010,2.3260790681,9.6,3140508835.9485,7914.10092561106,East Asia & Pacific (excluding high income),Upper middle income,7.273920931899999,4.12711679996395,Suicidio mayor
Finland,FIN,FI,2010,2.2177560632,18.6,249181190476.369,38956.4722165393,,High income,16.382243936800002,8.386855663991316,Suicidio mayor
France,FRA,FR,2010,1.2659126694,18.2,2642609548930.36,35902.9031102393,,High income,16.9340873306,14.376979107592142,Suicidio mayor
Georgia,GEO,GE,2010,4.561981471,8.3,12243505582.6741,7564.06307018208,Europe & Central Asia (excluding high income),Upper middle income,3.7380185290000005,1.8193848556295464,Suicidio mayor
Germany,DEU,DE,2010,0.981107786,13.2,3396354075663.73,38952.6946021004,,High income,12.218892213999998,13.454179233269278,Suicidio mayor
Ghana,GHA,GH,2010,1.7030128072,7.8,32197272797.2028,2973.83342186826,Sub-Saharan Africa (excluding high income),Lower middle income,6.0969871928,4.5801182275454115,Suicidio mayor
Greece,GRC,GR,2010,1.6165119346,3.5,296835346570.223,27913.0891911748,,High income,1.8834880654,2.165155681863903,Suicidio mayor
Grenada,GRD,GD,2010,9.4138025173,0.9,771013259.259259,10863.4810030685,Latin America & Caribbean (excluding high income),Upper middle income,-8.5138025173,0.09560429999950026,Homicidio mayor
Guatemala,GTM,GT,2010,40.737039675,7.3,40676432028.5934,6618.19053228711,Latin America & Caribbean (excluding high income),Upper middle income,-33.437039675,0.17919809731486092,Homicidio mayor
Guyana,GUY,GY,2010,18.680864123,33.3,3432913073.24154,9319.39241925339,Latin America & Caribbean (excluding high income),Upper middle income,14.619135876999998,1.7825727857524976,Suicidio mayor
Haiti,HTI,HT,2010,6.8044864985,10.9,11859315078.7902,2654.6874953426,Latin America & Caribbean (excluding high income),Lower middle income,4.0955135015,1.601884286551649,Suicidio mayor
Honduras,HND,HN,2010,74.974748923,2.0,15729649158.5883,3778.4619238786,Latin America & Caribbean (excluding high income),Lower middle income,-72.974748923,0.026675647851172195,Homicidio mayor
Hungary,HUN,HU,2010,1.3900948689,25.5,132231134158.608,21751.8338392809,,High income,24.1099051311,18.344071739634924,Suicidio mayor
Iceland,ISL,IS,2010,0.62433274438,12.8,13751161917.7398,39775.2970758147,,High income,12.17566725562,20.501887999981758,Suicidio mayor
India,IND,IN,2010,3.7641342502,14.6,1675615335600.56,4236.74434794867,South Asia,Lower middle income,10.8358657498,3.8787139431130164,Suicidio mayor
Indonesia,IDN,ID,2010,0.43748977037,2.6,755094160363.071,8505.74814801885,East Asia & Pacific (excluding high income),Lower middle income,2.16251022963,5.942996102059921,Suicidio mayor
Iraq,IRQ,IQ,2010,9.0478181729,3.9,138516722649.573,12717.0171365756,Middle East & North Africa (excluding high income),Upper middle income,-5.147818172899999,0.4310431449298207,Homicidio mayor
Ireland,IRL,IE,2010,1.2076419583,11.9,221659742984.75,43203.1200753797,,High income,10.6923580417,9.853914000099545,Suicidio mayor
Israel,ISR,IL,2010,2.041803615,6.7,234654589559.973,28840.0453543033,,High income,4.658196385,3.2814125466224136,Suicidio mayor
Italy,ITA,IT,2010,0.89169478511,6.9,2134017843247.16,35158.4418435321,,High income,6.00830521489,7.738073739153709,Suicidio mayor
Jamaica,JAM,JM,2010,51.486160292,1.9,13220556882.7046,7900.19947850272,Latin America & Caribbean (excluding high income),Upper middle income,-49.586160292,0.03690312094015729,Homicidio mayor
Japan,JPN,JP,2010,0.36174848493,24.1,5759071769013.11,35335.3735103814,,High income,23.73825151507,66.6208733525545,Suicidio mayor
Jordan,JOR,JO,2010,1.5974570687,1.5,27133804225.3521,9460.29137317501,Middle East & North Africa (excluding high income),Upper middle income,-0.09745706870000004,0.9389923706811665,Tasas similares
Kazakhstan,KAZ,KZ,2010,8.534190879,29.9,148047348240.643,19225.0769114856,Europe & Central Asia (excluding high income),Upper middle income,21.365809120999998,3.503554165114192,Suicidio mayor
Kenya,KEN,KE,2010,4.5823665396,6.0,45405587556.7313,2607.14450931565,Sub-Saharan Africa (excluding high income),Lower middle income,1.4176334604000003,1.309367102816648,Suicidio mayor
Kiribati,KIR,KI,2010,3.8861362091,30.7,156120439.254831,1716.01467883602,East Asia & Pacific (excluding high income),Lower middle income,26.8138637909,7.899877499947406,Suicidio mayor
"Korea, Rep.",KOR,KR,2010,0.97815717893,34.0,1144066965324.49,31736.6284370925,,High income,33.02184282107,34.75923985671954,Suicidio mayor
Kuwait,KWT,KW,2010,2.005425344,2.5,115419399860.433,73965.9706064094,,High income,0.49457465600000017,1.2466183333524283,Suicidio mayor
Kyrgyz Republic,KGZ,KG,2010,16.764109977,11.4,4794357795.07139,3085.65193549234,Europe & Central Asia (excluding high income),Lower middle income,-5.364109977,0.6800241716166594,Homicidio mayor
Latvia,LVA,LV,2010,3.3036710865,22.5,23956163076.5575,17706.894512358,,High income,19.1963289135,6.810605357156519,Suicidio mayor
Lebanon,LBN,LB,2010,3.2908922639,3.0,38443907042.3002,14961.734925357,Middle East & North Africa (excluding high income),Upper middle income,-0.2908922639,0.9116068711543699,Tasas similares
Lesotho,LSO,LS,2010,38.28470491,65.4,2234731973.55119,2153.15499407616,Sub-Saharan Africa (excluding high income),Lower middle income,27.115295090000004,1.7082539921293076,Suicidio mayor
Liberia,LBR,LR,2010,3.315038944,4.9,1998000000.0,1022.05648409605,Sub-Saharan Africa (excluding high income),Low income,1.5849610560000005,1.4781123488364065,Suicidio mayor
Lithuania,LTU,LT,2010,7.0106359991,37.2,37128694028.243,20096.7360969805,,High income,30.189364000900003,5.306223287698235,Suicidio mayor
Luxembourg,LUX,LU,2010,1.9689302802,12.0,56159192758.3285,90361.783087755,,High income,10.0310697198,6.0946799999343115,Suicidio mayor
Malawi,MWI,MW,2010,3.5764373031,8.2,6959655570.89098,1449.88396694258,Sub-Saharan Africa (excluding high income),Low income,4.623562696899999,2.2927844961499444,Suicidio mayor
Malaysia,MYS,MY,2010,1.9143486386,4.5,255016609232.871,20508.7575347559,East Asia & Pacific (excluding high income),Upper middle income,2.5856513614,2.3506690000265245,Suicidio mayor
Maldives,MDV,MV,2010,1.6405545074,2.7,2588176054.6875,12712.3432126961,South Asia,Upper middle income,1.0594454926,1.645785000023584,Suicidio mayor
Malta,MLT,MT,2010,0.96558416635,7.5,9035932122.49768,28722.7021856242,,High income,6.53441583365,7.767318750006758,Suicidio mayor
Mauritius,MUS,MU,2010,2.6443303554,7.8,10003670690.3497,15698.522154027,Sub-Saharan Africa (excluding high income),Upper middle income,5.1556696446,2.949707090897921,Suicidio mayor
Mexico,MEX,MX,2010,22.575450557,4.5,1057801295584.05,15255.019052785,Latin America & Caribbean (excluding high income),Upper middle income,-18.075450557,0.19933156986781286,Homicidio mayor
Moldova,MDA,MD,2010,6.4854175997,20.5,6974960345.3712,6396.08927156131,Europe & Central Asia (excluding high income),Upper middle income,14.0145824003,3.1609375471748007,Suicidio mayor
Mongolia,MNG,MN,2010,8.7870812993,23.4,7189481824.07288,7581.54667133989,East Asia & Pacific (excluding high income),Lower middle income,14.612918700699998,2.6630002845044913,Suicidio mayor
Montenegro,MNE,ME,2010,2.4027718376,20.3,4143033275.88493,13636.0150798042,Europe & Central Asia (excluding high income),Upper middle income,17.8972281624,8.44857579997133,Suicidio mayor
Morocco,MAR,MA,2010,1.3944119144,9.2,93216746661.5977,6332.12566680149,Middle East & North Africa (excluding high income),Lower middle income,7.805588085599999,6.59776347648224,Suicidio mayor
Mozambique,MOZ,MZ,2010,3.718409403,14.9,11104648673.0016,958.937458879074,Sub-Saharan Africa (excluding high income),Low income,11.181590597,4.007089694851442,Suicidio mayor
Myanmar,MMR,MM,2010,1.5829780806,3.5,37796052938.7278,2960.24121524112,East Asia & Pacific (excluding high income),Lower middle income,1.9170219194,2.211022403211917,Suicidio mayor
Namibia,NAM,,2010,14.819170721,12.9,11431334447.4305,8499.51964031467,Sub-Saharan Africa (excluding high income),Upper middle income,-1.9191707210000004,0.8704940541456632,Tasas similares
Nepal,NPL,NP,2010,3.0096389518,8.7,16002656434.4746,2169.51535889719,South Asia,Lower middle income,5.6903610482,2.8907121881834756,Suicidio mayor
Netherlands,NLD,NL,2010,0.8631578859,9.8,846554894931.084,45043.9042332404,,High income,8.936842114100001,11.35365865282191,Suicidio mayor
New Zealand,NZL,NZ,2010,0.9839681835,12.6,146517541181.254,31222.4544777381,,High income,11.6160318165,12.805292093064917,Suicidio mayor
Nicaragua,NIC,NI,2010,13.478574561,4.8,8758592272.10579,3981.08092009041,Latin America & Caribbean (excluding high income),Lower middle income,-8.678574561000001,0.3561207439463746,Homicidio mayor
North Macedonia,MKD,MK,2010,2.076555352,7.1,9407168702.4313,11361.0093874551,Europe & Central Asia (excluding high income),Upper middle income,5.023444648,3.419123883773072,Suicidio mayor
Norway,NOR,NO,2010,0.59354736242,12.4,428757038466.841,57919.6519537143,,High income,11.80645263758,20.89134041375057,Suicidio mayor
Oman,OMN,OM,2010,1.5782023946,6.7,64993498049.4148,50456.8583608358,,High income,5.1217976054,4.2453363541487565,Suicidio mayor
Pakistan,PAK,PK,2010,7.3512755993,8.8,177165635077.065,3890.29061860796,South Asia,Lower middle income,1.4487244007000006,1.1970711587575291,Tasas similares
Panama,PAN,PA,2010,12.628026917,4.2,29440287581.2675,15153.5359627257,Latin America & Caribbean (excluding high income),Upper middle income,-8.428026917,0.3325935260991494,Homicidio mayor
Papua New Guinea,PNG,PG,2010,9.7530788541,2.6,14250755231.1257,3039.78415744895,East Asia & Pacific (excluding high income),Lower middle income,-7.1530788541,0.26658248527407447,Homicidio mayor
Paraguay,PRY,PY,2010,11.859762866,3.5,27237782849.6908,10001.5304279296,Latin America & Caribbean (excluding high income),Upper middle income,-8.359762866,0.29511551280961335,Homicidio mayor
Philippines,PHL,PH,2010,9.2000594593,2.4,208368726860.828,5626.28116096019,East Asia & Pacific (excluding high income),Lower middle income,-6.8000594593,0.26086787923679433,Homicidio mayor
Poland,POL,PL,2010,1.0018318914,18.6,479834179020.33,21072.5265773139,,High income,17.598168108600003,18.565989124190903,Suicidio mayor
Portugal,PRT,PT,2010,1.1702468513,13.6,237880908317.652,27261.9534524665,,High income,12.4297531487,11.621479677464697,Suicidio mayor
Qatar,QAT,QA,2010,0.21547904493,8.2,125122306346.154,132047.986609638,,High income,7.984520955069999,38.054744500393674,Suicidio mayor
Romania,ROU,RO,2010,1.2993445637,13.2,166309355234.589,16976.2590867185,Europe & Central Asia (excluding high income),Upper middle income,11.9006554363,10.158968120366639,Suicidio mayor
Russian Federation,RUS,RU,2010,11.632342185,38.1,1524917468442.01,20490.1267193879,Europe & Central Asia (excluding high income),Upper middle income,26.467657815000003,3.2753506898318605,Suicidio mayor
Rwanda,RWA,RW,2010,2.8985974972,6.6,6121234528.98826,1349.45209368748,Sub-Saharan Africa (excluding high income),Low income,3.7014025027999997,2.2769632577049754,Suicidio mayor
Samoa,WSM,WS,2010,8.6047412124,12.8,663155954.963744,5362.86085040211,East Asia & Pacific (excluding high income),Lower middle income,4.1952587876,1.4875520000013893,Suicidio mayor
Sao Tome and Principe,STP,ST,2010,3.3264586521,1.5,196652514.267255,2876.87523455072,Sub-Saharan Africa (excluding high income),Lower middle income,-1.8264586521,0.4509300000025694,Homicidio mayor
Serbia,SRB,RS,2010,1.4458488456,17.2,41819468691.8251,12798.2721299571,Europe & Central Asia (excluding high income),Upper middle income,15.754151154399999,11.896125969421321,Suicidio mayor
Seychelles,SYC,SC,2010,9.8605283052,7.8,969936525.298729,19387.8625271702,,High income,-2.060528305200001,0.7910326666662099,Homicidio mayor
Sierra Leone,SLE,SL,2010,2.5406678309,6.8,2578026297.15912,1134.08820259398,Sub-Saharan Africa (excluding high income),Low income,4.2593321691,2.676461644177698,Suicidio mayor
Singapore,SGP,SG,2010,0.3702859192,9.9,239809387605.427,75294.35655382,,High income,9.5297140808,26.736096315487444,Suicidio mayor
Slovak Republic,SVK,SK,2010,1.5173122553,13.6,90712671900.5229,25302.2327160354,,High income,12.0826877447,8.963217658392296,Suicidio mayor
Slovenia,SVN,SI,2010,0.73409365861,20.7,48161250405.2468,27826.8723437553,,High income,19.96590634139,28.19803679982098,Suicidio mayor
South Africa,ZAF,ZA,2010,30.8,24.6,417365076968.257,12912.1250302392,Sub-Saharan Africa (excluding high income),Upper middle income,-6.199999999999999,0.7987012987012987,Homicidio mayor
Spain,ESP,ES,2010,0.85444568837,6.9,1420722034063.0,31682.7131000557,,High income,6.04555431163,8.075410870365465,Suicidio mayor
Sri Lanka,LKA,LK,2010,3.7657184196,21.9,56725749221.9043,8194.26925385045,South Asia,Lower middle income,18.1342815804,5.815623357820324,Suicidio mayor
St. Lucia,LCA,LC,2010,25.273993061,7.9,1486758037.03704,12412.8775135974,Latin America & Caribbean (excluding high income),Upper middle income,-17.373993061,0.3125742727290053,Homicidio mayor
St. Vincent and the Grenadines,VCT,VC,2010,23.09255496,3.0,681225925.925926,10139.5356186474,Latin America & Caribbean (excluding high income),Upper middle income,-20.09255496,0.12991200000157974,Homicidio mayor
Sweden,SWE,SE,2010,0.96909987767,14.7,495812558843.31,42223.9196702844,,High income,13.730900122329999,15.168715153842662,Suicidio mayor
Switzerland,CHE,CH,2010,0.66592612267,14.5,603434493402.679,54858.4480758362,,High income,13.83407387733,21.774187115325827,Suicidio mayor
Syrian Arab Republic,SYR,SY,2010,2.1673451674,1.5,252518218262.806,,Middle East & North Africa (excluding high income),Low income,-0.6673451674000002,0.6920909611270808,Homicidio mayor
Tajikistan,TJK,TJ,2010,2.4045496737,4.0,5642178579.58438,2328.45750918529,Europe & Central Asia (excluding high income),Lower middle income,1.5954503263,1.6635131491565327,Suicidio mayor
Tanzania,TZA,TZ,2010,8.7673146572,5.0,32014249841.4151,2088.09771915927,Sub-Saharan Africa (excluding high income),Lower middle income,-3.7673146572,0.5703000514409323,Homicidio mayor
Thailand,THA,TH,2010,5.4379020163,8.1,341104820155.464,13195.3710969019,East Asia & Pacific (excluding high income),Upper middle income,2.6620979837,1.4895450443425453,Suicidio mayor
Timor-Leste,TLS,TL,2010,3.5664740466,3.0,881827800.0,1938.85296942656,East Asia & Pacific (excluding high income),Lower middle income,-0.5664740465999998,0.8411669230734954,Tasas similares
Tonga,TON,TO,2010,0.96171415932,4.6,366840012.442325,4610.50758977194,East Asia & Pacific (excluding high income),Upper middle income,3.6382858406799996,4.783125999987902,Suicidio mayor
Trinidad and Tobago,TTO,TT,2010,35.613608163,11.3,22157948396.2042,30528.8931380997,,High income,-24.313608163,0.31729444397436524,Homicidio mayor
Tunisia,TUN,TN,2010,2.6891717116,3.5,46206331261.1019,10640.6146800597,Middle East & North Africa (excluding high income),Lower middle income,0.8108282884000002,1.3015159965064391,Suicidio mayor
Turkey,TUR,TR,2010,4.2363160907,2.4,776992599946.766,17542.1974989753,Europe & Central Asia (excluding high income),Upper middle income,-1.8363160907,0.5665299634436459,Homicidio mayor
Uganda,UGA,UG,2010,9.7446158222,6.3,26673441667.2778,2088.62199281003,Sub-Saharan Africa (excluding high income),Low income,-3.4446158222000003,0.6465108645584015,Homicidio mayor
Ukraine,UKR,UA,2010,4.3413615182,24.5,141209864408.488,8558.99171339789,Europe & Central Asia (excluding high income),Lower middle income,20.1586384818,5.64339088032413,Suicidio mayor
United Arab Emirates,ARE,AE,2010,0.7836259143,8.4,289787338325.391,64882.8503411842,,High income,7.6163740857,10.719400477590868,Suicidio mayor
United Kingdom,GBR,GB,2010,1.191305343,7.8,2491110093454.18,36576.5865398028,,High income,6.608694657,6.547439785972655,Suicidio mayor
United States,USA,US,2010,4.7642244631,13.1,14992052727000.0,48466.6576026922,,High income,8.3357755369,2.7496605379243726,Suicidio mayor
Uruguay,URY,UY,2010,6.1025108707,16.0,40284481651.9021,16817.0790492985,,High income,9.8974891293,2.621871609737041,Suicidio mayor
"Venezuela, RB",VEN,VE,2010,45.991654976,3.4,393192354510.653,16740.3682415571,,Not classified,-42.591654976,0.07392645473997914,Homicidio mayor
Vietnam,VNM,VN,2010,1.5187400414,7.0,115931749697.241,4213.29572145975,East Asia & Pacific (excluding high income),Lower middle income,5.4812599586,4.609083720178526,Suicidio mayor
"Yemen, Rep.",YEM,YE,2010,4.7463050296,5.7,30906749533.221,4162.08863091114,Middle East & North Africa (excluding high income),Low income,0.9536949704,1.2009341929042376,Suicidio mayor
Zambia,ZMB,ZM,2010,5.9826608671,10.1,20265559483.8548,3178.87232965813,Sub-Saharan Africa (excluding high income),Lower middle income,4.1173391329,1.6882120221024353,Suicidio mayor
Zimbabwe,ZWE,ZW,2010,5.5994269211,21.5,12041655200.0,1830.82733292151,Sub-Saharan Africa (excluding high income),Lower middle income,15.900573078899999,3.839678649788745,Suicidio mayor
Afghanistan,AFG,AF,2011,4.0873367236,4.1,17805113118.8938,1699.48811019742,South Asia,Low income,0.012663276399999646,1.0030981730296118,Tasas similares
Albania,ALB,AL,2011,4.8487315274,7.9,12890764531.3284,10207.7675731705,Europe & Central Asia (excluding high income),Upper middle income,3.0512684726000003,1.629292105648126,Suicidio mayor
Algeria,DZA,DZ,2011,0.76374527371,3.0,200013052199.2,13500.0447902878,Middle East & North Africa (excluding high income),Lower middle income,2.23625472629,3.928011214298032,Suicidio mayor
Angola,AGO,AO,2011,4.3557855153,6.6,111789686464.441,6710.75062298751,Sub-Saharan Africa (excluding high income),Lower middle income,2.2442144846999996,1.5152261232370234,Suicidio mayor
Argentina,ARG,AR,2011,6.0768872165,8.5,530163281574.658,19322.2271236942,Latin America & Caribbean (excluding high income),Upper middle income,2.4231127834999997,1.3987424313093633,Suicidio mayor
Armenia,ARM,AM,2011,2.4682465299,6.8,10142111334.4961,8025.4584849173,Europe & Central Asia (excluding high income),Upper middle income,4.3317534701,2.7549922253007275,Suicidio mayor
Australia,AUS,AU,2011,1.1003637323,11.2,1397907916789.9,42003.1580559752,,High income,10.0996362677,10.17845251641433,Suicidio mayor
Austria,AUT,AT,2011,0.88720637757,16.5,431120310088.82,44452.7327457999,,High income,15.61279362243,18.597702200013956,Suicidio mayor
"Bahamas, The",BHS,BS,2011,35.318688592,3.7,10070450000.0,31522.0202333876,,High income,-31.618688592,0.10476040157499175,Homicidio mayor
Bahrain,BHR,BH,2011,0.54766526386,7.9,28776595744.6809,47377.4983094697,,High income,7.35233473614,14.4248695714605,Suicidio mayor
Bangladesh,BGD,BD,2011,2.6568746121,4.0,128637938711.386,2620.83379040874,South Asia,Lower middle income,1.3431253878999998,1.5055283308377094,Suicidio mayor
Barbados,BRB,BB,2011,9.541074325,1.0,4657500000.0,16304.3824246065,,High income,-8.541074325,0.10480999999965937,Homicidio mayor
Belarus,BLR,BY,2011,3.9616301779,36.2,61757788944.7236,16563.2014078209,Europe & Central Asia (excluding high income),Upper middle income,32.238369822100005,9.137652525453316,Suicidio mayor
Belgium,BEL,BE,2011,1.9430063574,21.1,522645519183.591,40942.372710454,,High income,19.1569936426,10.859460093704786,Suicidio mayor
Belize,BLZ,BZ,2011,37.54890442,6.8,1460797903.23406,7684.82986218843,Latin America & Caribbean (excluding high income),Lower middle income,-30.74890442,0.18109716128969283,Homicidio mayor
Bhutan,BTN,BT,2011,4.615626492,4.3,1777101316.67756,7295.85332842291,South Asia,Lower middle income,-0.3156264919999998,0.9316178437429768,Tasas similares
Bolivia,BOL,BO,2011,12.102280722,6.1,23963033430.5954,5460.25705795265,Latin America & Caribbean (excluding high income),Lower middle income,-6.002280722,0.5040372257198745,Homicidio mayor
Bosnia and Herzegovina,BIH,BA,2011,1.3929961791,10.6,18644723853.5807,9976.49077413797,Europe & Central Asia (excluding high income),Upper middle income,9.207003820899999,7.609496823493476,Suicidio mayor
Brazil,BRA,BR,2011,24.34453674,5.2,2616156606666.62,15040.0610864372,Latin America & Caribbean (excluding high income),Upper middle income,-19.14453674,0.21360028558095293,Homicidio mayor
Brunei Darussalam,BRN,BN,2011,0.25400889539,1.9,18525319977.7407,83935.2257151622,,High income,1.64599110461,7.480053000044661,Suicidio mayor
Bulgaria,BGR,BG,2011,1.7347342035,11.0,57678241023.818,15747.0853813627,Europe & Central Asia (excluding high income),Upper middle income,9.2652657965,6.341029062438729,Suicidio mayor
Burkina Faso,BFA,BF,2011,0.55963484448,7.9,12080296644.0643,1586.57116112236,Sub-Saharan Africa (excluding high income),Low income,7.340365155520001,14.1163476111651,Suicidio mayor
Burundi,BDI,BI,2011,3.8957823524,7.4,2235820867.82743,681.971621284674,Sub-Saharan Africa (excluding high income),Low income,3.5042176476000004,1.8994900973975675,Suicidio mayor
Cabo Verde,CPV,CV,2011,10.624265823,14.8,1865915544.12445,5966.84799990471,Sub-Saharan Africa (excluding high income),Lower middle income,4.175734177000001,1.3930374339806275,Suicidio mayor
Cambodia,KHM,KH,2011,1.8430110785,5.3,12829541141.0127,2611.30634889515,East Asia & Pacific (excluding high income),Lower middle income,3.4569889215,2.8757287798365234,Suicidio mayor
Cameroon,CMR,CM,2011,3.9939937986,10.8,30630912184.7789,2892.44839355173,Sub-Saharan Africa (excluding high income),Lower middle income,6.806006201400001,2.704060282663855,Suicidio mayor
Canada,CAN,CA,2011,1.7545304234,11.3,1793326630174.52,41666.7076267956,,High income,9.5454695766,6.440469683108945,Suicidio mayor
Chile,CHL,CL,2011,3.6904685642,11.7,252251992029.518,20342.5614772748,,High income,8.0095314358,3.1703291320505427,Suicidio mayor
China,CHN,CN,2011,0.87286746537,9.6,7551500124197.17,10292.9404780675,East Asia & Pacific (excluding high income),Upper middle income,8.72713253463,10.998233272368163,Suicidio mayor
Colombia,COL,CO,2011,35.317629927,3.7,334943871931.746,11604.102283016,Latin America & Caribbean (excluding high income),Upper middle income,-31.617629927,0.1047635418245148,Homicidio mayor
Costa Rica,CRI,CR,2011,10.230761959,6.9,42762617081.6142,13545.9317746231,Latin America & Caribbean (excluding high income),Upper middle income,-3.330761959,0.6744365695978364,Homicidio mayor
Croatia,HRV,HR,2011,1.1360743484,16.4,63169910822.1285,21014.7388041606,,High income,15.2639256516,14.435674938965992,Suicidio mayor
Cuba,CUB,CU,2011,4.7522971884,14.1,68990000000.0,,Latin America & Caribbean (excluding high income),Upper middle income,9.3477028116,2.9669861629060232,Suicidio mayor
Cyprus,CYP,CY,2011,0.80011592791,4.3,27565469097.9955,33313.5766982193,,High income,3.49988407209,5.37422122220729,Suicidio mayor
Czech Republic,CZE,CZ,2011,0.8138920393,16.1,229562733398.948,29001.3680365492,,High income,15.2861079607,19.781493395422626,Suicidio mayor
Denmark,DNK,DK,2011,0.82393273843,12.6,344003137611.271,44403.3848413929,,High income,11.776067261569999,15.29251043478287,Suicidio mayor
Dominican Republic,DOM,DO,2011,25.608314662,4.9,58029750745.6495,11869.1230948161,Latin America & Caribbean (excluding high income),Upper middle income,-20.708314662,0.1913441030647392,Homicidio mayor
Ecuador,ECU,EC,2011,15.376657591,9.8,79276664000.0,9857.52052282788,Latin America & Caribbean (excluding high income),Upper middle income,-5.576657591,0.6373296629649845,Homicidio mayor
"Egypt, Arab Rep.",EGY,EG,2011,3.1977096307,3.3,235989672977.625,9686.0462638774,Middle East & North Africa (excluding high income),Lower middle income,0.1022903692999999,1.0319886359655512,Tasas similares
El Salvador,SLV,SV,2011,70.380047426,8.0,20283780000.0,6465.8084892608,Latin America & Caribbean (excluding high income),Lower middle income,-62.380047426000004,0.11366857927186642,Homicidio mayor
Estonia,EST,EE,2011,4.8956805787,18.2,23183616045.5168,24557.2361475947,,High income,13.304319421299999,3.7175627999882357,Suicidio mayor
Eswatini,SWZ,SZ,2011,16.044342084,47.0,4820499924.2539,8057.56380133461,Sub-Saharan Africa (excluding high income),Lower middle income,30.955657916,2.9293815697728176,Suicidio mayor
Fiji,FJI,FJ,2011,2.3162866219,9.8,3774530615.65916,8263.04546194271,East Asia & Pacific (excluding high income),Upper middle income,7.483713378100001,4.230909900071552,Suicidio mayor
Finland,FIN,FI,2011,2.0408026959,17.9,275243697751.011,40916.8385790274,,High income,15.859197304099999,8.771058581979208,Suicidio mayor
France,FRA,FR,2011,1.3539541606,18.0,2861408170264.6,37440.6334729758,,High income,16.6460458394,13.294393949070892,Suicidio mayor
Germany,DEU,DE,2011,0.9127379369,13.2,3744408602683.94,42541.5310884096,,High income,12.2872620631,14.46198242272272,Suicidio mayor
Ghana,GHA,GH,2011,1.6661603194,7.8,39337314809.9434,3379.48459855514,Sub-Saharan Africa (excluding high income),Lower middle income,6.1338396805999995,4.681422255217825,Suicidio mayor
Greece,GRC,GR,2011,1.6991295839,4.4,282625610892.477,25671.5160853562,,High income,2.7008704161000003,2.589561173963384,Suicidio mayor
Grenada,GRD,GD,2011,3.7458093758,1.7,778655925.925926,11116.7478882167,Latin America & Caribbean (excluding high income),Upper middle income,-2.0458093758,0.4538404999952587,Homicidio mayor
Guatemala,GTM,GT,2011,38.00307075,6.6,46876114650.4996,6910.87650155221,Latin America & Caribbean (excluding high income),Upper middle income,-31.403070749999998,0.17367017637647084,Homicidio mayor
Guyana,GUY,GY,2011,17.286567406,32.6,3691384317.52178,9987.42142760934,Latin America & Caribbean (excluding high income),Upper middle income,15.313432594000002,1.8858573384953716,Suicidio mayor
Haiti,HTI,HT,2011,9.0492182426,10.1,13008754110.8113,2805.72729497687,Latin America & Caribbean (excluding high income),Lower middle income,1.0507817573999993,1.1161185120338186,Tasas similares
Honduras,HND,HN,2011,83.766966525,1.9,17588098574.7369,3928.26853820829,Latin America & Caribbean (excluding high income),Lower middle income,-81.866966525,0.022681972128392052,Homicidio mayor
Hungary,HUN,HU,2011,1.4652845295,25.1,141999960209.893,23038.8080197669,,High income,23.6347154705,17.129778889131444,Suicidio mayor
Iceland,ISL,IS,2011,0.92744017238,11.6,15221622925.9319,40936.867830513,,High income,10.672559827619999,12.50754533333621,Suicidio mayor
India,IND,IN,2011,3.8103222877,14.7,1823049927771.46,4493.6694656757,South Asia,Lower middle income,10.8896777123,3.857941373477167,Suicidio mayor
Indonesia,IDN,ID,2011,0.5984921718,2.6,892969107923.094,9095.74172295514,East Asia & Pacific (excluding high income),Lower middle income,2.0015078282000003,4.34425063936985,Suicidio mayor
Iraq,IRQ,IQ,2011,8.5727383341,4.1,185749664444.444,13515.5459272349,Middle East & North Africa (excluding high income),Upper middle income,-4.472738334100001,0.4782602524669772,Homicidio mayor
Ireland,IRL,IE,2011,0.91481045454,12.5,238662833333.918,45080.1886960425,,High income,11.58518954546,13.664032738110164,Suicidio mayor
Israel,ISR,IL,2011,1.9633783196,5.7,262293871093.061,30636.3523794417,,High income,3.7366216804,2.9031592857566357,Suicidio mayor
Italy,ITA,IT,2011,0.92634437826,7.4,2291991045770.29,36598.0149693024,,High income,6.473655621740001,7.988389818805613,Suicidio mayor
Jamaica,JAM,JM,2011,40.092967559,2.2,14444655299.8772,8159.87616499912,Latin America & Caribbean (excluding high income),Upper middle income,-37.892967559,0.05487246601944654,Homicidio mayor
Japan,JPN,JP,2011,0.34397163943,23.4,6233147172341.35,36214.4397740241,,High income,23.05602836057,68.02886435281832,Suicidio mayor
Jordan,JOR,JO,2011,1.8400445369,1.5,29524149154.9296,9402.61620431877,Middle East & North Africa (excluding high income),Upper middle income,-0.3400445369,0.8151976595779103,Homicidio mayor
Kazakhstan,KAZ,KZ,2011,8.6109302176,28.7,192626507971.584,20779.4442514491,Europe & Central Asia (excluding high income),Upper middle income,20.0890697824,3.332973241536631,Suicidio mayor
Kenya,KEN,KE,2011,5.2595900669,5.9,46869457318.2541,2723.54644927835,Sub-Saharan Africa (excluding high income),Lower middle income,0.6404099330999999,1.121760427134858,Tasas similares
Kiribati,KIR,KI,2011,10.502697284,30.8,181705153.610056,1749.11800448005,East Asia & Pacific (excluding high income),Lower middle income,20.297302716,2.932579999894054,Suicidio mayor
"Korea, Rep.",KOR,KR,2011,0.80946202049,34.5,1253223044718.99,32546.7536531234,,High income,33.69053797951,42.62090021112511,Suicidio mayor
Kuwait,KWT,KW,2011,1.8623419929,2.3,154068115942.029,78178.220365833,,High income,0.4376580070999998,1.2350041017001867,Suicidio mayor
Kyrgyz Republic,KGZ,KG,2011,8.4633232734,11.3,6197766118.59856,3297.36683733653,Europe & Central Asia (excluding high income),Lower middle income,2.8366767266000004,1.3351729143462592,Suicidio mayor
Latvia,LVA,LV,2011,3.2957490569,22.7,27474380566.265,19248.419400173,,High income,19.4042509431,6.887660318820434,Suicidio mayor
Lebanon,LBN,LB,2011,3.2295134469,3.0,39927125961.2072,14669.4158186121,Middle East & North Africa (excluding high income),Upper middle income,-0.22951344689999997,0.9289324999961498,Tasas similares
Lesotho,LSO,LS,2011,35.532612401,69.5,2579421686.24912,2290.12869540648,Sub-Saharan Africa (excluding high income),Lower middle income,33.967387599,1.9559496277859956,Suicidio mayor
Liberia,LBR,LR,2011,4.0075211963,5.0,2398000000.0,1093.5403199434,Sub-Saharan Africa (excluding high income),Low income,0.9924788037000001,1.2476540372678053,Suicidio mayor
Lithuania,LTU,LT,2011,6.8430908458,38.1,43535051482.3869,22884.8249519631,,High income,31.256909154200002,5.567659535512987,Suicidio mayor
Luxembourg,LUX,LU,2011,0.77024986906,11.9,61615545000.3597,94475.0302265023,,High income,11.12975013094,15.449531999950302,Suicidio mayor
Malawi,MWI,MW,2011,2.2924561884,7.3,8004000737.30717,1508.19213217463,Sub-Saharan Africa (excluding high income),Low income,5.0075438116,3.1843574751563613,Suicidio mayor
Malaysia,MYS,MY,2011,1.8498506263,4.6,297951960784.314,21704.7442727685,East Asia & Pacific (excluding high income),Upper middle income,2.7501493736999993,2.486687267934029,Suicidio mayor
Maldives,MDV,MV,2011,0.78845077308,2.6,2774351760.03287,13542.9986741713,South Asia,Upper middle income,1.81154922692,3.2976059999831993,Suicidio mayor
Malta,MLT,MT,2011,0.71818442976,6.8,9638916481.06904,28973.2708577894,,High income,6.08181557024,9.468320000020602,Suicidio mayor
Mauritius,MUS,MU,2011,2.5578023362,9.0,11518393367.2403,16653.2438040789,Sub-Saharan Africa (excluding high income),Upper middle income,6.4421976638,3.518645625044996,Suicidio mayor
Mexico,MEX,MX,2011,23.521232483,5.2,1180489601957.61,16520.2592224915,Latin America & Caribbean (excluding high income),Upper middle income,-18.321232483,0.22107685061819388,Homicidio mayor
Moldova,MDA,MD,2011,5.2951987501,15.3,8414360656.29632,6913.60229203322,Europe & Central Asia (excluding high income),Upper middle income,10.004801249900002,2.8894099583535104,Suicidio mayor
Mongolia,MNG,MN,2011,9.6016506176,22.7,10409797649.3063,8912.87339142443,East Asia & Pacific (excluding high income),Lower middle income,13.098349382399999,2.364176838343866,Suicidio mayor
Montenegro,MNE,ME,2011,3.3585437354,20.9,4544516982.18263,14472.4848211905,Europe & Central Asia (excluding high income),Upper middle income,17.541456264599997,6.222935190543477,Suicidio mayor
Morocco,MAR,MA,2011,1.3452561874,9.2,101370474295.109,6712.32317824853,Middle East & North Africa (excluding high income),Lower middle income,7.854743812599999,6.838846077178057,Suicidio mayor
Mozambique,MOZ,MZ,2011,3.5100775194,15.3,14381552432.9494,1023.06508419963,Sub-Saharan Africa (excluding high income),Low income,11.789922480600001,4.358878091847763,Suicidio mayor
Myanmar,MMR,MM,2011,2.0690083108,3.4,54118601974.7947,3224.50101969619,East Asia & Pacific (excluding high income),Lower middle income,1.3309916891999998,1.6432993440637076,Suicidio mayor
Namibia,NAM,,2011,14.281090816,11.4,12523402328.7671,8958.93231325387,Sub-Saharan Africa (excluding high income),Upper middle income,-2.8810908160000004,0.7982583506315825,Homicidio mayor
Nepal,NPL,NP,2011,2.5109813832,8.9,21621710002.5111,2288.24933744554,South Asia,Lower middle income,6.3890186168000005,3.5444308984313624,Suicidio mayor
Netherlands,NLD,NL,2011,0.85433366127,10.1,904085980796.018,46599.02103045,,High income,9.24566633873,11.82207895798693,Suicidio mayor
New Zealand,NZL,NZ,2011,0.88261772649,11.4,168291357111.739,32701.3785970948,,High income,10.51738227351,12.916124000064666,Suicidio mayor
Nicaragua,NIC,NI,2011,12.50204344,5.5,9774262741.75783,4263.15777678703,Latin America & Caribbean (excluding high income),Lower middle income,-7.00204344,0.43992808266870015,Homicidio mayor
Niger,NER,NE,2011,4.8554552588,5.4,8772951261.81807,1068.24485293081,Sub-Saharan Africa (excluding high income),Low income,0.5445447412000002,1.112151119138225,Tasas similares
North Macedonia,MKD,MK,2011,1.4475383163,7.4,10494632699.3859,11689.9057671613,Europe & Central Asia (excluding high income),Upper middle income,5.9524616837,5.112127200138557,Suicidio mayor
Norway,NOR,NO,2011,2.2431787662,13.3,498283438454.281,62076.7406576686,,High income,11.056821233800001,5.929086081057432,Suicidio mayor
Oman,OMN,OM,2011,1.0457992398,6.1,77497529258.7776,49583.7438125858,,High income,5.0542007602,5.832859470395649,Suicidio mayor
Pakistan,PAK,PK,2011,7.5597181737,8.7,213587413183.996,3993.55936698761,South Asia,Lower middle income,1.140281826299999,1.1508365523819393,Tasas similares
Panama,PAN,PA,2011,14.811900998,3.8,34686224301.1773,16923.9465178769,Latin America & Caribbean (excluding high income),Upper middle income,-11.011900998000002,0.25655045902029056,Homicidio mayor
Paraguay,PRY,PY,2011,10.372623473,4.6,33756238766.5,10503.5958528238,Latin America & Caribbean (excluding high income),Upper middle income,-5.772623473000001,0.44347507763815264,Homicidio mayor
Peru,PER,PE,2011,5.5255011274,3.3,171761737046.585,10476.7963282297,Latin America & Caribbean (excluding high income),Upper middle income,-2.2255011274000003,0.5972308979607068,Homicidio mayor
Philippines,PHL,PH,2011,8.8824899525,2.7,234216930369.373,5865.34355124333,East Asia & Pacific (excluding high income),Lower middle income,-6.1824899525,0.30396882117948,Homicidio mayor
Poland,POL,PL,2011,1.1022068584,18.0,528301269069.799,22827.6981360924,,High income,16.8977931416,16.33087279653603,Suicidio mayor
Portugal,PRT,PT,2011,1.0785865747,12.3,244797226567.109,26769.5118850004,,High income,11.2214134253,11.403813368825904,Suicidio mayor
Qatar,QAT,QA,2011,0.19647697143,8.0,167775268626.374,139358.96529319,,High income,7.80352302857,40.717239999040835,Suicidio mayor
Romania,ROU,RO,2011,1.0080289258,12.1,183326740143.016,17896.2758641785,Europe & Central Asia (excluding high income),Upper middle income,11.0919710742,12.003623795217088,Suicidio mayor
Russian Federation,RUS,RU,2011,11.255851973,35.9,2045925608274.37,22798.6744273279,Europe & Central Asia (excluding high income),Upper middle income,24.644148027,3.18945203669302,Suicidio mayor
Sao Tome and Principe,STP,ST,2011,3.2516624124,1.4,231489270.144529,2997.20127372139,Sub-Saharan Africa (excluding high income),Lower middle income,-1.8516624124,0.43054900000110474,Homicidio mayor
Serbia,SRB,RS,2011,1.5060642514,18.0,49258136128.9672,13746.9250214832,Europe & Central Asia (excluding high income),Upper middle income,16.4939357486,11.951681333162012,Suicidio mayor
Seychelles,SYC,SC,2011,17.413639233,7.9,1065826669.89742,21922.7395312636,,High income,-9.513639233000001,0.45366737499815524,Homicidio mayor
Sierra Leone,SLE,SL,2011,2.8492033963,6.5,2942546781.04548,1203.21063825736,Sub-Saharan Africa (excluding high income),Low income,3.6507966037,2.28133941172503,Suicidio mayor
Singapore,SGP,SG,2011,0.30397215615,9.6,279351168707.267,80052.3914982651,,High income,9.29602784385,31.581840000051596,Suicidio mayor
Slovak Republic,SVK,SK,2011,1.6269385527,12.9,99362720493.6429,26145.8893829396,,High income,11.2730614473,7.92900259114992,Suicidio mayor
Slovenia,SVN,SI,2011,0.7800015405,21.6,51516366654.8197,28931.383323805,,High income,20.819998459500002,27.692253000108018,Suicidio mayor
South Africa,ZAF,ZA,2011,29.8,22.4,458201514136.977,13393.7668852316,Sub-Saharan Africa (excluding high income),Upper middle income,-7.400000000000002,0.7516778523489932,Homicidio mayor
Spain,ESP,ES,2011,0.81768333448,7.1,1478772824224.03,31867.9732396862,,High income,6.28231666552,8.683068005189558,Suicidio mayor
Sri Lanka,LKA,LK,2011,3.588499858,17.9,65292753005.4665,9007.73419869631,South Asia,Lower middle income,14.311500141999998,4.988156808783131,Suicidio mayor
St. Lucia,LCA,LC,2011,26.205152161,7.2,1576988407.40741,13256.9264087396,Latin America & Caribbean (excluding high income),Upper middle income,-19.005152161,0.2747551304325357,Homicidio mayor
St. Vincent and the Grenadines,VCT,VC,2011,19.387896413,5.6,676129629.62963,10302.5154675668,Latin America & Caribbean (excluding high income),Upper middle income,-13.787896413,0.288840000003563,Homicidio mayor
Sweden,SWE,SE,2011,0.85563033812,14.2,574094112972.733,44608.5802614915,,High income,13.34436966188,16.595951975242475,Suicidio mayor
Switzerland,CHE,CH,2011,0.58176387772,14.6,722038242134.62,57987.5020305492,,High income,14.01823612228,25.096092348014263,Suicidio mayor
Tajikistan,TJK,TJ,2011,1.6368936072,4.0,6522732202.50748,2496.58220381777,Europe & Central Asia (excluding high income),Lower middle income,2.3631063928,2.44365301593561,Suicidio mayor
Tanzania,TZA,TZ,2011,9.0840381911,4.8,34657139495.4031,2228.69649535672,Sub-Saharan Africa (excluding high income),Lower middle income,-4.2840381911,0.5283993636995884,Homicidio mayor
Thailand,THA,TH,2011,4.8979256448,8.0,370819140946.553,13519.1290212159,East Asia & Pacific (excluding high income),Upper middle income,3.1020743552,1.6333445176925852,Suicidio mayor
Tonga,TON,TO,2011,1.9312848838,4.5,414523388.461329,5048.27706228757,East Asia & Pacific (excluding high income),Upper middle income,2.5687151162,2.330055000040072,Suicidio mayor
Trinidad and Tobago,TTO,TT,2011,26.343756081,9.9,25433011405.3017,30887.9827973072,,High income,-16.443756080999997,0.3758006249966842,Homicidio mayor
Turkey,TUR,TR,2011,4.1678436525,2.2,838762755164.179,19799.1156771937,Europe & Central Asia (excluding high income),Upper middle income,-1.9678436525,0.527850894474022,Homicidio mayor
Uganda,UGA,UG,2011,11.210758313,6.3,27871725205.585,2259.4428885976,Sub-Saharan Africa (excluding high income),Low income,-4.910758313,0.5619602014517178,Homicidio mayor
United Arab Emirates,ARE,AE,2011,0.57003761578,8.2,350666031313.819,67686.3853798798,,High income,7.629962384219999,14.385015607750178,Suicidio mayor
United Kingdom,GBR,GB,2011,1.001219551,8.3,2674891473843.81,37379.2909657729,,High income,7.298780449000001,8.289890056291961,Suicidio mayor
United States,USA,US,2011,4.705311441,13.4,15542581104000.0,49882.5581321495,,High income,8.694688559,2.847845497162703,Suicidio mayor
Uruguay,URY,UY,2011,5.9069270147,16.8,47962439303.7247,18002.8938254166,,High income,10.893072985300002,2.8441184321714927,Suicidio mayor
"Venezuela, RB",VEN,VE,2011,48.802485389,3.6,316482190800.364,17527.7487382376,,Not classified,-45.202485388999996,0.07376673485591441,Homicidio mayor
Vietnam,VNM,VN,2011,1.5280509191,7.2,135539438559.709,4523.25272760324,East Asia & Pacific (excluding high income),Lower middle income,5.6719490809,4.71188486587914,Suicidio mayor
"Yemen, Rep.",YEM,YE,2011,5.775470054,5.6,32726417212.348,3607.09056584882,Middle East & North Africa (excluding high income),Low income,-0.1754700540000007,0.9696180479927391,Tasas similares
Zambia,ZMB,ZM,2011,6.154087951,10.3,23459515275.5776,3323.93762313186,Sub-Saharan Africa (excluding high income),Lower middle income,4.1459120490000005,1.6736842375361756,Suicidio mayor
Afghanistan,AFG,AF,2012,6.2513281666,4.0,19907317065.6666,1914.77422837964,South Asia,Low income,-2.2513281665999996,0.63986402463583,Homicidio mayor
Albania,ALB,AL,2012,5.3876148686,5.2,12319830437.3467,10526.2591833762,Europe & Central Asia (excluding high income),Upper middle income,-0.18761486859999987,0.9651766369393897,Tasas similares
Algeria,DZA,DZ,2012,1.3989980018,2.9,209058991952.125,13303.3275185881,Middle East & North Africa (excluding high income),Lower middle income,1.5010019982,2.072912181624819,Suicidio mayor
Angola,AGO,AO,2012,4.8470751765,6.9,128052853643.106,7412.96703464311,Sub-Saharan Africa (excluding high income),Lower middle income,2.0529248235000006,1.423538886595604,Suicidio mayor
Antigua and Barbuda,ATG,AG,2012,11.061090402,0.0,1199948148.14815,19598.0238599601,,High income,-11.061090402,0.0,Homicidio mayor
Argentina,ARG,AR,2012,6.341726925,9.1,545982375701.128,19641.3528638347,Latin America & Caribbean (excluding high income),Upper middle income,2.758273075,1.4349403731224204,Suicidio mayor
Armenia,ARM,AM,2012,2.2536273866,7.4,10619320048.5857,9364.37529918435,Europe & Central Asia (excluding high income),Upper middle income,5.1463726134000005,3.283595169281389,Suicidio mayor
Australia,AUS,AU,2012,1.0609523222,11.7,1546508558465.66,42836.6718635909,,High income,10.639047677799999,11.027828258803165,Suicidio mayor
Austria,AUT,AT,2012,0.92916799475,16.3,409425234155.263,46457.3457770311,,High income,15.370832005250001,17.5425758227775,Suicidio mayor
Azerbaijan,AZE,AZ,2012,2.18032261,4.4,69683935845.2139,15957.7188502849,Europe & Central Asia (excluding high income),Upper middle income,2.21967739,2.018049980227467,Suicidio mayor
"Bahamas, The",BHS,BS,2012,30.529648139,3.5,10720500000.0,32216.6977983187,,High income,-27.029648139,0.11464265765739162,Homicidio mayor
Bahrain,BHR,BH,2012,0.30770603612,7.4,30749308510.6383,50675.6210184322,,High income,7.09229396388,24.048926999644973,Suicidio mayor
Bangladesh,BGD,BD,2012,2.7243998743,3.7,133355749482.478,2937.6287981042,South Asia,Lower middle income,0.9756001257000002,1.358097258373523,Suicidio mayor
Barbados,BRB,BB,2012,7.754725095,0.5,4610000000.0,15310.1139268025,,High income,-7.254725095,0.06447681818177979,Homicidio mayor
Belarus,BLR,BY,2012,3.610474411,29.9,65685102554.8759,18105.2867180444,Europe & Central Asia (excluding high income),Upper middle income,26.289525589,8.28146016182913,Suicidio mayor
Belgium,BEL,BE,2012,1.8492867391,20.8,496181260258.3,42290.7620520019,,High income,18.950713260900002,11.247579707472958,Suicidio mayor
Belize,BLZ,BZ,2012,42.899281363,6.3,1522897506.07849,7272.83658727039,Latin America & Caribbean (excluding high income),Lower middle income,-36.599281363,0.14685560689680124,Homicidio mayor
Bhutan,BTN,BT,2012,4.703655453,4.3,1781281281.57912,7912.14464450907,South Asia,Lower middle income,-0.40365545299999983,0.9141826060532244,Tasas similares
Bolivia,BOL,BO,2012,11.76563888,6.0,27084497482.8616,5921.64890711782,Latin America & Caribbean (excluding high income),Lower middle income,-5.765638879999999,0.5099595577592638,Homicidio mayor
Bosnia and Herzegovina,BIH,BA,2012,1.747586389,10.4,17221192466.1918,10304.0244805857,Europe & Central Asia (excluding high income),Upper middle income,8.652413611,5.951064888958689,Suicidio mayor
Brazil,BRA,BR,2012,26.621868092,5.4,2465228293894.01,15046.2901818178,Latin America & Caribbean (excluding high income),Upper middle income,-21.221868092,0.20284076163771267,Homicidio mayor
Brunei Darussalam,BRN,BN,2012,1.0025138034,2.1,19047940300.8963,88245.9583498698,,High income,1.0974861966,2.0947342499204535,Suicidio mayor
Bulgaria,BGR,BG,2012,1.9225506602,12.5,54300857424.4415,16327.8726078533,Europe & Central Asia (excluding high income),Upper middle income,10.5774493398,6.501779255429162,Suicidio mayor
Burkina Faso,BFA,BF,2012,0.69397291164,8.3,12561016091.4673,1619.39942588838,Sub-Saharan Africa (excluding high income),Low income,7.606027088360001,11.960121008737074,Suicidio mayor
Burundi,BDI,BI,2012,5.4077485682,7.1,2333308099.46249,690.687841656639,Sub-Saharan Africa (excluding high income),Low income,1.6922514318,1.3129308640108013,Suicidio mayor
Cabo Verde,CPV,CV,2012,11.083819405,14.9,1741809808.96442,5818.90305855813,Sub-Saharan Africa (excluding high income),Lower middle income,3.8161805950000005,1.3443019464281862,Suicidio mayor
Cameroon,CMR,CM,2012,4.0958299471,10.6,30155064574.0734,2958.69262357735,Sub-Saharan Africa (excluding high income),Lower middle income,6.504170052899999,2.587998070453387,Suicidio mayor
Canada,CAN,CA,2012,1.5692099924,11.8,1828366481521.6,42290.9654102745,,High income,10.230790007600001,7.519707405095415,Suicidio mayor
Chile,CHL,CL,2012,2.4942014127,10.5,267122320056.772,21507.6925702008,,High income,8.0057985873,4.209764274262693,Suicidio mayor
China,CHN,CN,2012,0.81534082885,9.0,8532229986993.65,11168.6972979775,East Asia & Pacific (excluding high income),Upper middle income,8.18465917115,11.038328612457784,Suicidio mayor
Colombia,COL,CO,2012,35.680396624,3.8,370921320483.842,12018.6512847411,Latin America & Caribbean (excluding high income),Upper middle income,-31.880396623999996,0.10650105827141997,Homicidio mayor
Costa Rica,CRI,CR,2012,8.6817350586,6.6,47231651862.8224,14321.5183732954,Latin America & Caribbean (excluding high income),Upper middle income,-2.0817350585999996,0.7602167027041601,Homicidio mayor
Croatia,HRV,HR,2012,1.1871870395,18.4,57192346923.335,21397.4867786553,,High income,17.2128129605,15.498821489619202,Suicidio mayor
Cuba,CUB,CU,2012,5.5165125833,13.8,73141000000.0,,Latin America & Caribbean (excluding high income),Upper middle income,8.283487416700002,2.5015804444598557,Suicidio mayor
Cyprus,CYP,CY,2012,1.9382474367,5.4,24978513426.6992,31834.5182131095,,High income,3.4617525633,2.786021999953666,Suicidio mayor
Czech Republic,CZE,CZ,2012,0.9923164465,16.7,208857719320.649,29254.7312685144,,High income,15.707683553499999,16.82930889526479,Suicidio mayor
Denmark,DNK,DK,2012,0.83765393451,12.8,327148943812.137,44803.9682421214,,High income,11.962346065490001,15.280773446718875,Suicidio mayor
Dominican Republic,DOM,DO,2012,22.837772467,5.2,60681537195.7996,11900.4850051553,Latin America & Caribbean (excluding high income),Upper middle income,-17.637772467,0.22769295943874857,Homicidio mayor
Ecuador,ECU,EC,2012,12.427217895,10.1,87924544000.0,10311.4045972003,Latin America & Caribbean (excluding high income),Upper middle income,-2.3272178950000004,0.8127321887599364,Homicidio mayor
"Egypt, Arab Rep.",EGY,EG,2012,2.5537407964,3.4,279116666666.667,11092.7432596071,Middle East & North Africa (excluding high income),Lower middle income,0.8462592035999998,1.3313802265261097,Suicidio mayor
El Salvador,SLV,SV,2012,41.584360946,6.8,21386150000.0,6541.21616386338,Latin America & Caribbean (excluding high income),Lower middle income,-34.784360946,0.16352301310654366,Homicidio mayor
Estonia,EST,EE,2012,4.7613181445,21.1,23020466784.6112,25996.0467779508,,High income,16.338681855500003,4.431545920613077,Suicidio mayor
Eswatini,SWZ,SZ,2012,9.6360090245,47.6,4886533032.88672,8266.49172472382,Sub-Saharan Africa (excluding high income),Lower middle income,37.9639909755,4.939804423073369,Suicidio mayor
Ethiopia,ETH,ET,2012,8.7924785474,6.1,43310721414.0829,1213.59597169934,Sub-Saharan Africa (excluding high income),Low income,-2.6924785474000004,0.6937747947993361,Homicidio mayor
Fiji,FJI,FJ,2012,2.3119649968,10.0,3972012570.53467,8839.51586223556,East Asia & Pacific (excluding high income),Upper middle income,7.6880350031999996,4.325325000093445,Suicidio mayor
Finland,FIN,FI,2012,1.6251847493,17.0,258304834621.605,40873.0953326066,,High income,15.3748152507,10.460349204804096,Suicidio mayor
France,FRA,FR,2012,1.2333982084,17.8,2683825225092.63,37679.1189105924,,High income,16.5666017916,14.43167330613418,Suicidio mayor
Germany,DEU,DE,2012,0.81385525966,12.9,3527344944139.83,43359.6148271723,,High income,12.08614474034,15.850484280692815,Suicidio mayor
Ghana,GHA,GH,2012,2.1541399454,7.8,41270954737.2459,3781.86552893947,Sub-Saharan Africa (excluding high income),Lower middle income,5.6458600546,3.620934664275782,Suicidio mayor
Greece,GRC,GR,2012,1.5397288537,4.8,242043151399.458,24911.119631324,,High income,3.2602711463,3.1174320000989146,Suicidio mayor
Grenada,GRD,GD,2012,13.029073447,1.7,799882259.259259,11163.8153053984,Latin America & Caribbean (excluding high income),Upper middle income,-11.329073447,0.13047742856890812,Homicidio mayor
Guatemala,GTM,GT,2012,33.757293507,6.1,49593961141.7484,7204.73293807874,Latin America & Caribbean (excluding high income),Upper middle income,-27.657293507,0.18070169039870118,Homicidio mayor
Guyana,GUY,GY,2012,18.401139547,35.0,4063089191.87525,10479.7780774689,Latin America & Caribbean (excluding high income),Upper middle income,16.598860453,1.9020561150902293,Suicidio mayor
Haiti,HTI,HT,2012,10.077142329,10.0,13708926466.2732,2762.4402754772,Latin America & Caribbean (excluding high income),Lower middle income,-0.07714232900000084,0.9923448209342046,Tasas similares
Honduras,HND,HN,2012,83.002611365,3.3,18400538859.3598,4032.58085606675,Latin America & Caribbean (excluding high income),Lower middle income,-79.70261136500001,0.039757785276036774,Homicidio mayor
Hungary,HUN,HU,2012,1.2570502525,24.8,128857370476.631,23275.2318574574,,High income,23.5429497475,19.728726000156467,Suicidio mayor
Iceland,ISL,IS,2012,0.30708569533,13.5,14751508133.5443,42004.4476110597,,High income,13.19291430467,43.96167000059266,Suicidio mayor
India,IND,IN,2012,3.75088806,14.3,1827637859135.7,4861.15615236202,South Asia,Lower middle income,10.549111940000001,3.8124304887946994,Suicidio mayor
Indonesia,IDN,ID,2012,0.58602936424,2.5,917869910105.749,9713.90048730631,East Asia & Pacific (excluding high income),Lower middle income,1.9139706357600001,4.2659978365455435,Suicidio mayor
Iraq,IRQ,IQ,2012,8.457193431,4.1,218002481737.691,15163.3501421971,Middle East & North Africa (excluding high income),Upper middle income,-4.357193431000001,0.4847943982186068,Homicidio mayor
Ireland,IRL,IE,2012,1.1284234904,12.4,225509709550.982,46361.463694173,,High income,11.271576509600001,10.988782230689374,Suicidio mayor
Israel,ISR,IL,2012,1.6809048941,6.1,258417104163.53,31846.3558349163,,High income,4.419095105899999,3.628997703208008,Suicidio mayor
Italy,ITA,IT,2012,0.88511138935,7.6,2087077032435.15,36486.2967870302,,High income,6.71488861065,8.58648989431852,Suicidio mayor
Jamaica,JAM,JM,2012,38.668209173,2.1,14807086889.2099,8187.19367364946,Latin America & Caribbean (excluding high income),Upper middle income,-36.568209173,0.05430817834373154,Homicidio mayor
Japan,JPN,JP,2012,0.33405082623,21.6,6272362996105.03,37605.9742614539,,High income,21.26594917377,64.66081896509968,Suicidio mayor
Jordan,JOR,JO,2012,1.9901203504,1.5,31634561690.1408,9189.18921425581,Middle East & North Africa (excluding high income),Upper middle income,-0.4901203504,0.7537232608563149,Homicidio mayor
Kazakhstan,KAZ,KZ,2012,7.5575217847,27.6,207998568865.789,22032.1745436853,Europe & Central Asia (excluding high income),Upper middle income,20.0424782153,3.65199079622575,Suicidio mayor
Kenya,KEN,KE,2012,5.3536632418,5.9,56396706005.9435,2830.69437284951,Sub-Saharan Africa (excluding high income),Lower middle income,0.5463367582000007,1.1020491453280712,Tasas similares
Kiribati,KIR,KI,2012,7.5216953901,30.0,190243432.813514,1838.1892842938,East Asia & Pacific (excluding high income),Lower middle income,22.4783046099,3.9884625000217078,Suicidio mayor
"Korea, Rep.",KOR,KR,2012,0.86894615948,30.2,1278427634342.59,33557.1287196434,,High income,29.33105384052,34.75474247802932,Suicidio mayor
Kuwait,KWT,KW,2012,1.8215197327,2.4,174070382279.385,82680.4059382088,,High income,0.5784802673,1.317581114777456,Suicidio mayor
Kyrgyz Republic,KGZ,KG,2012,6.7596618248,10.9,6605139933.41063,3618.14972576533,Europe & Central Asia (excluding high income),Lower middle income,4.1403381752,1.612506702629684,Suicidio mayor
Latvia,LVA,LV,2012,3.3832475116,23.5,28169902669.3784,21290.4595879,,High income,20.1167524884,6.945989000044048,Suicidio mayor
Lebanon,LBN,LB,2012,3.5033100863,3.0,44035991893.0218,14819.5910065295,Middle East & North Africa (excluding high income),Upper middle income,-0.5033100863,0.8563329896864574,Tasas similares
Lesotho,LSO,LS,2012,31.811603841,79.1,2477702252.80078,2308.92903476102,Sub-Saharan Africa (excluding high income),Lower middle income,47.288396158999994,2.486514053027811,Suicidio mayor
Liberia,LBR,LR,2012,3.2642899734,5.0,2791614000.0,1204.51655551205,Sub-Saharan Africa (excluding high income),Low income,1.7357100266,1.5317266666699128,Suicidio mayor
Lithuania,LTU,LT,2012,6.6326039767,35.0,42927454291.478,24703.6858202502,,High income,28.3673960233,5.276962128743586,Suicidio mayor
Luxembourg,LUX,LU,2012,0.0,11.3,59779802783.3455,96636.426643956,,High income,11.3,,Suicidio mayor
Malawi,MWI,MW,2012,1.8121578253,6.8,6028487928.83351,1467.13818103389,Sub-Saharan Africa (excluding high income),Low income,4.9878421747,3.7524325448167133,Suicidio mayor
Malaysia,MYS,MY,2012,2.0709924516,4.6,314443149443.149,22985.8016562374,East Asia & Pacific (excluding high income),Upper middle income,2.5290075483999996,2.221157298978153,Suicidio mayor
Maldives,MDV,MV,2012,2.5174268876,2.6,2886170571.69634,13690.7351991166,South Asia,Upper middle income,0.08257311239999998,1.0328006000121503,Tasas similares
Malta,MLT,MT,2012,2.8448895116,6.0,9462238211.48657,30243.8413140141,,High income,3.1551104884,2.1090450000026637,Suicidio mayor
Mauritius,MUS,MU,2012,2.2337651148,9.6,11668685524.1265,16963.5112414049,Sub-Saharan Africa (excluding high income),Upper middle income,7.366234885199999,4.297676571450769,Suicidio mayor
Mexico,MEX,MX,2012,22.142133344,4.9,1201089987015.45,17162.9273706838,Latin America & Caribbean (excluding high income),Upper middle income,-17.242133344000003,0.2212975562866342,Homicidio mayor
Moldova,MDA,MD,2012,5.6185233637,17.0,8709165249.26928,7363.1623193664,Europe & Central Asia (excluding high income),Upper middle income,11.3814766363,3.0257060262191184,Suicidio mayor
Mongolia,MNG,MN,2012,7.0450009169,21.7,12292770631.1967,10227.5302746287,East Asia & Pacific (excluding high income),Lower middle income,14.654999083099998,3.080198321613365,Suicidio mayor
Montenegro,MNE,ME,2012,2.7159543145,21.0,4087725812.66864,13863.8907024936,Europe & Central Asia (excluding high income),Upper middle income,18.2840456855,7.73208882339615,Suicidio mayor
Morocco,MAR,MA,2012,1.1521604452,8.9,98266306615.3632,6702.41832426533,Middle East & North Africa (excluding high income),Lower middle income,7.7478395548000005,7.724618595507396,Suicidio mayor
Myanmar,MMR,MM,2012,2.7930297104,3.3,58318677644.9492,3547.13065293373,East Asia & Pacific (excluding high income),Lower middle income,0.5069702895999999,1.1815126733927206,Tasas similares
Namibia,NAM,,2012,17.678333607,10.2,13042007432.4489,9341.10668346837,Sub-Saharan Africa (excluding high income),Upper middle income,-7.478333607,0.5769774587781937,Homicidio mayor
Nepal,NPL,NP,2012,2.3787327949,8.9,21703106502.4926,2505.39181045661,South Asia,Lower middle income,6.521267205100001,3.741487912842329,Suicidio mayor
Netherlands,NLD,NL,2012,0.86351414525,10.7,838971306990.906,47272.1030187972,,High income,9.836485854749998,12.391227241450911,Suicidio mayor
New Zealand,NZL,NZ,2012,0.9175416508,12.7,176206659722.524,32988.6097597613,,High income,11.782458349199999,13.841333512137494,Suicidio mayor
Nicaragua,NIC,NI,2012,11.249421231,4.4,10532006608.1447,4427.94692395537,Latin America & Caribbean (excluding high income),Lower middle income,-6.849421230999999,0.3911312333006904,Homicidio mayor
Niger,NER,NE,2012,4.4281581632,5.5,9426913349.22319,1158.66902042007,Sub-Saharan Africa (excluding high income),Low income,1.0718418368,1.2420513896065166,Suicidio mayor
North Macedonia,MKD,MK,2012,1.3980788468,10.0,9745251126.0109,11915.6898657268,Europe & Central Asia (excluding high income),Upper middle income,8.6019211532,7.152672413926118,Suicidio mayor
Norway,NOR,NO,2012,0.53852272446,11.4,509506317146.541,65354.7792483883,,High income,10.86147727554,21.16902311119976,Suicidio mayor
Oman,OMN,OM,2012,1.1149129324,5.4,87408842652.7958,50848.4758068356,,High income,4.2850870676,4.843427538665082,Suicidio mayor
Pakistan,PAK,PK,2012,7.3932030962,8.8,224383620829.57,4018.73273731874,South Asia,Lower middle income,1.406796903800001,1.1902824642438234,Tasas similares
Panama,PAN,PA,2012,16.893706233,3.6,40429734384.2184,18679.5139433198,Latin America & Caribbean (excluding high income),Upper middle income,-13.293706233,0.2130971114537197,Homicidio mayor
Paraguay,PRY,PY,2012,10.106657157,4.6,33296438306.4747,10018.7236347841,Latin America & Caribbean (excluding high income),Upper middle income,-5.506657157000001,0.45514554699364473,Homicidio mayor
Peru,PER,PE,2012,6.6696512904,3.2,192648999090.082,10767.6773277036,Latin America & Caribbean (excluding high income),Upper middle income,-3.4696512904,0.4797852032543198,Homicidio mayor
Philippines,PHL,PH,2012,8.7272602485,2.4,261920509949.785,6296.82761392706,East Asia & Pacific (excluding high income),Lower middle income,-6.3272602485,0.27500039321189035,Homicidio mayor
Poland,POL,PL,2012,1.0699234754,18.5,498523568248.119,23745.6977950948,,High income,17.4300765246,17.290956246271367,Suicidio mayor
Portugal,PRT,PT,2012,1.1590008577,13.5,216236608773.976,26438.0163019973,,High income,12.3409991423,11.647963770096181,Suicidio mayor
Qatar,QAT,QA,2012,0.31875006261,7.4,186833502362.637,141634.703824582,,High income,7.08124993739,23.215681714403665,Suicidio mayor
Romania,ROU,RO,2012,1.0480798214,12.6,170635805316.879,18869.5689682481,Europe & Central Asia (excluding high income),Upper middle income,11.5519201786,12.021985103357128,Suicidio mayor
Russian Federation,RUS,RU,2012,11.283117795,34.4,2208295773643.15,24303.4734145818,Europe & Central Asia (excluding high income),Upper middle income,23.116882204999996,3.048802700193736,Suicidio mayor
Rwanda,RWA,RW,2012,2.426616648,6.0,7650300319.83,1488.66970702579,Sub-Saharan Africa (excluding high income),Low income,3.573383352,2.4725784375315967,Suicidio mayor
Serbia,SRB,RS,2012,1.2415946281,18.2,43309252921.0567,13933.8446248778,Europe & Central Asia (excluding high income),Upper middle income,16.9584053719,14.658568576324527,Suicidio mayor
Seychelles,SYC,SC,2012,4.3192812716,7.7,1060226125.62616,21565.0379982842,,High income,3.3807187283999998,1.7827039999985166,Suicidio mayor
Sierra Leone,SLE,SL,2012,1.6834048756,6.6,3801862611.36414,1405.57337746676,Sub-Saharan Africa (excluding high income),Low income,4.9165951244,3.920625451228793,Suicidio mayor
Singapore,SGP,SG,2012,0.20486197052,11.3,295087220933.024,82064.9611910836,,High income,11.095138029480001,55.15909063706297,Suicidio mayor
Slovak Republic,SVK,SK,2012,1.163457678,12.6,94258572686.2287,26888.3480996682,,High income,11.436542322,10.82978800024731,Suicidio mayor
Slovenia,SVN,SI,2012,0.68032962942,22.0,46580457470.2769,29042.8202729641,,High income,21.31967037058,32.33726571449727,Suicidio mayor
South Africa,ZAF,ZA,2012,30.6,22.9,434400545085.811,13215.7086791394,Sub-Saharan Africa (excluding high income),Upper middle income,-7.700000000000003,0.7483660130718953,Homicidio mayor
South Sudan,SSD,SS,2012,13.9,3.7,11931472169.4915,1519.14231359104,Sub-Saharan Africa (excluding high income),Low income,-10.2,0.26618705035971224,Homicidio mayor
Spain,ESP,ES,2012,0.77343038836,7.7,1324820091194.67,31720.1199986535,,High income,6.92656961164,9.955647096214129,Suicidio mayor
Sri Lanka,LKA,LK,2012,3.2923255356,16.6,68434409315.1123,10315.1802471606,South Asia,Lower middle income,13.307674464400002,5.042028748525557,Suicidio mayor
St. Lucia,LCA,LC,2012,22.077054581,8.7,1605146777.77778,13079.7725223798,Latin America & Caribbean (excluding high income),Upper middle income,-13.377054581,0.39407430769716045,Homicidio mayor
St. Vincent and the Grenadines,VCT,VC,2012,25.821920966,5.4,692933333.333333,10457.1584317001,Latin America & Caribbean (excluding high income),Upper middle income,-20.421920966000002,0.20912464286101093,Homicidio mayor
Sweden,SWE,SE,2012,0.71257784782,15.0,552483727282.802,45432.4319692761,,High income,14.28742215218,21.050331617646723,Suicidio mayor
Switzerland,CHE,CH,2012,0.56193764091,14.7,692109693986.886,59933.5986829168,,High income,14.13806235909,26.1594862664741,Suicidio mayor
Tanzania,TZA,TZ,2012,8.6965701021,4.3,39650530214.3287,2099.42972210947,Sub-Saharan Africa (excluding high income),Lower middle income,-4.396570102100001,0.49444780522859916,Homicidio mayor
Thailand,THA,TH,2012,4.8985811642,7.9,397558222957.17,14870.9755534493,East Asia & Pacific (excluding high income),Upper middle income,3.0014188358,1.612711872110048,Suicidio mayor
Tonga,TON,TO,2012,0.97336863417,4.5,470714083.426751,5228.95002753247,East Asia & Pacific (excluding high income),Upper middle income,3.52663136583,4.62311999999588,Suicidio mayor
Trinidad and Tobago,TTO,TT,2012,28.256695721,9.5,25763220107.0051,30063.3274626865,,High income,-18.756695721,0.33620350000583143,Homicidio mayor
Tunisia,TUN,TN,2012,3.0607561008,3.4,47311196335.2884,10731.3648923533,Middle East & North Africa (excluding high income),Lower middle income,0.3392438992,1.11083663252728,Tasas similares
Turkey,TUR,TR,2012,4.3080441231,2.2,880556375779.51,20772.4989492004,Europe & Central Asia (excluding high income),Upper middle income,-2.1080441231,0.5106725783525436,Homicidio mayor
Uganda,UGA,UG,2012,11.765488864,5.7,27305915761.2794,2013.88071077228,Sub-Saharan Africa (excluding high income),Low income,-6.065488864,0.4844677570042023,Homicidio mayor
Ukraine,UKR,UA,2012,5.1392837189,23.1,182592416468.527,9705.35870651105,Europe & Central Asia (excluding high income),Lower middle income,17.9607162811,4.494789792407933,Suicidio mayor
United Arab Emirates,ARE,AE,2012,0.75479144893,7.9,374590605854.323,69102.4761704654,,High income,7.1452085510700005,10.466467275429682,Suicidio mayor
United Kingdom,GBR,GB,2012,0.97171187116,8.2,2719158341005.79,38514.0261691783,,High income,7.228288128839999,8.438715470472836,Suicidio mayor
United States,USA,US,2012,4.7305490441,13.5,16197007349000.0,51602.9310457907,,High income,8.7694509559,2.8537913620909117,Suicidio mayor
Uruguay,URY,UY,2012,7.9018045413,17.8,51264390116.4909,18192.3297038387,,High income,9.898195458700002,2.2526500000051324,Suicidio mayor
"Venezuela, RB",VEN,VE,2012,54.739602532,3.2,381286237847.667,,,Not classified,-51.539602531999996,0.05845859034378858,Homicidio mayor
"Yemen, Rep.",YEM,YE,2012,6.603147871,5.7,35401341663.0425,3491.20460991407,Middle East & North Africa (excluding high income),Low income,-0.9031478709999998,0.8632246485094655,Tasas similares
Zambia,ZMB,ZM,2012,6.1181537859,9.4,25503060420.026,3422.61993726372,Sub-Saharan Africa (excluding high income),Lower middle income,3.2818462141000007,1.536411200003406,Suicidio mayor
Zimbabwe,ZWE,ZW,2012,7.4798997709,19.7,17114849900.0,2375.92700580051,Sub-Saharan Africa (excluding high income),Lower middle income,12.220100229099998,2.6337251304678437,Suicidio mayor
Albania,ALB,AL,2013,4.2702841943,5.3,12776220507.0162,10570.963733047,Europe & Central Asia (excluding high income),Upper middle income,1.0297158056999995,1.2411351935485864,Suicidio mayor
Algeria,DZA,DZ,2013,1.2585167829,2.9,209755003250.664,13056.8025915699,Middle East & North Africa (excluding high income),Lower middle income,1.6414832171,2.3042998229372285,Suicidio mayor
Argentina,ARG,AR,2013,7.2803050637,8.6,552025140252.246,20131.6804246983,Latin America & Caribbean (excluding high income),Upper middle income,1.3196949362999995,1.181269180996284,Tasas similares
Armenia,ARM,AM,2013,2.1742183944,6.4,11121465767.4067,9835.80246091985,Europe & Central Asia (excluding high income),Upper middle income,4.2257816056,2.9435865396429746,Suicidio mayor
Australia,AUS,AU,2013,1.0535408605,11.5,1576335282651.07,45906.4400399472,,High income,10.4464591395,10.915570939073225,Suicidio mayor
Austria,AUT,AT,2013,0.72462150506,16.2,430068712971.867,47922.0491207455,,High income,15.47537849494,22.356499064513148,Suicidio mayor
Azerbaijan,AZE,AZ,2013,2.354704353,4.3,74164435946.4627,17188.9455056612,Europe & Central Asia (excluding high income),Upper middle income,1.945295647,1.8261315882486926,Suicidio mayor
"Bahamas, The",BHS,BS,2013,32.410761462,3.1,10494600000.0,31650.4390099407,,High income,-29.310761462000002,0.09564724369819558,Homicidio mayor
Bahrain,BHR,BH,2013,0.38021975181,7.1,32539468085.1064,51494.4117178119,,High income,6.719780248189999,18.67341179988973,Suicidio mayor
Bangladesh,BGD,BD,2013,2.875726215,3.5,149990451022.29,3143.58550275239,South Asia,Lower middle income,0.6242737850000002,1.2170838731947924,Suicidio mayor
Barbados,BRB,BB,2013,8.4419650081,0.3,4677000000.0,15334.8282457896,,High income,-8.1419650081,0.03553674999981074,Homicidio mayor
Belarus,BLR,BY,2013,3.5337181443,27.9,75527984234.2342,18994.1901887615,Europe & Central Asia (excluding high income),Upper middle income,24.3662818557,7.895366540481897,Suicidio mayor
Belgium,BEL,BE,2013,1.8379043659,19.5,521642714407.843,43671.11959259,,High income,17.662095634099998,10.609910048530235,Suicidio mayor
Belize,BLZ,BZ,2013,28.636967143,5.9,1579411253.00514,7227.21356304606,Latin America & Caribbean (excluding high income),Lower middle income,-22.736967143,0.20602740403821682,Homicidio mayor
Bhutan,BTN,BT,2013,3.3791632347,4.4,1756215665.09323,7989.68917892584,South Asia,Lower middle income,1.0208367653000003,1.302097500001544,Suicidio mayor
Bolivia,BOL,BO,2013,8.8405126928,6.0,30659338880.3786,6624.80592182792,Latin America & Caribbean (excluding high income),Lower middle income,-2.840512692800001,0.6786936695296636,Homicidio mayor
Bosnia and Herzegovina,BIH,BA,2013,1.2984820745,10.6,18172335776.3301,11016.5504511762,Europe & Central Asia (excluding high income),Upper middle income,9.301517925499999,8.163377999716852,Suicidio mayor
Brazil,BRA,BR,2013,26.941953612,5.6,2472819362216.69,15588.7261289147,Latin America & Caribbean (excluding high income),Upper middle income,-21.341953611999998,0.20785426627361384,Homicidio mayor
Brunei Darussalam,BRN,BN,2013,0.49454272107,1.8,18093829923.2737,83788.5108927602,,High income,1.30545727893,3.639726000021784,Suicidio mayor
Bulgaria,BGR,BG,2013,1.4951800334,10.5,55810138436.4821,16647.0063974042,Europe & Central Asia (excluding high income),Upper middle income,9.0048199666,7.022565688041778,Suicidio mayor
Burkina Faso,BFA,BF,2013,0.70873004888,8.3,13444301139.1384,1683.10583320456,Sub-Saharan Africa (excluding high income),Low income,7.591269951120001,11.71108804137262,Suicidio mayor
Burundi,BDI,BI,2013,5.4505612086,7.0,2451625332.74584,740.983221098929,Sub-Saharan Africa (excluding high income),Low income,1.5494387914,1.2842714230885557,Suicidio mayor
Cabo Verde,CPV,CV,2013,10.552233556,14.6,1850470042.43281,5792.91983252115,Sub-Saharan Africa (excluding high income),Lower middle income,4.0477664440000005,1.3835933333468005,Suicidio mayor
Canada,CAN,CA,2013,1.442067897,12.1,1846597421834.98,44298.5787342765,,High income,10.657932103,8.390728359720221,Suicidio mayor
Chile,CHL,CL,2013,3.1642127988,9.8,278384332694.3,22439.2732478546,,High income,6.635787201200001,3.0971368309099074,Suicidio mayor
China,CHN,CN,2013,0.76443188394,8.6,9570406235659.64,11872.4973811617,East Asia & Pacific (excluding high income),Upper middle income,7.835568116059999,11.25018485057723,Suicidio mayor
Colombia,COL,CO,2013,33.16235475,3.7,382116126448.555,12727.764931531,Latin America & Caribbean (excluding high income),Upper middle income,-29.46235475,0.11157229418396473,Homicidio mayor
Costa Rica,CRI,CR,2013,8.6670261409,6.7,50949672205.8222,15005.9193570501,Latin America & Caribbean (excluding high income),Upper middle income,-1.967026140899999,0.7730448588798488,Homicidio mayor
Croatia,HRV,HR,2013,1.0756225809,16.5,58889082315.336,22081.0977857438,,High income,15.4243774191,15.339953151777497,Suicidio mayor
Cuba,CUB,CU,2013,5.9737357705,13.9,77148000000.0,,Latin America & Caribbean (excluding high income),Upper middle income,7.9262642295,2.326852163204496,Suicidio mayor
Cyprus,CYP,CY,2013,1.04907393,5.7,23900872625.8467,30375.09107743,,High income,4.650926070000001,5.433363499939418,Suicidio mayor
Czech Republic,CZE,CZ,2013,0.85013699958,15.7,211685616592.931,30818.1081558477,,High income,14.84986300042,18.467611699945298,Suicidio mayor
Denmark,DNK,DK,2013,0.8513427804,12.1,343584391647.927,46726.8541437832,,High income,11.2486572196,14.212841500006451,Suicidio mayor
Dominican Republic,DOM,DO,2013,19.685066797,5.5,62682163837.347,12482.1621152034,Latin America & Caribbean (excluding high income),Upper middle income,-14.185066797000001,0.27939961071598696,Homicidio mayor
Ecuador,ECU,EC,2013,10.982033838,9.6,95129659000.0,11153.6852119041,Latin America & Caribbean (excluding high income),Upper middle income,-1.382033838,0.8741550191533839,Tasas similares
El Salvador,SLV,SV,2013,40.104843925,6.4,21990960000.0,6877.14637566515,Latin America & Caribbean (excluding high income),Lower middle income,-33.704843925,0.15958172065121684,Homicidio mayor
Estonia,EST,EE,2013,3.9421773555,18.9,25108615091.9884,27464.5186781161,,High income,14.957822644499998,4.7943048461864155,Suicidio mayor
Eswatini,SWZ,SZ,2013,9.3849801673,44.6,4597532029.70451,8708.44027948732,Sub-Saharan Africa (excluding high income),Lower middle income,35.2150198327,4.752274294132167,Suicidio mayor
Fiji,FJI,FJ,2013,2.1950041705,10.0,4190143206.25611,9536.32634910738,East Asia & Pacific (excluding high income),Upper middle income,7.8049958295,4.555800000016447,Suicidio mayor
Finland,FIN,FI,2013,1.6363350214,17.2,271285280621.373,41493.1416470359,,High income,15.563664978599999,10.511294921307854,Suicidio mayor
France,FRA,FR,2013,1.2160857437,17.0,2811077725703.59,39523.8551519345,,High income,15.7839142563,13.979277438346307,Suicidio mayor
Germany,DEU,DE,2013,0.84016663732,13.4,3732743446218.92,44993.8927459315,,High income,12.559833362680001,15.94921698241185,Suicidio mayor
Ghana,GHA,GH,2013,2.0708337128,7.7,62823043706.4702,5294.82002761066,Sub-Saharan Africa (excluding high income),Lower middle income,5.6291662872,3.718309177799088,Suicidio mayor
Greece,GRC,GR,2013,1.4245145548,5.0,238839788899.338,25986.6503155014,,High income,3.5754854452,3.509967646979917,Suicidio mayor
Grenada,GRD,GD,2013,5.5467218874,1.2,842620111.111111,11887.3578830457,Latin America & Caribbean (excluding high income),Upper middle income,-4.3467218874,0.21634399999861798,Homicidio mayor
Guatemala,GTM,GT,2013,33.682099839,5.9,52996540703.5943,7446.58800936721,Latin America & Caribbean (excluding high income),Upper middle income,-27.782099839000004,0.1751672261587586,Homicidio mayor
Guinea-Bissau,GNB,GW,2013,4.9142762151,8.1,1046087417.96916,1364.38360971298,Sub-Saharan Africa (excluding high income),Low income,3.1857237848999995,1.6482589999950121,Suicidio mayor
Guyana,GUY,GY,2013,20.414049607,38.2,4167800259.20888,11023.2296762194,Latin America & Caribbean (excluding high income),Upper middle income,17.785950393000004,1.8712602710096866,Suicidio mayor
Haiti,HTI,HT,2013,9.9897391245,9.9,14902474090.615,2952.30387694134,Latin America & Caribbean (excluding high income),Lower middle income,-0.08973912449999943,0.9910168700722212,Tasas similares
Honduras,HND,HN,2013,73.091804944,3.2,18372173380.7373,4142.23845579365,Latin America & Caribbean (excluding high income),Lower middle income,-69.891804944,0.04378055792235137,Homicidio mayor
Hungary,HUN,HU,2013,1.5660077875,22.1,135732595721.853,24556.7153473909,,High income,20.533992212500003,14.112318071726065,Suicidio mayor
Iceland,ISL,IS,2013,0.30562907633,13.9,16125060515.3117,44409.6689530904,,High income,13.59437092367,45.47996599967344,Suicidio mayor
India,IND,IN,2013,3.5818622233,13.7,1856722121394.53,5057.23341374821,South Asia,Lower middle income,10.1181377767,3.824826066977549,Suicidio mayor
Indonesia,IDN,ID,2013,0.55042523844,2.5,912524136718.018,10067.465744305,East Asia & Pacific (excluding high income),Lower middle income,1.94957476156,4.541942893253643,Suicidio mayor
"Iran, Islamic Rep.",IRN,IR,2013,2.6633730622,6.6,460293149324.326,15273.8423174397,Middle East & North Africa (excluding high income),Lower middle income,3.9366269378,2.4780606568680494,Suicidio mayor
Iraq,IRQ,IQ,2013,10.070253211,4.2,234637675128.645,15535.345982143,Middle East & North Africa (excluding high income),Upper middle income,-5.8702532110000005,0.41706994968232086,Homicidio mayor
Ireland,IRL,IE,2013,1.1049900919,11.4,238211547205.677,47830.6308878373,,High income,10.2950099081,10.31683458844234,Suicidio mayor
Israel,ISR,IL,2013,1.6419227614,5.2,294167366504.266,34324.3781471447,,High income,3.5580772386,3.167018645606797,Suicidio mayor
Italy,ITA,IT,2013,0.83434679322,7.5,2141315327318.21,36314.6971007775,,High income,6.66565320678,8.989067928283395,Suicidio mayor
Jamaica,JAM,JM,2013,42.011956442,2.0,14264202737.3082,8442.98366743102,Latin America & Caribbean (excluding high income),Upper middle income,-40.011956442,0.047605495420360126,Homicidio mayor
Japan,JPN,JP,2013,0.28835470409,21.4,5212328181166.18,39402.0250988025,,High income,21.111645295909998,74.21415255747215,Suicidio mayor
Jordan,JOR,JO,2013,1.6903408291,1.5,34454440140.8451,9322.30245386442,Middle East & North Africa (excluding high income),Upper middle income,-0.19034082909999994,0.8873949999768127,Tasas similares
Kazakhstan,KAZ,KZ,2013,6.5781289663,26.3,236634552078.102,24504.7660856694,Europe & Central Asia (excluding high income),Upper middle income,19.7218710337,3.9980973518056397,Suicidio mayor
Kenya,KEN,KE,2013,5.382251216,5.9,61671425370.0235,3097.63062683564,Sub-Saharan Africa (excluding high income),Lower middle income,0.5177487840000001,1.096195581220897,Tasas similares
"Korea, Rep.",KOR,KR,2013,0.69916568876,30.6,1370795199976.18,34244.3121393117,,High income,29.90083431124,43.7664497728291,Suicidio mayor
Kyrgyz Republic,KGZ,KG,2013,5.251851583,10.5,7335027591.91628,4042.89305300409,Europe & Central Asia (excluding high income),Lower middle income,5.248148417,1.9992948837297713,Suicidio mayor
Latvia,LVA,LV,2013,2.4450475562,20.6,30204783461.8488,22639.0683375842,,High income,18.154952443800003,8.425193999913743,Suicidio mayor
Lebanon,LBN,LB,2013,3.9911950179,3.0,46909335550.6109,14976.7807369919,Middle East & North Africa (excluding high income),Upper middle income,-0.9911950179,0.7516545762723653,Homicidio mayor
Lesotho,LSO,LS,2013,32.437314151,87.6,2367113170.00373,2563.06835117203,Sub-Saharan Africa (excluding high income),Lower middle income,55.16268584899999,2.7005935075946907,Suicidio mayor
Lithuania,LTU,LT,2013,6.5803948104,40.5,46523420074.4372,26721.5796712844,,High income,33.9196051896,6.1546459090861365,Suicidio mayor
Luxembourg,LUX,LU,2013,0.18431345083,11.3,65184744717.028,100925.011992241,,High income,11.11568654917,61.30860199900691,Suicidio mayor
Malaysia,MYS,MY,2013,2.1276651339,4.4,323277158906.979,23477.9911663813,East Asia & Pacific (excluding high income),Upper middle income,2.2723348661000005,2.0679945964686755,Suicidio mayor
Maldives,MDV,MV,2013,0.72186182602,2.6,3295011381.75405,14774.1856353898,South Asia,Upper middle income,1.87813817398,3.6017973333416915,Suicidio mayor
Malta,MLT,MT,2013,1.6426372306,6.8,10551661176.7831,32295.8473400221,,High income,5.1573627694,4.139684571447457,Suicidio mayor
Mauritius,MUS,MU,2013,2.7878272312,8.2,12129642296.4425,17866.3068173778,Sub-Saharan Africa (excluding high income),Upper middle income,5.4121727688,2.9413587428337045,Suicidio mayor
Mexico,MEX,MX,2013,19.408862745,5.2,1274443084716.57,17373.8974567258,Latin America & Caribbean (excluding high income),Upper middle income,-14.208862745000001,0.2679188403936544,Homicidio mayor
Moldova,MDA,MD,2013,4.1476616637,17.0,9496684701.43325,8381.67183313924,Europe & Central Asia (excluding high income),Upper middle income,12.8523383363,4.0986949704173385,Suicidio mayor
Mongolia,MNG,MN,2013,7.1136515137,21.0,12582122604.1921,10549.892056039,East Asia & Pacific (excluding high income),Lower middle income,13.886348486300001,2.952070390228793,Suicidio mayor
Montenegro,MNE,ME,2013,1.5965718409,20.4,4464260488.58205,14870.1529377846,Europe & Central Asia (excluding high income),Upper middle income,18.803428159099997,12.777376800345143,Suicidio mayor
Morocco,MAR,MA,2013,1.2724040621,8.0,106825649872.108,6916.01303173881,Middle East & North Africa (excluding high income),Lower middle income,6.7275959379,6.287310955921225,Suicidio mayor
Myanmar,MMR,MM,2013,2.3875432419,3.3,60572254371.4731,3782.57259536657,East Asia & Pacific (excluding high income),Lower middle income,0.9124567580999998,1.3821739192350164,Suicidio mayor
Nepal,NPL,NP,2013,2.2513824547,8.7,22162208956.0893,2702.22496263423,South Asia,Lower middle income,6.448617545299999,3.864292351500664,Suicidio mayor
Netherlands,NLD,NL,2013,0.74212551397,11.8,876923518850.405,49241.5178406305,,High income,11.05787448603,15.900275327923854,Suicidio mayor
New Zealand,NZL,NZ,2013,1.0180326784,12.2,190906575136.003,36242.6212285958,,High income,11.181967321599998,11.9838982174661,Suicidio mayor
Nicaragua,NIC,NI,2013,9.7979995586,5.3,10982979274.1922,4610.29898129055,Latin America & Caribbean (excluding high income),Lower middle income,-4.497999558600001,0.5409267441074774,Homicidio mayor
North Macedonia,MKD,MK,2013,1.0596970711,9.7,10817712138.9451,12727.3364143546,Europe & Central Asia (excluding high income),Upper middle income,8.640302928899999,9.153559318542877,Suicidio mayor
Norway,NOR,NO,2013,0.90560807645,11.8,522761531914.894,66961.2530988205,,High income,10.894391923550002,13.029919130421423,Suicidio mayor
Oman,OMN,OM,2013,2.5764946657,5.3,89936020806.2419,48174.8497105683,,High income,2.7235053343,2.0570584020829163,Suicidio mayor
Pakistan,PAK,PK,2013,7.2869088035,8.9,231218567178.979,4103.62956351879,South Asia,Lower middle income,1.6130911965,1.2213683799260957,Suicidio mayor
Panama,PAN,PA,2013,17.286120757,3.4,45599994004.8873,20809.8551420422,Latin America & Caribbean (excluding high income),Upper middle income,-13.886120756999999,0.1966895897463387,Homicidio mayor
Paraguay,PRY,PY,2013,9.2776447316,4.9,38651334287.6732,11062.5587335491,Latin America & Caribbean (excluding high income),Upper middle income,-4.3776447316,0.5281512864262219,Homicidio mayor
Peru,PER,PE,2013,6.7609355361,3.1,201175469114.327,11295.9632644083,Latin America & Caribbean (excluding high income),Upper middle income,-3.6609355360999998,0.4585164262323693,Homicidio mayor
Philippines,PHL,PH,2013,9.2574651246,2.4,283902728259.788,6614.68352374649,East Asia & Pacific (excluding high income),Lower middle income,-6.857465124599999,0.2592502340216702,Homicidio mayor
Poland,POL,PL,2013,0.79930723911,18.2,521016262734.924,24567.5061660535,,High income,17.40069276089,22.769717462167673,Suicidio mayor
Portugal,PRT,PT,2013,1.3749609115,12.5,226369502104.236,27936.0396644563,,High income,11.1250390885,9.091167534619764,Suicidio mayor
Qatar,QAT,QA,2013,0.38517850242,6.7,198727642967.033,138229.768973896,,High income,6.3148214975800006,17.394532555439184,Suicidio mayor
Romania,ROU,RO,2013,1.0828112163,12.2,190801346194.297,19781.9257079992,Europe & Central Asia (excluding high income),Upper middle income,11.1171887837,11.266968624214831,Suicidio mayor
Russian Federation,RUS,RU,2013,11.108920383,33.5,2292473246621.08,26073.8745307451,Europe & Central Asia (excluding high income),Upper middle income,22.391079617000003,3.015594571301916,Suicidio mayor
Rwanda,RWA,RW,2013,3.3205266448,5.8,7815599502.65683,1543.27340017594,Sub-Saharan Africa (excluding high income),Low income,2.4794733551999997,1.7467108746387854,Suicidio mayor
Samoa,WSM,WS,2013,3.1461051219,12.1,770059550.966038,5508.71554603175,East Asia & Pacific (excluding high income),Lower middle income,8.9538948781,3.8460253332833814,Suicidio mayor
Serbia,SRB,RS,2013,1.5921260174,17.9,48394239474.6762,14629.006797234,Europe & Central Asia (excluding high income),Upper middle income,16.3078739826,11.242828648219286,Suicidio mayor
Seychelles,SYC,SC,2013,19.272567641,7.7,1328157608.83087,22369.3912169768,,High income,-11.572567641,0.399531611118552,Homicidio mayor
Singapore,SGP,SG,2013,0.31171315349,10.3,307576360584.992,83001.7878013707,,High income,9.98828684651,33.04319976452464,Suicidio mayor
Slovak Republic,SVK,SK,2013,1.3095472821,12.3,98541305462.1038,27915.4332088556,,High income,10.9904527179,9.392558915685447,Suicidio mayor
Slovenia,SVN,SI,2013,0.58164333631,22.2,48401896808.3064,29973.6993541529,,High income,21.61835666369,38.16771999974914,Suicidio mayor
South Africa,ZAF,ZA,2013,31.7,23.7,400886013595.573,13606.9428955207,Sub-Saharan Africa (excluding high income),Upper middle income,-8.0,0.7476340694006309,Homicidio mayor
Spain,ESP,ES,2013,0.64350401659,8.5,1354757433212.72,32434.0032017704,,High income,7.85649598341,13.208930761679552,Suicidio mayor
Sri Lanka,LKA,LK,2013,2.9956851004,15.2,74317806538.3632,10852.0640424766,South Asia,Lower middle income,12.2043148996,5.073964549201254,Suicidio mayor
St. Lucia,LCA,LC,2013,18.591025605,8.3,1664816740.74074,13489.6960909185,Latin America & Caribbean (excluding high income),Upper middle income,-10.291025604999998,0.4464519696948694,Homicidio mayor
Suriname,SUR,SR,2013,5.2987876739,25.1,5145757575.75758,16815.1104323619,Latin America & Caribbean (excluding high income),Upper middle income,19.8012123261,4.736932586227968,Suicidio mayor
Sweden,SWE,SE,2013,0.90455245656,15.9,586841821796.891,46312.3923824667,,High income,14.995447543440001,17.577753379242893,Suicidio mayor
Switzerland,CHE,CH,2013,0.70293342752,15.1,712748124222.61,62225.087267788,,High income,14.39706657248,21.481408350821916,Suicidio mayor
Tanzania,TZA,TZ,2013,7.6253324558,4.4,45680532613.7591,2194.88485866424,Sub-Saharan Africa (excluding high income),Lower middle income,-3.2253324557999994,0.5770240216416087,Homicidio mayor
Thailand,THA,TH,2013,4.2468565961,7.5,420333203150.426,15407.6654018139,East Asia & Pacific (excluding high income),Upper middle income,3.2531434039000002,1.7660120680522737,Suicidio mayor
Trinidad and Tobago,TTO,TT,2013,30.065568055,10.9,27268478564.5547,30059.7156457675,,High income,-19.165568055,0.3625409631396369,Homicidio mayor
Uganda,UGA,UG,2013,10.805580543,5.2,28915786996.5408,2014.27496126491,Sub-Saharan Africa (excluding high income),Low income,-5.605580542999999,0.4812328203289947,Homicidio mayor
United Arab Emirates,ARE,AE,2013,0.61970613318,7.5,390107556160.654,70374.2353627555,,High income,6.88029386682,12.102510526261886,Suicidio mayor
United Kingdom,GBR,GB,2013,0.92792050476,8.8,2803291406029.93,40218.7472562217,,High income,7.87207949524,9.483571011587957,Suicidio mayor
United States,USA,US,2013,4.5255927962,13.5,16784849196000.0,53106.5367672165,,High income,8.9744072038,2.9830346228532827,Suicidio mayor
Uruguay,URY,UY,2013,7.6708927385,15.8,57531233350.9101,19130.0613970595,,High income,8.1291072615,2.059734184614554,Suicidio mayor
"Yemen, Rep.",YEM,YE,2013,6.7721494222,5.7,40415235701.9871,3688.51940852363,Middle East & North Africa (excluding high income),Low income,-1.0721494221999999,0.8416825507887714,Tasas similares
Zambia,ZMB,ZM,2013,5.8084416152,9.1,28037239462.7142,3578.84705510025,Sub-Saharan Africa (excluding high income),Lower middle income,3.2915583848,1.5666852837405447,Suicidio mayor
Albania,ALB,AL,2014,4.0396270147,5.0,13228147516.1168,11259.2675137673,Europe & Central Asia (excluding high income),Upper middle income,0.9603729853000003,1.2377380341811883,Suicidio mayor
Algeria,DZA,DZ,2014,1.4823877943,2.8,213810024944.464,13003.2668603131,Middle East & North Africa (excluding high income),Lower middle income,1.3176122057,1.8888444783250466,Suicidio mayor
Argentina,ARG,AR,2014,7.5707989313,9.3,526319673731.638,19683.7715056442,Latin America & Caribbean (excluding high income),Upper middle income,1.729201068700001,1.2284040408933534,Suicidio mayor
Armenia,ARM,AM,2014,2.4721853397,6.3,11609512939.7542,10036.8898405952,Europe & Central Asia (excluding high income),Upper middle income,3.8278146602999996,2.5483526250359954,Suicidio mayor
Australia,AUS,AU,2014,1.0298169731,12.7,1467504819608.92,46880.8951800484,,High income,11.670183026899998,12.332288485952903,Suicidio mayor
Austria,AUT,AT,2014,0.52233231827,16.5,441996131736.508,48799.7154676985,,High income,15.97766768173,31.58908499985051,Suicidio mayor
Azerbaijan,AZE,AZ,2014,2.4827428333,4.2,75244294275.1498,17443.8782563093,Europe & Central Asia (excluding high income),Upper middle income,1.7172571667,1.6916774237215155,Suicidio mayor
"Bahamas, The",BHS,BS,2014,33.456998314,3.3,11142900000.0,33248.1132875149,,High income,-30.156998314000003,0.09863407257964091,Homicidio mayor
Bahrain,BHR,BH,2014,0.52392346825,7.4,33387712765.9574,51101.9770222914,,High income,6.87607653175,14.124200285811495,Suicidio mayor
Bangladesh,BGD,BD,2014,2.9213541247,3.5,172885454931.453,3368.05616403141,South Asia,Lower middle income,0.5786458752999999,1.198074540298815,Tasas similares
Barbados,BRB,BB,2014,8.7773194067,0.6,4696500000.0,15175.4956415237,,High income,-8.1773194067,0.06835799999963559,Homicidio mayor
Belarus,BLR,BY,2014,3.6048483939,26.3,78813839984.3506,19008.0610153147,Europe & Central Asia (excluding high income),Upper middle income,22.6951516061,7.295729841095108,Suicidio mayor
Belgium,BEL,BE,2014,1.8714534287,19.4,534678075827.361,44929.685593416,,High income,17.528546571299998,10.3662745235804,Suicidio mayor
Belize,BLZ,BZ,2014,34.808102647,6.0,1667335060.96064,7190.08610834646,Latin America & Caribbean (excluding high income),Lower middle income,-28.808102647,0.17237365853714873,Homicidio mayor
Bolivia,BOL,BO,2014,8.798379529,6.2,32996188012.6821,7056.82836431613,Latin America & Caribbean (excluding high income),Lower middle income,-2.598379529,0.7046752165628248,Homicidio mayor
Bosnia and Herzegovina,BIH,BA,2014,1.4359126345,10.6,18560861388.6402,11433.1904283714,Europe & Central Asia (excluding high income),Upper middle income,9.1640873655,7.382064719899224,Suicidio mayor
Brazil,BRA,BR,2014,28.849832246,5.6,2456043766028.73,15718.5649500141,Latin America & Caribbean (excluding high income),Upper middle income,-23.249832245999997,0.19410858102221493,Homicidio mayor
Bulgaria,BGR,BG,2014,1.5733582421,10.4,57082011260.3446,17616.913178474,Europe & Central Asia (excluding high income),Upper middle income,8.826641757900001,6.610064842015168,Suicidio mayor
Burkina Faso,BFA,BF,2014,0.73922316402,8.0,13943016923.9017,1692.30324218467,Sub-Saharan Africa (excluding high income),Low income,7.26077683598,10.822171692368066,Suicidio mayor
Burundi,BDI,BI,2014,5.7292031197,6.7,2705783272.07443,777.041241495558,Sub-Saharan Africa (excluding high income),Low income,0.9707968803,1.1694471046002701,Tasas similares
Cabo Verde,CPV,CV,2014,12.541580162,14.4,1859898513.26858,5748.09623755065,Sub-Saharan Africa (excluding high income),Lower middle income,1.8584198379999997,1.1481806769158853,Tasas similares
Cameroon,CMR,CM,2014,0.9346679039,10.0,36386546917.6861,3312.54006384035,Sub-Saharan Africa (excluding high income),Lower middle income,9.0653320961,10.698987264111617,Suicidio mayor
Canada,CAN,CA,2014,1.463646963,12.7,1805749878439.94,45753.7505547994,,High income,11.236353036999999,8.676955796751106,Suicidio mayor
Chile,CHL,CL,2014,2.4663593928,9.9,260541637327.855,22786.6427713304,,High income,7.433640607200001,4.014013541133096,Suicidio mayor
China,CHN,CN,2014,0.72049529638,8.4,10475682920597.7,12480.3385303781,East Asia & Pacific (excluding high income),Upper middle income,7.67950470362,11.658646548012598,Suicidio mayor
Colombia,COL,CO,2014,28.408881626,3.8,381112119657.446,13307.4245015783,Latin America & Caribbean (excluding high income),Upper middle income,-24.608881626,0.13376098538571876,Homicidio mayor
Costa Rica,CRI,CR,2014,9.9470533158,5.6,52016408950.8398,16067.3307687659,Latin America & Caribbean (excluding high income),Upper middle income,-4.3470533158,0.5629807966450631,Homicidio mayor
Croatia,HRV,HR,2014,0.84596046827,17.3,58330289756.6914,22325.0765880566,,High income,16.45403953173,20.45012816660183,Suicidio mayor
Cuba,CUB,CU,2014,5.3064900407,13.4,80656000000.0,,Latin America & Caribbean (excluding high income),Upper middle income,8.0935099593,2.5252096766834513,Suicidio mayor
Cyprus,CYP,CY,2014,0.95461499943,5.4,23156850006.6427,30080.2301574798,,High income,4.44538500057,5.6567307272820315,Suicidio mayor
Czech Republic,CZE,CZ,2014,0.76479279214,14.8,209358834156.329,32502.4753540118,,High income,14.035207207860001,19.351646814802578,Suicidio mayor
Denmark,DNK,DK,2014,1.306451274,12.0,352993631617.708,47901.4473627066,,High income,10.693548726,9.185187567890878,Suicidio mayor
Dominican Republic,DOM,DO,2014,17.805878931,6.1,67179914026.9623,13475.0111677589,Latin America & Caribbean (excluding high income),Upper middle income,-11.705878930999999,0.34258348176117903,Homicidio mayor
Ecuador,ECU,EC,2014,8.2184917695,8.8,101726331000.0,11713.1759081751,Latin America & Caribbean (excluding high income),Upper middle income,0.5815082305000008,1.070756076274002,Tasas similares
El Salvador,SLV,SV,2014,62.286302859,5.8,22593470000.0,7233.1952211983,Latin America & Caribbean (excluding high income),Lower middle income,-56.486302859000006,0.09311838612623537,Homicidio mayor
Estonia,EST,EE,2014,3.114855353,19.5,26598657880.5486,28945.4653303277,,High income,16.385144647,6.260322804787398,Suicidio mayor
Eswatini,SWZ,SZ,2014,10.776039203,39.2,4422968339.67584,8798.29399019978,Sub-Saharan Africa (excluding high income),Lower middle income,28.423960797000003,3.63770020334437,Suicidio mayor
Fiji,FJI,FJ,2014,2.3082773672,9.7,4856963229.83999,11346.9457863033,East Asia & Pacific (excluding high income),Upper middle income,7.391722632799999,4.202267950045513,Suicidio mayor
Finland,FIN,FI,2014,1.6113055054,15.4,274497230802.958,41757.4021894413,,High income,13.7886944946,9.557467499732159,Suicidio mayor
France,FRA,FR,2014,1.2337688132,15.6,2852165760630.27,40144.0268283679,,High income,14.3662311868,12.64418409113342,Suicidio mayor
Georgia,GEO,GE,2014,2.6763743058,10.3,17627003454.7205,11575.547210705,Europe & Central Asia (excluding high income),Upper middle income,7.623625694200001,3.848490092614758,Suicidio mayor
Germany,DEU,DE,2014,0.87906291893,13.4,3883920155292.26,47011.5510935131,,High income,12.52093708107,15.243504999972643,Suicidio mayor
Ghana,GHA,GH,2014,1.9945284538,7.5,54782847752.5375,5568.23595709396,Sub-Saharan Africa (excluding high income),Lower middle income,5.5054715462,3.7602872928239797,Suicidio mayor
Greece,GRC,GR,2014,0.99986357002,5.3,235144949470.797,26625.0618096799,,High income,4.30013642998,5.300723177557099,Suicidio mayor
Grenada,GRD,GD,2014,7.3461891644,0.6,911497407.407407,13042.0556249047,Latin America & Caribbean (excluding high income),Upper middle income,-6.7461891644000005,0.08167499999967738,Homicidio mayor
Guatemala,GTM,GT,2014,31.388088277,5.8,57852399963.7878,7758.49316980639,Latin America & Caribbean (excluding high income),Upper middle income,-25.588088277,0.18478347418979382,Homicidio mayor
Guinea-Bissau,GNB,GW,2014,3.8406247101,7.8,1054915645.19654,1378.23754028997,Sub-Saharan Africa (excluding high income),Low income,3.9593752898999997,2.0309196000035388,Suicidio mayor
Guyana,GUY,GY,2014,19.518687506,37.2,4127659492.02031,10951.7932372614,Latin America & Caribbean (excluding high income),Upper middle income,17.681312494000004,1.9058658523307375,Suicidio mayor
Haiti,HTI,HT,2014,9.2899739284,10.0,15139264670.4225,2965.47903286886,Latin America & Caribbean (excluding high income),Lower middle income,0.7100260715999998,1.0764292857086937,Tasas similares
Honduras,HND,HN,2014,65.780224819,3.4,19618567249.5003,4452.5879909675,Latin America & Caribbean (excluding high income),Lower middle income,-62.380224819,0.05168726633810382,Homicidio mayor
Hungary,HUN,HU,2014,1.4890375728,20.4,141078984816.675,25699.7504973846,,High income,18.910962427199998,13.700124410990952,Suicidio mayor
Iceland,ISL,IS,2014,0.60865754492,15.7,17867662177.8911,45996.9687476901,,High income,15.09134245508,25.794471999954517,Suicidio mayor
India,IND,IN,2014,3.6551383088,12.8,2039127446298.55,5233.88234251319,South Asia,Lower middle income,9.144861691200001,3.5019194675022582,Suicidio mayor
Indonesia,IDN,ID,2014,0.50053291665,2.4,890814755233.225,10278.1773057998,East Asia & Pacific (excluding high income),Lower middle income,1.8994670833499998,4.794889447157401,Suicidio mayor
"Iran, Islamic Rep.",IRN,IR,2014,2.4991683746,6.5,432687036177.818,15235.7016903585,Middle East & North Africa (excluding high income),Lower middle income,4.0008316254,2.6008651782176724,Suicidio mayor
Ireland,IRL,IE,2014,1.1238742886,11.0,258625192663.58,51098.2666828245,,High income,9.8761257114,9.787571538541558,Suicidio mayor
Israel,ISR,IL,2014,1.375057676,5.1,310944937638.436,34366.1810180223,,High income,3.7249423239999997,3.7089353334150617,Suicidio mayor
Italy,ITA,IT,2014,0.78629858005,7.2,2159133919743.77,36194.873918843,,High income,6.41370141995,9.156826913692454,Suicidio mayor
Jamaica,JAM,JM,2014,34.954856064,2.2,13899228824.2161,8545.10283669967,Latin America & Caribbean (excluding high income),Upper middle income,-32.754856063999995,0.06293832238851013,Homicidio mayor
Japan,JPN,JP,2014,0.30818773673,20.1,4896994405353.29,39555.4120089198,,High income,19.79181226327,65.219986405914,Suicidio mayor
Jordan,JOR,JO,2014,1.9060813188,1.5,36847643521.1268,9181.04637245796,Middle East & North Africa (excluding high income),Upper middle income,-0.4060813188000001,0.7869548823574567,Homicidio mayor
Kazakhstan,KAZ,KZ,2014,5.2246425816,24.2,221415572819.5,24726.4728671586,Europe & Central Asia (excluding high income),Upper middle income,18.975357418399998,4.631895794216982,Suicidio mayor
Kenya,KEN,KE,2014,4.9357535128,5.7,68285768554.472,3357.64164087167,Sub-Saharan Africa (excluding high income),Lower middle income,0.7642464872000003,1.1548388681116395,Tasas similares
"Korea, Rep.",KOR,KR,2014,0.74494292433,29.0,1484318219633.63,35324.4976704773,,High income,28.25505707567,38.929156923105936,Suicidio mayor
Kyrgyz Republic,KGZ,KG,2014,5.4752134521,10.5,7468096566.71158,4281.82407398556,Europe & Central Asia (excluding high income),Lower middle income,5.0247865479,1.9177334531081631,Suicidio mayor
Latvia,LVA,LV,2014,3.1664044488,20.7,31345148670.5896,23815.8000623115,,High income,17.5335955512,6.537383437496389,Suicidio mayor
Lebanon,LBN,LB,2014,3.8332253109,2.8,48133414840.4075,15029.2750434859,Middle East & North Africa (excluding high income),Upper middle income,-1.0332253109000002,0.7304553666694301,Homicidio mayor
Lithuania,LTU,LT,2014,5.3508365141,35.6,48533659592.1728,28184.4723303858,,High income,30.249163485900002,6.653165333343743,Suicidio mayor
Luxembourg,LUX,LU,2014,0.72135499322,12.7,68713294386.2129,105296.284588232,,High income,11.978645006779999,17.605755999982012,Suicidio mayor
Malta,MLT,MT,2014,1.39473256,7.1,11626281387.0068,34344.0217879777,,High income,5.70526744,5.090581666782053,Suicidio mayor
Mauritius,MUS,MU,2014,1.5111134441,10.2,12803445933.5894,18488.0467911726,Sub-Saharan Africa (excluding high income),Upper middle income,8.6888865559,6.749989578760574,Suicidio mayor
Mexico,MEX,MX,2014,16.625796371,5.7,1315351183524.54,18056.7898061476,Latin America & Caribbean (excluding high income),Upper middle income,-10.925796371,0.34284072009581334,Homicidio mayor
Moldova,MDA,MD,2014,4.2961579827,17.2,9510219299.49557,8827.05410758548,Europe & Central Asia (excluding high income),Upper middle income,12.9038420173,4.003577165751792,Suicidio mayor
Mongolia,MNG,MN,2014,7.2446244376,20.0,12226514722.0861,11056.2985279189,East Asia & Pacific (excluding high income),Lower middle income,12.755375562400001,2.7606676056523924,Suicidio mayor
Montenegro,MNE,ME,2014,3.191574244,20.6,4587928884.17142,15371.1425541614,Europe & Central Asia (excluding high income),Upper middle income,17.408425756,6.45449499999161,Suicidio mayor
Morocco,MAR,MA,2014,1.0382436918,7.7,110081248587.369,6609.60910787755,Middle East & North Africa (excluding high income),Lower middle income,6.6617563082,7.416370608185958,Suicidio mayor
Myanmar,MMR,MM,2014,2.3526794226,3.2,63264891867.054,4009.96256191736,East Asia & Pacific (excluding high income),Lower middle income,0.8473205774000001,1.3601513105698042,Suicidio mayor
Nepal,NPL,NP,2014,2.0738882528,8.5,22731602969.6861,2947.31648725396,South Asia,Lower middle income,6.4261117472,4.098581487466343,Suicidio mayor
Netherlands,NLD,NL,2014,0.72813305442,11.6,890981311077.658,49233.2153954401,,High income,10.871866945579999,15.93115424383538,Suicidio mayor
New Zealand,NZL,NZ,2014,0.94142951036,11.3,201313497220.917,37293.3567850718,,High income,10.35857048964,12.00302293018084,Suicidio mayor
Nicaragua,NIC,NI,2014,8.5466829591,4.5,11880434070.7811,4941.6997020079,Latin America & Caribbean (excluding high income),Lower middle income,-4.0466829591,0.5265200571420129,Homicidio mayor
North Macedonia,MKD,MK,2014,1.684490177,9.3,11362272837.8818,13434.8432361896,Europe & Central Asia (excluding high income),Upper middle income,7.615509823000001,5.5209582857662465,Suicidio mayor
Norway,NOR,NO,2014,0.56395338322,11.6,498410050251.256,65892.6892787813,,High income,11.03604661678,20.56907600016082,Suicidio mayor
Oman,OMN,OM,2014,0.2979697089,5.1,92699089726.9181,44374.8815932721,,High income,4.8020302910999995,17.115833749770797,Suicidio mayor
Pakistan,PAK,PK,2014,6.7975726091,8.9,244360888750.807,4238.63386740085,South Asia,Lower middle income,2.1024273909,1.309290906004513,Suicidio mayor
Panama,PAN,PA,2014,15.481975162,4.1,49921464365.3204,22897.4026269576,Latin America & Caribbean (excluding high income),Upper middle income,-11.381975162,0.2648240910541773,Homicidio mayor
Paraguay,PRY,PY,2014,8.7582074101,5.9,40377987208.689,11454.4288765968,Latin America & Caribbean (excluding high income),Upper middle income,-2.8582074101000003,0.6736538339108179,Homicidio mayor
Peru,PER,PE,2014,6.8992167993,2.9,200789362451.567,11510.2788763872,Latin America & Caribbean (excluding high income),Upper middle income,-3.9992167993000005,0.42033756647482595,Homicidio mayor
Philippines,PHL,PH,2014,9.7061939277,2.3,297483247100.855,6960.90071577639,East Asia & Pacific (excluding high income),Lower middle income,-7.4061939276999995,0.23696209009755617,Homicidio mayor
Poland,POL,PL,2014,0.75345694315,17.4,542477096211.761,25475.5046935927,,High income,16.64654305685,23.09355585370983,Suicidio mayor
Portugal,PRT,PT,2014,0.88306797781,14.2,229596170846.995,28742.4403783509,,High income,13.316932022189999,16.08030226077936,Suicidio mayor
Qatar,QAT,QA,2014,0.36597237641,6.3,206224598571.429,129068.578897594,,High income,5.93402762359,17.214413999766172,Suicidio mayor
Romania,ROU,RO,2014,1.6220860846,11.3,199959363430.073,20657.6732894791,Europe & Central Asia (excluding high income),Upper middle income,9.677913915400001,6.966338042895261,Suicidio mayor
Russian Federation,RUS,RU,2014,11.416734255,33.8,2059241965490.83,25761.6480209933,Europe & Central Asia (excluding high income),Upper middle income,22.383265744999996,2.960566414620465,Suicidio mayor
Rwanda,RWA,RW,2014,3.8615511219,5.8,8241332516.54991,1706.6729870342,Sub-Saharan Africa (excluding high income),Low income,1.9384488781,1.501987107488098,Suicidio mayor
Serbia,SRB,RS,2014,1.3485746241,17.0,47062206677.6539,14659.5795098857,Europe & Central Asia (excluding high income),Upper middle income,15.6514253759,12.605902332876322,Suicidio mayor
Seychelles,SYC,SC,2014,16.982614049,7.9,1343007845.04468,23889.7837988235,,High income,-9.082614048999998,0.4651816249963699,Homicidio mayor
Singapore,SGP,SG,2014,0.2533648664,10.2,314851156183.411,84423.1913432675,,High income,9.9466351336,40.25814685725503,Suicidio mayor
Slovak Republic,SVK,SK,2014,1.2709995841,12.9,100954719362.24,28929.526363289,,High income,11.6290004159,10.149491912803846,Suicidio mayor
Slovenia,SVN,SI,2014,0.77388599112,19.6,49930685013.4603,30870.0236667425,,High income,18.82611400888,25.326727999862182,Suicidio mayor
South Africa,ZAF,ZA,2014,32.6,24.1,381198869776.106,13602.102642918,Sub-Saharan Africa (excluding high income),Upper middle income,-8.5,0.7392638036809817,Homicidio mayor
Spain,ESP,ES,2014,0.69049660965,8.6,1369398844599.58,33525.7406299089,,High income,7.909503390349999,12.454804092896532,Suicidio mayor
Sri Lanka,LKA,LK,2014,2.6601230526,13.1,79356449840.5771,11256.8560497537,South Asia,Lower middle income,10.4398769474,4.924584216957964,Suicidio mayor
St. Lucia,LCA,LC,2014,19.068236244,8.9,1755130814.81481,13760.2507849254,Latin America & Caribbean (excluding high income),Upper middle income,-10.168236244000001,0.46674479412328806,Homicidio mayor
Suriname,SUR,SR,2014,5.7837109012,24.7,5240606060.60606,17261.0755848226,Latin America & Caribbean (excluding high income),Upper middle income,18.9162890988,4.270614562507829,Suicidio mayor
Sweden,SWE,SE,2014,0.89763485597,14.8,581964017237.095,47184.6691338182,,High income,13.90236514403,16.487773287287133,Suicidio mayor
Switzerland,CHE,CH,2014,0.49963423118,14.7,734396591036.932,64103.0104476336,,High income,14.20036576882,29.421522951465118,Suicidio mayor
Tanzania,TZA,TZ,2014,7.8101601857,4.2,49964788814.0926,2243.59245177191,Sub-Saharan Africa (excluding high income),Lower middle income,-3.6101601857,0.53776105740955,Homicidio mayor
Thailand,THA,TH,2014,3.8706143485,7.8,407339454060.678,15480.2107903621,East Asia & Pacific (excluding high income),Upper middle income,3.9293856514999996,2.015183972803381,Suicidio mayor
Trinidad and Tobago,TTO,TT,2014,29.728327132,10.5,27615843098.0949,29698.5699447137,,High income,-19.228327132,0.3531984814812418,Homicidio mayor
Uganda,UGA,UG,2014,12.118164704,4.8,32612397758.4418,2088.40733058904,Sub-Saharan Africa (excluding high income),Low income,-7.318164704,0.3960995841569641,Homicidio mayor
Ukraine,UKR,UA,2014,6.3065916851,24.4,133503411375.739,10743.5863638157,Europe & Central Asia (excluding high income),Lower middle income,18.0934083149,3.8689677750420435,Suicidio mayor
United Arab Emirates,ARE,AE,2014,0.66202295548,7.0,403137100068.074,73619.0446557068,,High income,6.33797704452,10.573651475460768,Suicidio mayor
United Kingdom,GBR,GB,2014,0.90029434275,8.6,3087165602962.86,41580.6024876318,,High income,7.69970565725,9.55243145672871,Suicidio mayor
United States,USA,US,2014,4.4446756529,14.0,17527163695000.0,55049.9883272312,,High income,9.555324347100001,3.1498361395314585,Suicidio mayor
Uruguay,URY,UY,2014,7.8813353217,17.4,57236013086.1223,20093.6240651453,,High income,9.518664678299999,2.2077477089563584,Suicidio mayor
Uzbekistan,UZB,UZ,2014,1.4789790732,9.0,80845384375.1236,6494.85994090064,Europe & Central Asia (excluding high income),Lower middle income,7.5210209268,6.085278800143606,Suicidio mayor
"Venezuela, RB",VEN,VE,2014,63.342599283,2.1,482359318767.703,,,Not classified,-61.242599283,0.0331530442983195,Homicidio mayor
Zambia,ZMB,ZM,2014,5.3572148665,9.0,27141023558.0829,3539.43639012079,Sub-Saharan Africa (excluding high income),Lower middle income,3.6427851335000003,1.6799774181691394,Suicidio mayor
Afghanistan,AFG,AF,2015,9.7839217823,4.0,19134211763.859,2087.30532306683,South Asia,Low income,-5.7839217823,0.4088340124750754,Homicidio mayor
Albania,ALB,AL,2015,2.214131417,4.8,11386850129.8411,11658.9055171112,Europe & Central Asia (excluding high income),Upper middle income,2.585868583,2.167893000002538,Suicidio mayor
Algeria,DZA,DZ,2015,1.3642763974,2.7,165979279263.174,12015.6405282427,Middle East & North Africa (excluding high income),Lower middle income,1.3357236026000001,1.9790711069586668,Suicidio mayor
Argentina,ARG,AR,2015,6.5861232774,8.3,594749285413.212,20105.1989918165,Latin America & Caribbean (excluding high income),Upper middle income,1.7138767226000011,1.2602254240337554,Suicidio mayor
Armenia,ARM,AM,2015,2.5636126292,6.2,10553337672.9872,9969.66485397823,Europe & Central Asia (excluding high income),Upper middle income,3.6363873708,2.418462106708676,Suicidio mayor
Australia,AUS,AU,2015,0.9861067998,13.2,1350534154255.76,46248.6164566389,,High income,12.2138932002,13.38597401688863,Suicidio mayor
Austria,AUT,AT,2015,0.53003531533,16.0,381817565893.574,49865.9039424185,,High income,15.46996468467,30.18666782615871,Suicidio mayor
Azerbaijan,AZE,AZ,2015,2.3382111188,4.1,53074370486.0433,14938.4011276715,Europe & Central Asia (excluding high income),Upper middle income,1.7617888811999998,1.753477248925312,Suicidio mayor
"Bahamas, The",BHS,BS,2015,39.01656868,3.5,11890600000.0,33937.418758978,,High income,-35.51656868,0.08970547945171072,Homicidio mayor
Bangladesh,BGD,BD,2015,2.5822960967,3.4,195078678697.23,3555.50525970603,South Asia,Lower middle income,0.8177039033,1.316657684742261,Suicidio mayor
Barbados,BRB,BB,2015,10.864727138,0.6,4715000000.0,15510.6612056616,,High income,-10.264727138,0.055224580643306355,Homicidio mayor
Belarus,BLR,BY,2015,3.4536005587,24.3,56454734396.5842,18095.6651782737,Europe & Central Asia (excluding high income),Upper middle income,20.8463994413,7.036135067440161,Suicidio mayor
Belgium,BEL,BE,2015,2.0375744678,18.6,462149679343.822,46200.904454307,,High income,16.562425532200002,9.128500721783535,Suicidio mayor
Belize,BLZ,BZ,2015,32.970747466,6.0,1721700991.46912,7235.7101776584,Latin America & Caribbean (excluding high income),Lower middle income,-26.970747466,0.18197949579964187,Homicidio mayor
Bhutan,BTN,BT,2015,1.6486120747,4.5,2003598212.99135,9500.65071564979,South Asia,Lower middle income,2.8513879253,2.729568750015901,Suicidio mayor
Bolivia,BOL,BO,2015,6.1731052799,6.4,33000198248.3362,7133.87314496226,Latin America & Caribbean (excluding high income),Lower middle income,0.22689472010000067,1.0367553621414467,Tasas similares
Bosnia and Herzegovina,BIH,BA,2015,1.6621167436,10.7,16219819017.3607,12010.7594974624,Europe & Central Asia (excluding high income),Upper middle income,9.037883256399999,6.437574280627684,Suicidio mayor
Brazil,BRA,BR,2015,28.59025632,5.9,1802211999538.68,14744.1136344695,Latin America & Caribbean (excluding high income),Upper middle income,-22.690256320000003,0.20636401205933644,Homicidio mayor
Bulgaria,BGR,BG,2015,1.7500634398,9.8,50781996712.7635,18391.9274727456,Europe & Central Asia (excluding high income),Upper middle income,8.0499365602,5.599796999999017,Suicidio mayor
Burkina Faso,BFA,BF,2015,0.64602993073,8.0,11832159275.603,1713.52013591224,Sub-Saharan Africa (excluding high income),Low income,7.35397006927,12.383327179532024,Suicidio mayor
Burundi,BDI,BI,2015,4.5373863906,6.4,3104394858.11518,841.646025860003,Sub-Saharan Africa (excluding high income),Low income,1.8626136094000003,1.4105036355860578,Suicidio mayor
Cabo Verde,CPV,CV,2015,8.7662461409,14.4,1596800287.16405,5994.40710298456,Sub-Saharan Africa (excluding high income),Lower middle income,5.6337538591000005,1.6426643478347054,Suicidio mayor
Cameroon,CMR,CM,2015,1.154586912,9.5,32210232911.6626,3395.62896070874,Sub-Saharan Africa (excluding high income),Lower middle income,8.345413088,8.228051003578326,Suicidio mayor
Canada,CAN,CA,2015,1.6931901668,13.0,1556508816217.14,44670.0805385838,,High income,11.306809833199999,7.677814491782105,Suicidio mayor
Chile,CHL,CL,2015,3.3946681228,10.0,243919079437.422,22698.5456555447,,High income,6.605331877199999,2.9457960655522846,Suicidio mayor
China,CHN,CN,2015,0.65394419747,8.1,11061553079871.5,12897.5022868592,East Asia & Pacific (excluding high income),Upper middle income,7.446055802529999,12.386377968238783,Suicidio mayor
Colombia,COL,CO,2015,26.897770606,4.1,293481748240.779,13265.7972569151,Latin America & Caribbean (excluding high income),Upper middle income,-22.797770606,0.15242898975000646,Homicidio mayor
Costa Rica,CRI,CR,2015,11.489736076,6.7,56441917653.0156,17090.796576083,Latin America & Caribbean (excluding high income),Upper middle income,-4.789736076,0.5831291472390824,Homicidio mayor
Croatia,HRV,HR,2015,0.87411059247,17.6,50163192883.1515,23301.2728639377,,High income,16.72588940753,20.134752000049748,Suicidio mayor
Cuba,CUB,CU,2015,5.465891293,14.0,87133000000.0,,Latin America & Caribbean (excluding high income),Upper middle income,8.534108707,2.561338901476027,Suicidio mayor
Cyprus,CYP,CY,2015,1.292004131,4.7,19842404304.8929,31815.2740406778,,High income,3.4079958690000005,3.6377592665762153,Suicidio mayor
Czech Republic,CZE,CZ,2015,0.83007982915,13.6,188033050459.881,33899.2865661657,,High income,12.76992017085,16.383966363724763,Suicidio mayor
Denmark,DNK,DK,2015,1.0898808954,10.9,302673070846.857,49045.3391904109,,High income,9.8101191046,10.00109282216527,Suicidio mayor
Ecuador,ECU,EC,2015,6.4890116729,8.8,99290381000.0,11060.2862685275,Latin America & Caribbean (excluding high income),Upper middle income,2.3109883271000005,1.3561387224423342,Suicidio mayor
El Salvador,SLV,SV,2015,105.23118846,6.9,23438240000.0,7597.68917351694,Latin America & Caribbean (excluding high income),Lower middle income,-98.33118845999999,0.06556991421438518,Homicidio mayor
Estonia,EST,EE,2015,3.4211946812,15.9,22881558191.8523,29175.9259267894,,High income,12.478805318800001,4.64749933330979,Suicidio mayor
Eswatini,SWZ,SZ,2015,10.144578357,35.1,4063245671.29285,8813.00878153511,Sub-Saharan Africa (excluding high income),Lower middle income,24.955421643,3.459976232110245,Suicidio mayor
Finland,FIN,FI,2015,1.4960424205,14.0,234440080998.273,42497.7049785783,,High income,12.5039575795,9.358023414416945,Suicidio mayor
France,FRA,FR,2015,1.5701316524,15.8,2438207896251.84,40849.9973780501,,High income,14.2298683476,10.062850446871229,Suicidio mayor
Germany,DEU,DE,2015,0.83386916356,13.3,3356235704119.75,47609.7810045816,,High income,12.466130836440001,15.949744373828278,Suicidio mayor
Ghana,GHA,GH,2015,1.8851526918,7.3,49406568432.6711,5206.02887134007,Sub-Saharan Africa (excluding high income),Lower middle income,5.4148473082,3.872365369528631,Suicidio mayor
Greece,GRC,GR,2015,0.87244178726,5.0,195604846736.019,26760.3633030256,,High income,4.12755821274,5.731041397848507,Suicidio mayor
Grenada,GRD,GD,2015,5.4743027107,0.7,997007925.925926,14151.9010690754,Latin America & Caribbean (excluding high income),Upper middle income,-4.7743027107,0.12787016666648507,Homicidio mayor
Guatemala,GTM,GT,2015,29.398689734,5.8,62186186575.7433,8194.44068126819,Latin America & Caribbean (excluding high income),Upper middle income,-23.598689734,0.1972877040602329,Homicidio mayor
Guinea-Bissau,GNB,GW,2015,2.7630558707,7.3,1048229629.42039,1597.20425429364,Sub-Saharan Africa (excluding high income),Low income,4.5369441293,2.6420023125158876,Suicidio mayor
Guyana,GUY,GY,2015,19.415375674,37.3,4279840193.7046,11198.3011463181,Latin America & Caribbean (excluding high income),Upper middle income,17.884624325999997,1.9211577785718614,Suicidio mayor
Haiti,HTI,HT,2015,10.013519654,10.0,14833154471.7456,2898.6246609269,Latin America & Caribbean (excluding high income),Lower middle income,-0.013519653999999548,0.9986498599426428,Tasas similares
Honduras,HND,HN,2015,56.491322634,4.0,20833948799.5352,4823.39539552507,Latin America & Caribbean (excluding high income),Lower middle income,-52.491322634,0.07080733488779303,Homicidio mayor
Hungary,HUN,HU,2015,2.2601932414,19.9,125210324613.14,26806.5952452257,,High income,17.6398067586,8.804556900485915,Suicidio mayor
Iceland,ISL,IS,2015,0.90843848509,14.3,17517210519.0912,49201.0640964553,,High income,13.39156151491,15.741296999965037,Suicidio mayor
India,IND,IN,2015,3.386857916,12.3,2103587813812.75,5464.85917800941,South Asia,Lower middle income,8.913142084,3.631684677970412,Suicidio mayor
Indonesia,IDN,ID,2015,0.57704977378,2.4,860854235065.079,10247.2063381531,East Asia & Pacific (excluding high income),Lower middle income,1.82295022622,4.159086631779877,Suicidio mayor
Ireland,IRL,IE,2015,0.66631989373,9.3,291462799328.949,69028.7727189836,,High income,8.63368010627,13.957260000057062,Suicidio mayor
Israel,ISR,IL,2015,1.3787059616,4.5,300078278118.434,35469.9501969785,,High income,3.1212940384000003,3.2639301818770057,Suicidio mayor
Italy,ITA,IT,2015,0.77420220897,7.1,1835899237320.04,36899.3852092463,,High income,6.325797791029999,9.170730744162887,Suicidio mayor
Jamaica,JAM,JM,2015,41.784502654,2.2,14188935947.5694,8792.05695694686,Latin America & Caribbean (excluding high income),Upper middle income,-39.584502654,0.052651099337409385,Homicidio mayor
Japan,JPN,JP,2015,0.2836266795,19.1,4444930651964.18,40898.80697396,,High income,18.816373320500002,67.34204283486667,Suicidio mayor
Jordan,JOR,JO,2015,1.6295128739,1.5,38587017887.3239,9464.68224216374,Middle East & North Africa (excluding high income),Upper middle income,-0.1295128739,0.9205204966622755,Tasas similares
Kazakhstan,KAZ,KZ,2015,4.8543109183,23.2,184388432148.715,23224.1178353573,Europe & Central Asia (excluding high income),Upper middle income,18.345689081699998,4.779257116090276,Suicidio mayor
Kenya,KEN,KE,2015,4.722386046,5.5,70120413328.7838,3683.04191069911,Sub-Saharan Africa (excluding high income),Lower middle income,0.7776139540000004,1.1646654776685745,Tasas similares
"Korea, Rep.",KOR,KR,2015,0.73785364514,28.0,1465773245547.15,37902.4004037578,,High income,27.26214635486,37.94790495978006,Suicidio mayor
Kyrgyz Republic,KGZ,KG,2015,5.1182002193,9.9,6678178340.45121,4214.82950886186,Europe & Central Asia (excluding high income),Lower middle income,4.7817997807,1.9342736852435976,Suicidio mayor
Latvia,LVA,LV,2015,3.3538989075,21.6,27252128626.6281,24972.7860869932,,High income,18.246101092500002,6.440265671603282,Suicidio mayor
Lebanon,LBN,LB,2015,3.5360673512,2.8,50065946086.17,15105.9569116377,Middle East & North Africa (excluding high income),Upper middle income,-0.7360673512,0.7918401212153925,Homicidio mayor
Lesotho,LSO,LS,2015,43.56460456,92.4,2359759799.04224,3077.39783427095,Sub-Saharan Africa (excluding high income),Lower middle income,48.835395440000006,2.120987919739768,Suicidio mayor
Lithuania,LTU,LT,2015,5.8665589767,34.9,41418872976.1196,28834.4276801135,,High income,29.0334410233,5.948972837162477,Suicidio mayor
Luxembourg,LUX,LU,2015,0.88223721241,12.2,60047430684.2639,107859.685999308,,High income,11.317762787589999,13.828480400042707,Suicidio mayor
Malta,MLT,MT,2015,0.92259646323,7.2,11091434483.5238,37455.20487447,,High income,6.2774035367700005,7.804061999970041,Suicidio mayor
Mauritius,MUS,MU,2015,1.6673852303,7.9,11692287066.381,19229.8354887212,Sub-Saharan Africa (excluding high income),Upper middle income,6.2326147697000005,4.737957285718918,Suicidio mayor
Mexico,MEX,MX,2015,17.037828649,5.6,1171867608197.72,18301.5004690469,Latin America & Caribbean (excluding high income),Upper middle income,-11.437828649000002,0.32868038030941693,Homicidio mayor
Moldova,MDA,MD,2015,4.6429304015,16.2,7745231660.33425,9254.84860512976,Europe & Central Asia (excluding high income),Upper middle income,11.5570695985,3.489175714278688,Suicidio mayor
Mongolia,MNG,MN,2015,7.1370612583,20.0,11619892396.0767,10648.2739820507,East Asia & Pacific (excluding high income),Lower middle income,12.862938741699999,2.802273831787716,Suicidio mayor
Montenegro,MNE,ME,2015,2.7115097208,20.7,4052913385.82677,16332.8483105714,Europe & Central Asia (excluding high income),Upper middle income,17.9884902792,7.63412347048223,Suicidio mayor
Morocco,MAR,MA,2015,1.243378935,7.4,101179808076.36,7024.96308902663,Middle East & North Africa (excluding high income),Lower middle income,6.156621065,5.951524343622566,Suicidio mayor
Myanmar,MMR,MM,2015,2.1867581015,3.2,63045306513.9323,4105.44337698664,East Asia & Pacific (excluding high income),Lower middle income,1.0132418985,1.463353444445899,Suicidio mayor
Netherlands,NLD,NL,2015,0.61398618012,11.8,765264949780.999,50288.5913949377,,High income,11.186013819880001,19.218673615249386,Suicidio mayor
New Zealand,NZL,NZ,2015,1.0401932852,11.7,178064471137.921,37479.6829800129,,High income,10.659806714799998,11.247909563029353,Suicidio mayor
Nicaragua,NIC,NI,2015,8.4200594096,4.2,12756706583.3113,5293.87046224287,Latin America & Caribbean (excluding high income),Lower middle income,-4.2200594096,0.4988088320625666,Homicidio mayor
North Macedonia,MKD,MK,2015,1.2023074685,9.2,10064515432.0265,13888.2953901276,Europe & Central Asia (excluding high income),Upper middle income,7.997692531499999,7.65195279995884,Suicidio mayor
Norway,NOR,NO,2015,0.46155381708,12.5,385801550067.169,60368.9208717485,,High income,12.03844618292,27.082432291602967,Suicidio mayor
Oman,OMN,OM,2015,0.37494074179,5.0,78710793237.9714,35803.6572063605,,High income,4.62505925821,13.335440624909317,Suicidio mayor
Pakistan,PAK,PK,2015,4.7566288595,9.0,270556131701.171,4373.01447488222,South Asia,Lower middle income,4.2433711405,1.892096328269355,Suicidio mayor
Panama,PAN,PA,2015,11.868494062,2.9,54091713775.5634,25319.2166879602,Latin America & Caribbean (excluding high income),Upper middle income,-8.968494062,0.24434439490390672,Homicidio mayor
Paraguay,PRY,PY,2015,9.2244495456,5.7,36211372702.8085,11486.5231905557,Latin America & Caribbean (excluding high income),Upper middle income,-3.5244495456000005,0.6179230502397687,Homicidio mayor
Peru,PER,PE,2015,7.3742878373,2.7,189805300841.603,11572.3207931902,Latin America & Caribbean (excluding high income),Upper middle income,-4.6742878373,0.3661370507322874,Homicidio mayor
Philippines,PHL,PH,2015,9.4463785615,2.3,306446140627.933,7186.76928044539,East Asia & Pacific (excluding high income),Lower middle income,-7.1463785615,0.2434795498641101,Homicidio mayor
Poland,POL,PL,2015,0.78350792589,15.9,477811911394.084,26862.0525150288,,High income,15.11649207411,20.293349275234096,Suicidio mayor
Portugal,PRT,PT,2015,0.9644739865,13.2,199313894327.486,29660.8960672526,,High income,12.2355260135,13.686216719957121,Suicidio mayor
Romania,ROU,RO,2015,1.701364635,11.5,177729210874.504,21605.8356153117,Europe & Central Asia (excluding high income),Upper middle income,9.798635364999999,6.759280029351262,Suicidio mayor
Russian Federation,RUS,RU,2015,11.481183037,32.0,1363481063446.77,24085.3241847947,Europe & Central Asia (excluding high income),Upper middle income,20.518816963,2.787169222620591,Suicidio mayor
Rwanda,RWA,RW,2015,2.5771686082,5.7,8539048447.78065,1804.54995234223,Sub-Saharan Africa (excluding high income),Low income,3.1228313918,2.2117295631585057,Suicidio mayor
Saudi Arabia,SAU,SA,2015,1.4881292059,6.3,654269902880.0,48611.1314748371,,High income,4.8118707941,4.233503364507819,Suicidio mayor
Senegal,SEN,SN,2015,0.26751815179,6.4,17774766636.0459,2971.34681699748,Sub-Saharan Africa (excluding high income),Lower middle income,6.13248184821,23.923610256637684,Suicidio mayor
Serbia,SRB,RS,2015,1.1715964026,16.4,39655958842.5478,14928.4670387167,Europe & Central Asia (excluding high income),Upper middle income,15.228403597399998,13.997994500158256,Suicidio mayor
Seychelles,SYC,SC,2015,7.3698950316,8.0,1377495054.04127,24067.1946265363,,High income,0.6301049684000004,1.085497142862726,Tasas similares
Sierra Leone,SLE,SL,2015,1.7289678383,5.9,4218723875.1379,1586.68975408666,Sub-Saharan Africa (excluding high income),Low income,4.1710321617,3.4124405725216667,Suicidio mayor
Singapore,SGP,SG,2015,0.25035125175,9.0,308004146057.608,86974.7476230627,,High income,8.74964874825,35.94949071390054,Suicidio mayor
Slovak Republic,SVK,SK,2015,0.80947616957,12.4,88601289843.0917,29964.8886109408,,High income,11.59052383043,15.318548545520464,Suicidio mayor
Slovenia,SVN,SI,2015,0.96562425919,21.0,43090173394.6913,31628.247175832,,High income,20.03437574081,21.747589499890516,Suicidio mayor
South Africa,ZAF,ZA,2015,33.8,24.5,346709790458.563,13701.9453895081,Sub-Saharan Africa (excluding high income),Upper middle income,-9.299999999999997,0.7248520710059172,Homicidio mayor
Spain,ESP,ES,2015,0.64707002941,7.9,1195119269971.52,34903.1274779473,,High income,7.25292997059,12.208879473529688,Suicidio mayor
Sri Lanka,LKA,LK,2015,2.3292492873,15.1,80604080688.5775,11557.4870517689,South Asia,Lower middle income,12.7707507127,6.482775408510908,Suicidio mayor
St. Lucia,LCA,LC,2015,15.63101864,8.7,1808079888.88889,13551.3452289242,Latin America & Caribbean (excluding high income),Upper middle income,-6.931018640000001,0.5565856071424913,Homicidio mayor
Suriname,SUR,SR,2015,6.0808103932,24.8,5126291450.81511,17210.2703419313,Latin America & Caribbean (excluding high income),Upper middle income,18.7191896068,4.078403764691158,Suicidio mayor
Sweden,SWE,SE,2015,1.1469593953,15.7,505103781349.757,49103.1334338706,,High income,14.5530406047,13.688366008714276,Suicidio mayor
Switzerland,CHE,CH,2015,0.68701393011,15.0,702149580770.901,66020.2043398841,,High income,14.31298606989,21.833618421097082,Suicidio mayor
Tanzania,TZA,TZ,2015,7.2762394188,4.2,47378599025.3044,2348.44349707706,Sub-Saharan Africa (excluding high income),Lower middle income,-3.0762394188,0.5772212482657237,Homicidio mayor
Thailand,THA,TH,2015,3.4737927802,8.0,401296437424.995,15822.3709934811,East Asia & Pacific (excluding high income),Upper middle income,4.5262072198,2.3029583242842158,Suicidio mayor
Timor-Leste,TLS,TL,2015,4.0959830945,3.5,1594410900.0,2912.73638111955,East Asia & Pacific (excluding high income),Lower middle income,-0.5959830945000002,0.8544957142766839,Tasas similares
Trinidad and Tobago,TTO,TT,2015,30.649506835,10.2,24959858249.4433,27397.229201165,,High income,-20.449506835,0.33279491428397723,Homicidio mayor
Turkey,TUR,TR,2015,2.846067371,2.3,864316670330.882,25753.3905100464,Europe & Central Asia (excluding high income),Upper middle income,-0.5460673710000004,0.808132661733818,Homicidio mayor
United Arab Emirates,ARE,AE,2015,0.64774558626,6.5,358135057862.492,64901.8800512352,,High income,5.85225441374,10.034804000024403,Suicidio mayor
United Kingdom,GBR,GB,2015,0.98997650309,8.8,2956573778737.76,42912.8750936201,,High income,7.81002349691,8.88909986502981,Suicidio mayor
United States,USA,US,2015,4.9498515188,14.4,18238300569000.0,56863.3714957652,,High income,9.4501484812,2.9091781733871107,Suicidio mayor
Uruguay,URY,UY,2015,8.5873060859,18.6,53274304222.136,20217.5604365641,,High income,10.012693914100002,2.1659877747388587,Suicidio mayor
Uzbekistan,UZB,UZ,2015,1.6359756344,9.2,86196265191.6645,6680.18470067684,Europe & Central Asia (excluding high income),Lower middle income,7.564024365599999,5.623555636495853,Suicidio mayor
"Venezuela, RB",VEN,VE,2015,52.038062715,2.3,,,,Not classified,-49.738062715000005,0.04419841708167632,Homicidio mayor
Zambia,ZMB,ZM,2015,5.3717496349,8.7,21251216798.7762,3430.40028706898,Sub-Saharan Africa (excluding high income),Lower middle income,3.3282503650999997,1.619584044549753,Suicidio mayor
Afghanistan,AFG,AF,2016,6.5511634561,4.0,18116562464.9088,1981.11806850696,South Asia,Low income,-2.5511634561000003,0.6105785677314265,Homicidio mayor
Albania,ALB,AL,2016,2.7369477905,4.7,11861199830.8396,12078.8431361843,Europe & Central Asia (excluding high income),Upper middle income,1.9630522095000003,1.7172413797273713,Suicidio mayor
Argentina,ARG,AR,2016,6.0333095226,8.3,557531376217.967,20307.870052142,Latin America & Caribbean (excluding high income),Upper middle income,2.266690477400001,1.3756960369610196,Suicidio mayor
Armenia,ARM,AM,2016,2.9630669037,5.7,10546135160.031,10704.2297624759,Europe & Central Asia (excluding high income),Upper middle income,2.7369330963,1.9236825172197005,Suicidio mayor
Australia,AUS,AU,2016,0.93559210822,12.2,1206685107002.47,47255.3070085957,,High income,11.26440789178,13.039870572669717,Suicidio mayor
Austria,AUT,AT,2016,0.65162919875,15.5,395568644341.038,52684.0171130768,,High income,14.84837080125,23.786533859644667,Suicidio mayor
Azerbaijan,AZE,AZ,2016,2.1363919893,4.0,37867518957.1975,14371.0227410092,Europe & Central Asia (excluding high income),Upper middle income,1.8636080107000002,1.872315576932406,Suicidio mayor
"Bahamas, The",BHS,BS,2016,29.371062359,3.6,11992600000.0,34338.5195561543,,High income,-25.771062359,0.12256962162272192,Homicidio mayor
Bangladesh,BGD,BD,2016,2.273113534,3.4,221415188000.475,3848.95766369191,South Asia,Lower middle income,1.1268864659999998,1.495745790583991,Suicidio mayor
Barbados,BRB,BB,2016,7.6977445608,0.6,4830000000.0,15951.9586760888,,High income,-7.097744560800001,0.07794490909135131,Homicidio mayor
Belarus,BLR,BY,2016,3.2501774893,24.2,47722657820.6675,17785.9431970966,Europe & Central Asia (excluding high income),Upper middle income,20.9498225107,7.445747218319459,Suicidio mayor
Belgium,BEL,BE,2016,1.532444627,19.3,475739588764.759,48597.3999826201,,High income,17.767555373,12.594256040286929,Suicidio mayor
Belize,BLZ,BZ,2016,37.459385069,5.8,1789304087.78561,7236.93095940656,Latin America & Caribbean (excluding high income),Lower middle income,-31.659385069,0.15483436231845316,Homicidio mayor
Bhutan,BTN,BT,2016,1.2216542284,4.5,2158972129.00307,10457.244384538,South Asia,Lower middle income,3.2783457715999997,3.6835300000505447,Suicidio mayor
Bolivia,BOL,BO,2016,6.2183744444,6.6,33941126200.0606,7499.77274089787,Latin America & Caribbean (excluding high income),Lower middle income,0.38162555559999944,1.061370629738078,Tasas similares
Bosnia and Herzegovina,BIH,BA,2016,1.3288985528,10.5,16914287348.9819,13072.1830096742,Europe & Central Asia (excluding high income),Upper middle income,9.1711014472,7.901280333157422,Suicidio mayor
Brazil,BRA,BR,2016,29.877807011,6.0,1795693265810.23,14256.163385421,Latin America & Caribbean (excluding high income),Upper middle income,-23.877807011,0.2008179515247221,Homicidio mayor
Bulgaria,BGR,BG,2016,1.1045941609,9.7,53953897624.4344,20074.3762957132,Europe & Central Asia (excluding high income),Upper middle income,8.5954058391,8.781505772307037,Suicidio mayor
Burkina Faso,BFA,BF,2016,1.1208627962,7.8,12833363370.174,1895.29506603366,Sub-Saharan Africa (excluding high income),Low income,6.6791372038,6.958924880408124,Suicidio mayor
Burundi,BDI,BI,2016,6.0545373656,6.4,2732808556.84172,796.944083373075,Sub-Saharan Africa (excluding high income),Low income,0.34546263440000047,1.0570584692998695,Tasas similares
Cabo Verde,CPV,CV,2016,11.673005234,14.4,1662998677.88425,6322.91323439408,Sub-Saharan Africa (excluding high income),Lower middle income,2.7269947660000007,1.2336154838736022,Suicidio mayor
Cameroon,CMR,CM,2016,1.1535303315,9.2,33814337900.2831,3527.16537164694,Sub-Saharan Africa (excluding high income),Lower middle income,8.046469668499999,7.975516333442853,Suicidio mayor
Canada,CAN,CA,2016,1.682106961,11.9,1527994741907.43,46472.3402486315,,High income,10.217893039,7.074460944460713,Suicidio mayor
Central African Republic,CAF,CF,2016,20.120400654,13.7,1825018190.85071,851.072671306351,Sub-Saharan Africa (excluding high income),Low income,-6.420400654000002,0.6809009539915098,Homicidio mayor
Chile,CHL,CL,2016,3.3609620523,10.0,250440149690.846,23437.5925260305,,High income,6.6390379477,2.975338562111024,Suicidio mayor
China,CHN,CN,2016,0.61058689229,8.2,11233276536744.7,13483.3772665319,East Asia & Pacific (excluding high income),Upper middle income,7.5894131077099996,13.429701985979396,Suicidio mayor
Colombia,COL,CO,2016,25.743617318,4.2,282825009887.458,13812.0960563446,Latin America & Caribbean (excluding high income),Upper middle income,-21.543617318,0.16314723560870173,Homicidio mayor
Costa Rica,CRI,CR,2016,11.797517051,7.7,58847016044.8244,19075.0044670019,Latin America & Caribbean (excluding high income),Upper middle income,-4.097517051,0.6526797093586163,Homicidio mayor
Croatia,HRV,HR,2016,1.0454755738,16.4,52295158344.2544,25210.9829651516,,High income,15.3545244262,15.686640999550821,Suicidio mayor
Cuba,CUB,CU,2016,5.0462686372,13.4,91370000000.0,,Latin America & Caribbean (excluding high income),Upper middle income,8.353731362800001,2.655427398616495,Suicidio mayor
Cyprus,CYP,CY,2016,1.1109316529,4.6,20953442550.3653,35719.1905721204,,High income,3.4890683471,4.140668769309129,Suicidio mayor
Czech Republic,CZE,CZ,2016,0.61211797717,13.0,196272068576.338,36097.7052556977,,High income,12.38788202283,21.237736000015538,Suicidio mayor
Denmark,DNK,DK,2016,0.9805044205,10.9,313115929314.339,51976.0057060956,,High income,9.919495579500001,11.116727035704375,Suicidio mayor
Dominican Republic,DOM,DO,2016,15.541841889,6.4,75704720189.5607,16109.8636711409,Latin America & Caribbean (excluding high income),Upper middle income,-9.141841889,0.4117916039623146,Homicidio mayor
Ecuador,ECU,EC,2016,5.8395077689,9.0,99937696000.0,11034.26917908,Latin America & Caribbean (excluding high income),Upper middle income,3.1604922311,1.5412257943952266,Suicidio mayor
El Salvador,SLV,SV,2016,83.00639209,5.7,24191430000.0,8038.62979428837,Latin America & Caribbean (excluding high income),Lower middle income,-77.30639209,0.06866941034878077,Homicidio mayor
Estonia,EST,EE,2016,2.5066330828,15.7,24056487770.898,31312.7522996878,,High income,13.193366917199999,6.263381787996881,Suicidio mayor
Eswatini,SWZ,SZ,2016,10.412982476,32.8,3816022046.82656,8705.84316961283,Sub-Saharan Africa (excluding high income),Lower middle income,22.387017523999997,3.1499140688652782,Suicidio mayor
Finland,FIN,FI,2016,1.3460139978,15.2,240607907010.383,44934.4482077785,,High income,13.8539860022,11.292601729880761,Suicidio mayor
France,FRA,FR,2016,1.3515270942,14.9,2471285607081.72,42924.613626021,,High income,13.5484729058,11.024566258377272,Suicidio mayor
Georgia,GEO,GE,2016,0.97124685932,10.7,15141758566.7808,12858.4834001898,Europe & Central Asia (excluding high income),Upper middle income,9.728753140679999,11.016766641069399,Suicidio mayor
Germany,DEU,DE,2016,1.1716216448,13.0,3467498002104.33,50579.6839299266,,High income,11.8283783552,11.095732191102654,Suicidio mayor
Ghana,GHA,GH,2016,1.9275367657,7.2,56165172898.8695,4992.73033905348,Sub-Saharan Africa (excluding high income),Lower middle income,5.2724632343,3.735337311392483,Suicidio mayor
Greece,GRC,GR,2016,0.79131937716,4.7,193017030649.7,27511.8010160972,,High income,3.9086806228400004,5.939447630952791,Suicidio mayor
Grenada,GRD,GD,2016,9.9761479372,1.0,1061640740.74074,15025.683836939,Latin America & Caribbean (excluding high income),Upper middle income,-8.9761479372,0.10023909090913796,Homicidio mayor
Guatemala,GTM,GT,2016,27.256699434,5.7,66053725049.0138,8221.74642722194,Latin America & Caribbean (excluding high income),Upper middle income,-21.556699434000002,0.20912289889691565,Homicidio mayor
Guinea-Bissau,GNB,GW,2016,3.5905957808,7.3,1179004941.22904,1746.75274593369,Sub-Saharan Africa (excluding high income),Low income,3.7094042191999996,2.0330887812644645,Suicidio mayor
Guyana,GUY,GY,2016,18.40897217,37.9,4482697336.56174,11296.7699725276,Latin America & Caribbean (excluding high income),Upper middle income,19.49102783,2.058778711272287,Suicidio mayor
Haiti,HTI,HT,2016,9.4834158304,9.8,13987693738.923,3084.03383445855,Latin America & Caribbean (excluding high income),Lower middle income,0.31658416960000046,1.0333829260745016,Tasas similares
Honduras,HND,HN,2016,55.550797483,2.0,21566622849.6057,5147.2451332568,Latin America & Caribbean (excluding high income),Lower middle income,-53.550797483,0.03600308349510288,Homicidio mayor
Hungary,HUN,HU,2016,2.0711639634,18.7,128636108315.474,27947.6376911698,,High income,16.6288360366,9.028739554401229,Suicidio mayor
Iceland,ISL,IS,2016,0.30101532469,13.0,20793168030.9524,53480.3971946764,,High income,12.69898467531,43.18717000002582,Suicidio mayor
India,IND,IN,2016,3.2221550908,12.1,2294797980509.01,5839.86481675337,South Asia,Lower middle income,8.8778449092,3.7552506502707788,Suicidio mayor
Indonesia,IDN,ID,2016,0.49396614618,2.4,931877364177.742,10494.4738000481,East Asia & Pacific (excluding high income),Lower middle income,1.90603385382,4.858632557230847,Suicidio mayor
Ireland,IRL,IE,2016,0.78793983547,10.0,298725229419.215,71498.6010072841,,High income,9.21206016453,12.691324324318591,Suicidio mayor
Israel,ISR,IL,2016,1.2825281194,5.2,319024417316.889,37843.1946259033,,High income,3.9174718806,4.054492000091737,Suicidio mayor
Italy,ITA,IT,2016,0.65937977288,6.6,1875797463583.87,39926.9546628592,,High income,5.940620227119999,10.009406219988989,Suicidio mayor
Jamaica,JAM,JM,2016,46.589375558,2.2,14077109396.8584,9194.15673929581,Latin America & Caribbean (excluding high income),Upper middle income,-44.389375558,0.04722106646956833,Homicidio mayor
Japan,JPN,JP,2016,0.28333652426,17.5,5003677627544.24,40623.0186579214,,High income,17.21666347574,61.76401029025597,Suicidio mayor
Jordan,JOR,JO,2016,1.3711123992,1.5,39892551126.7606,9445.91686299562,Middle East & North Africa (excluding high income),Upper middle income,0.12888760079999995,1.0940022137318586,Tasas similares
Kenya,KEN,KE,2016,4.8173827643,5.4,74815121314.9381,3930.893857889,Sub-Saharan Africa (excluding high income),Lower middle income,0.5826172357000008,1.1209406153103674,Tasas similares
"Korea, Rep.",KOR,KR,2016,0.70807296941,27.2,1500111596236.37,39575.4542830031,,High income,26.49192703059,38.41411997786659,Suicidio mayor
Kyrgyz Republic,KGZ,KG,2016,4.3955486756,8.6,6813092065.83507,4681.17473284248,Europe & Central Asia (excluding high income),Lower middle income,4.2044513244,1.9565248014972978,Suicidio mayor
Latvia,LVA,LV,2016,3.4949715464,21.3,28064533352.2849,26721.7261996962,,High income,17.805028453600002,6.094470217344142,Suicidio mayor
Lebanon,LBN,LB,2016,3.5000024574,2.7,51389318290.8642,15535.5046481724,Middle East & North Africa (excluding high income),Upper middle income,-0.8000024573999998,0.7714280297979313,Homicidio mayor
Lithuania,LTU,LT,2016,5.2949329568,32.8,43018087237.5741,30925.1708493589,,High income,27.505067043199997,6.194601568633027,Suicidio mayor
Luxembourg,LUX,LU,2016,0.86316131104,10.2,62174650367.2216,113365.176082265,,High income,9.336838688959999,11.817026399978808,Suicidio mayor
Malta,MLT,MT,2016,1.1465286552,5.8,11721521912.7202,39887.0994858593,,High income,4.6534713448,5.0587483999588745,Suicidio mayor
Mauritius,MUS,MU,2016,1.6641967873,8.1,12232463655.5727,20701.2189720364,Sub-Saharan Africa (excluding high income),Upper middle income,6.4358032127,4.867212857165452,Suicidio mayor
Mexico,MEX,MX,2016,19.91269533,5.6,1078490651625.31,19323.6658689896,Latin America & Caribbean (excluding high income),Upper middle income,-14.312695329999999,0.2812276242464862,Homicidio mayor
Moldova,MDA,MD,2016,4.9188234273,15.9,8071480540.86068,10610.4778427993,Europe & Central Asia (excluding high income),Upper middle income,10.9811765727,3.23248033498281,Suicidio mayor
Mongolia,MNG,MN,2016,6.0202371581,20.1,11181350461.4723,10737.4861306932,East Asia & Pacific (excluding high income),Lower middle income,14.079762841900003,3.338738902163716,Suicidio mayor
Montenegro,MNE,ME,2016,4.4637804075,20.8,4374128318.58407,18199.3830289122,Europe & Central Asia (excluding high income),Upper middle income,16.3362195925,4.6597274285831904,Suicidio mayor
Morocco,MAR,MA,2016,1.691041868,7.2,103311649248.024,7113.00459986287,Middle East & North Africa (excluding high income),Lower middle income,5.508958132,4.257730181757984,Suicidio mayor
Myanmar,MMR,MM,2016,2.2584513256,3.2,60291738934.7783,4031.17973614038,East Asia & Pacific (excluding high income),Lower middle income,0.9415486744000003,1.4169001402542338,Suicidio mayor
Nepal,NPL,NP,2016,2.2997839964,8.5,24524098184.4236,2989.67500637537,South Asia,Lower middle income,6.2002160036,3.6959992822393746,Suicidio mayor
Netherlands,NLD,NL,2016,0.55355057053,11.9,783528181704.567,52288.4150841353,,High income,11.34644942947,21.497584201938913,Suicidio mayor
New Zealand,NZL,NZ,2016,1.0731306333,12.2,188943457301.474,39955.8030258734,,High income,11.1268693667,11.368606599630464,Suicidio mayor
Nicaragua,NIC,NI,2016,7.1859479027,4.4,13286083644.8761,5694.05428740789,Latin America & Caribbean (excluding high income),Lower middle income,-2.7859479026999994,0.612306136862859,Homicidio mayor
Nigeria,NGA,NG,2016,34.524045903,3.7,404650006428.613,5234.67912691071,Sub-Saharan Africa (excluding high income),Lower middle income,-30.824045903000002,0.10717168000516664,Homicidio mayor
North Macedonia,MKD,MK,2016,0.91313403943,9.3,10672471860.7184,15137.9958260844,Europe & Central Asia (excluding high income),Upper middle income,8.38686596057,10.184704105221268,Suicidio mayor
Norway,NOR,NO,2016,0.5141926699,12.6,368827142857.143,58939.9126133093,,High income,12.0858073301,24.504433333229823,Suicidio mayor
Oman,OMN,OM,2016,0.40185594938,4.7,75128738621.5865,33187.9546062102,,High income,4.29814405062,11.69573327768658,Suicidio mayor
Pakistan,PAK,PK,2016,4.1820671272,9.1,278654637737.69,4410.0065649467,South Asia,Lower middle income,4.9179328728,2.175957420868249,Suicidio mayor
Panama,PAN,PA,2016,10.032020724,3.3,57907695408.9392,27828.5557137667,Latin America & Caribbean (excluding high income),Upper middle income,-6.732020724000001,0.3289466888864453,Homicidio mayor
Paraguay,PRY,PY,2016,9.8703458516,5.3,36089550659.0914,12041.7235427806,Latin America & Caribbean (excluding high income),Upper middle income,-4.5703458516,0.5369619342305884,Homicidio mayor
Peru,PER,PE,2016,7.8736246702,2.6,191895943823.887,12013.3773897006,Latin America & Caribbean (excluding high income),Upper middle income,-5.2736246702,0.3302164008198726,Homicidio mayor
Philippines,PHL,PH,2016,10.9768296,2.2,318626761492.305,7703.76227526107,East Asia & Pacific (excluding high income),Lower middle income,-8.7768296,0.20042216925732365,Homicidio mayor
Poland,POL,PL,2016,0.68440471715,13.8,472630364208.177,28322.1069770901,,High income,13.11559528285,20.163508015353838,Suicidio mayor
Portugal,PRT,PT,2016,0.63919175171,11.4,206286022781.894,31607.7542431733,,High income,10.760808248290001,17.835023636494228,Suicidio mayor
Romania,ROU,RO,2016,1.5457449581,10.2,188128818486.401,24271.4700174562,Europe & Central Asia (excluding high income),Upper middle income,8.654255041899999,6.598760000186346,Suicidio mayor
Russian Federation,RUS,RU,2016,10.919951237,31.0,1276786979221.81,24128.0864065399,Europe & Central Asia (excluding high income),Upper middle income,20.080048763,2.83884051560257,Suicidio mayor
Serbia,SRB,RS,2016,1.3892084257,15.2,40692643373.0327,15858.0962718127,Europe & Central Asia (excluding high income),Upper middle income,13.8107915743,10.941482731319429,Suicidio mayor
Seychelles,SYC,SC,2016,12.537743833,8.0,1426651768.82189,25681.3127077556,,High income,-4.537743833,0.6380733333331935,Homicidio mayor
Singapore,SGP,SG,2016,0.31837980057,9.1,318763807455.664,89417.3490208324,,High income,8.78162019943,28.582215277816424,Suicidio mayor
Slovak Republic,SVK,SK,2016,1.0474088483,12.3,89614053143.7939,29645.7418912454,,High income,11.2525911517,11.743265316083164,Suicidio mayor
Slovenia,SVN,SI,2016,0.4821124238,19.0,44736333522.4522,33936.0440637175,,High income,18.5178875762,39.409894999681605,Suicidio mayor
South Africa,ZAF,ZA,2016,34.0,24.4,323585509674.481,13748.4614158257,Sub-Saharan Africa (excluding high income),Upper middle income,-9.600000000000001,0.7176470588235294,Homicidio mayor
Spain,ESP,ES,2016,0.63043953794,7.8,1232076017361.53,37286.2134326488,,High income,7.16956046206,12.37232046944102,Suicidio mayor
Sri Lanka,LKA,LK,2016,2.5212670061,14.8,82401038709.5356,12224.2157651465,South Asia,Lower middle income,12.2787329939,5.870064520811405,Suicidio mayor
St. Lucia,LCA,LC,2016,16.664074477,7.4,1865513444.44444,14292.0817018376,Latin America & Caribbean (excluding high income),Upper middle income,-9.264074477,0.44406906667475526,Homicidio mayor
St. Vincent and the Grenadines,VCT,VC,2016,36.540692629,0.7,774429629.62963,12456.0437503421,Latin America & Caribbean (excluding high income),Upper middle income,-35.840692628999996,0.019156724999910234,Homicidio mayor
Suriname,SUR,SR,2016,7.2581401812,24.4,3317438910.83068,15062.4412909026,Latin America & Caribbean (excluding high income),Upper middle income,17.1418598188,3.36174273172634,Suicidio mayor
Sweden,SWE,SE,2016,1.0776735225,14.6,515654671469.547,50430.2528196052,,High income,13.5223264775,13.547702244860524,Suicidio mayor
Switzerland,CHE,CH,2016,0.53699828698,14.1,695600652899.283,68105.1549836834,,High income,13.56300171302,26.257066999778235,Suicidio mayor
Tanzania,TZA,TZ,2016,6.4826575903,4.2,49774021003.0748,2479.33409975074,Sub-Saharan Africa (excluding high income),Lower middle income,-2.2826575902999995,0.6478824373331795,Homicidio mayor
Thailand,THA,TH,2016,3.2317784062,8.5,413366150655.591,16616.1950047178,East Asia & Pacific (excluding high income),Upper middle income,5.2682215938,2.630130823231317,Suicidio mayor
Turkey,TUR,TR,2016,3.3384331397,2.3,869692960365.551,26512.0169514886,Europe & Central Asia (excluding high income),Upper middle income,-1.0384331397000004,0.6889459527132191,Homicidio mayor
Uganda,UGA,UG,2016,11.304144982,4.7,29203988814.8973,2092.4755658992,Sub-Saharan Africa (excluding high income),Low income,-6.604144982,0.41577669142460405,Homicidio mayor
United Arab Emirates,ARE,AE,2016,0.70505476192,6.0,357045064669.843,63968.8880391711,,High income,5.29494523808,8.509977272773597,Suicidio mayor
United Kingdom,GBR,GB,2016,1.1930988388,8.5,2722851958486.23,44635.2995586517,,High income,7.3069011612,7.124304980926112,Suicidio mayor
United States,USA,US,2016,5.3907547711,15.1,18745075687000.0,58021.4004997125,,High income,9.709245228899999,2.8010919882595213,Suicidio mayor
Uruguay,URY,UY,2016,7.8267850692,21.1,57236652490.1699,22454.3948288087,,High income,13.273214930800002,2.6958706305904347,Suicidio mayor
Uzbekistan,UZB,UZ,2016,1.4121350041,9.1,86138288615.1218,6796.90489209483,Europe & Central Asia (excluding high income),Lower middle income,7.6878649959,6.4441430695925055,Suicidio mayor
"Venezuela, RB",VEN,VE,2016,59.555296999,2.2,,,,Not classified,-57.355296999,0.03694045888205277,Homicidio mayor
Afghanistan,AFG,AF,2017,6.6784014409,4.1,18753469630.2586,2058.4002210698,South Asia,Low income,-2.5784014409000005,0.6139193692207087,Homicidio mayor
Albania,ALB,AL,2017,2.0109778588,4.7,13019689336.6919,12770.9642910053,Europe & Central Asia (excluding high income),Upper middle income,2.6890221412,2.3371714310194376,Suicidio mayor
Argentina,ARG,AR,2017,5.2097151606,8.9,643628665302.155,23597.117752839,Latin America & Caribbean (excluding high income),Upper middle income,3.6902848394000003,1.708346757095064,Suicidio mayor
Armenia,ARM,AM,2017,2.3770803273,3.0,11527458565.7334,12115.1392902637,Europe & Central Asia (excluding high income),Upper middle income,0.6229196727000001,1.2620524285805443,Suicidio mayor
Australia,AUS,AU,2017,0.82571952813,13.1,1326882872011.46,48398.5497014956,,High income,12.27428047187,15.864951177390049,Suicidio mayor
Austria,AUT,AT,2017,0.79365961209,15.4,416230497429.163,54172.9867888254,,High income,14.60634038791,19.403784400022687,Suicidio mayor
Azerbaijan,AZE,AZ,2017,2.0415799757,4.0,40865558912.3867,14121.4069355591,Europe & Central Asia (excluding high income),Upper middle income,1.9584200243,1.9592668656678578,Suicidio mayor
"Bahamas, The",BHS,BS,2017,31.958171469,3.4,12359700000.0,35917.7570326171,,High income,-28.558171469,0.10638906557273031,Homicidio mayor
Bangladesh,BGD,BD,2017,2.2224946885,3.5,249710922462.309,4160.70332471531,South Asia,Lower middle income,1.2775053115000001,1.5748069131999638,Suicidio mayor
Barbados,BRB,BB,2017,10.481118265,0.6,4978000000.0,15789.0411622149,,High income,-9.881118265,0.05724580000242942,Homicidio mayor
Belarus,BLR,BY,2017,2.5396199226,23.3,54726595249.1849,18356.1007741722,Europe & Central Asia (excluding high income),Upper middle income,20.7603800774,9.174601204162093,Suicidio mayor
Belgium,BEL,BE,2017,1.6900542148,18.9,501522868356.441,50442.2705419624,,High income,17.2099457852,11.183073202321273,Suicidio mayor
Belize,BLZ,BZ,2017,37.788570288,7.0,1858529676.71857,7193.63430990345,Latin America & Caribbean (excluding high income),Lower middle income,-30.788570288000003,0.1852411971834482,Homicidio mayor
Benin,BEN,BJ,2017,1.1274974068,8.0,12701654743.2149,3044.51715620319,Sub-Saharan Africa (excluding high income),Lower middle income,6.8725025932,7.095359999722883,Suicidio mayor
Bhutan,BTN,BT,2017,1.7436487594,4.6,2450364928.07302,11142.4746724654,South Asia,Lower middle income,2.8563512405999996,2.638145999990782,Suicidio mayor
Bosnia and Herzegovina,BIH,BA,2017,1.2531575094,10.5,18079075770.6713,13753.8374426837,Europe & Central Asia (excluding high income),Upper middle income,9.2468424906,8.378834999781711,Suicidio mayor
Brazil,BRA,BR,2017,30.831362508,6.6,2063514688761.98,14524.6135408174,Latin America & Caribbean (excluding high income),Upper middle income,-24.231362508000004,0.21406773697683512,Homicidio mayor
Bulgaria,BGR,BG,2017,1.4502033945,10.3,59199447421.4924,21469.9454411605,Europe & Central Asia (excluding high income),Upper middle income,8.8497966055,7.10245200022527,Suicidio mayor
Burkina Faso,BFA,BF,2017,1.2504405198,7.7,14106956830.0857,2044.38698676758,Sub-Saharan Africa (excluding high income),Low income,6.4495594802000005,6.157829883209132,Suicidio mayor
Cabo Verde,CPV,CV,2017,7.0697805949,14.2,1768319144.00218,6643.17989182913,Sub-Saharan Africa (excluding high income),Lower middle income,7.130219405099999,2.0085488947483885,Suicidio mayor
Cameroon,CMR,CM,2017,1.388093415,9.0,36098550141.5897,3665.11785084879,Sub-Saharan Africa (excluding high income),Lower middle income,7.611906585,6.4837134898446305,Suicidio mayor
Canada,CAN,CA,2017,1.7967939805,13.0,1649265644244.09,48317.0965785817,,High income,11.2032060195,7.235108833335721,Suicidio mayor
Chile,CHL,CL,2017,4.2175509131,9.3,277034675515.684,24470.7036237008,,High income,5.0824490869000005,2.2050711874309727,Suicidio mayor
China,CHN,CN,2017,0.56227146084,8.1,12310409370894.2,14243.5326108491,East Asia & Pacific (excluding high income),Upper middle income,7.53772853916,14.405852980514222,Suicidio mayor
Colombia,COL,CO,2017,25.019503231,4.7,311883730690.129,14171.3205005648,Latin America & Caribbean (excluding high income),Upper middle income,-20.319503231000002,0.1878534500307961,Homicidio mayor
Costa Rica,CRI,CR,2017,12.181928927,6.1,60516043590.1924,20347.0347715873,Latin America & Caribbean (excluding high income),Upper middle income,-6.081928927,0.5007417164025619,Homicidio mayor
Croatia,HRV,HR,2017,1.0997294426,15.7,56214427431.2,27154.0846858541,,High income,14.6002705574,14.276238674561426,Suicidio mayor
Cyprus,CYP,CY,2017,0.59337874094,3.7,22870833709.8961,38287.9691989983,,High income,3.10662125906,6.2354778570911575,Suicidio mayor
Czech Republic,CZE,CZ,2017,0.62024059321,13.9,218628940951.675,38824.8879170919,,High income,13.279759406790001,22.410658302872093,Suicidio mayor
Denmark,DNK,DK,2017,1.2386002979,11.3,332121063806.391,55356.680780178,,High income,10.061399702100001,9.123201422733972,Suicidio mayor
Dominican Republic,DOM,DO,2017,11.566509666,5.7,79997975621.8654,16735.3644228294,Latin America & Caribbean (excluding high income),Upper middle income,-5.866509666,0.49280207812001153,Homicidio mayor
Ecuador,ECU,EC,2017,5.7907618998,9.2,104295862000.0,11617.9122190573,Latin America & Caribbean (excluding high income),Upper middle income,3.4092381001999996,1.5887373991870997,Suicidio mayor
El Salvador,SLV,SV,2017,61.708257385,6.1,24979190000.0,8454.05216690571,Latin America & Caribbean (excluding high income),Lower middle income,-55.608257385,0.09885224860494575,Homicidio mayor
Estonia,EST,EE,2017,2.1979870986,18.7,26857880621.935,33821.93290847,,High income,16.5020129014,8.507784241277347,Suicidio mayor
Eswatini,SWZ,SZ,2017,11.55752804,30.4,4402969225.92165,8408.03591539676,Sub-Saharan Africa (excluding high income),Lower middle income,18.842471959999997,2.630320246231477,Suicidio mayor
Finland,FIN,FI,2017,1.251956863,15.9,255016517537.983,47570.133583848,,High income,14.648043137,12.700118087055849,Suicidio mayor
France,FRA,FR,2017,1.27077123,14.6,2588740901639.81,44577.0645745394,,High income,13.32922877,11.489086041080737,Suicidio mayor
Germany,DEU,DE,2017,0.98356599145,12.6,3681732583768.5,53071.4555699913,,High income,11.61643400855,12.810528332140413,Suicidio mayor
Ghana,GHA,GH,2017,2.0912410173,7.0,60406382898.5174,5115.90675022862,Sub-Saharan Africa (excluding high income),Lower middle income,4.9087589827,3.347294712609308,Suicidio mayor
Greece,GRC,GR,2017,0.81366587795,5.1,199350781053.185,28604.8609402657,,High income,4.2863341220499995,6.267929058115666,Suicidio mayor
Grenada,GRD,GD,2017,10.823096488,0.6,1125685185.18519,16217.4998498411,Latin America & Caribbean (excluding high income),Upper middle income,-10.223096488,0.055436999999514375,Homicidio mayor
Guatemala,GTM,GT,2017,26.071566509,5.6,71654134378.5299,8322.21680991504,Latin America & Caribbean (excluding high income),Upper middle income,-20.471566509,0.21479338412852406,Homicidio mayor
Guinea-Bissau,GNB,GW,2017,1.1487047533,7.3,1350177127.5523,1925.23773659951,Sub-Saharan Africa (excluding high income),Low income,6.1512952467,6.354983714508496,Suicidio mayor
Guyana,GUY,GY,2017,14.834536866,38.5,4748174334.14044,12005.4051046745,Latin America & Caribbean (excluding high income),Upper middle income,23.665463134,2.595295043436107,Suicidio mayor
Honduras,HND,HN,2017,40.979885918,2.1,22975415842.4648,5561.99454219124,Latin America & Caribbean (excluding high income),Lower middle income,-38.879885918,0.051244652174046106,Homicidio mayor
Hungary,HUN,HU,2017,2.4871986353,17.5,143136245596.988,29501.1204204706,,High income,15.0128013647,7.036028305752585,Suicidio mayor
Iceland,ISL,IS,2017,0.89714260082,12.2,24728285177.4603,55638.4920591796,,High income,11.302857399179999,13.598729999945428,Suicidio mayor
India,IND,IN,2017,3.124876793,12.0,2651472946374.91,6182.92210857444,South Asia,Lower middle income,8.875123207,3.8401514027308408,Suicidio mayor
Indonesia,IDN,ID,2017,0.43453458884,2.4,1015618742565.81,10935.6317158256,East Asia & Pacific (excluding high income),Lower middle income,1.9654654111599998,5.523150657366205,Suicidio mayor
Ireland,IRL,IE,2017,0.86256209132,10.0,334602299873.029,77749.2019569363,,High income,9.13743790868,11.593368292706622,Suicidio mayor
Israel,ISR,IL,2017,1.492021506,5.1,355277223507.485,39121.2958325461,,High income,3.6079784939999997,3.418181292622735,Suicidio mayor
Italy,ITA,IT,2017,0.61146763208,7.1,1956950469673.29,41581.120790548,,High income,6.4885323679199995,11.611407746716326,Suicidio mayor
Jamaica,JAM,JM,2017,56.387733973,2.3,14808989993.3185,9600.10474580389,Latin America & Caribbean (excluding high income),Upper middle income,-54.087733973000006,0.040789012750562084,Homicidio mayor
Japan,JPN,JP,2017,0.23999486505,17.0,4930837369151.42,41505.0824777862,,High income,16.76000513495,70.83484888919709,Suicidio mayor
Jordan,JOR,JO,2017,1.3591066275,1.5,41408960845.0704,10003.5749827297,Middle East & North Africa (excluding high income),Upper middle income,0.1408933724999999,1.103666165442196,Tasas similares
Kazakhstan,KAZ,KZ,2017,5.06083427,20.8,166805800595.704,24862.9661245889,Europe & Central Asia (excluding high income),Upper middle income,15.73916573,4.1099942994181475,Suicidio mayor
Kenya,KEN,KE,2017,4.9102822146,5.6,82035800868.187,4203.58501078548,Sub-Saharan Africa (excluding high income),Lower middle income,0.6897177854000001,1.1404639805323666,Tasas similares
"Korea, Rep.",KOR,KR,2017,0.58908250459,25.8,1623901496835.79,40957.4180587145,,High income,25.21091749541,43.79692114257703,Suicidio mayor
Kyrgyz Republic,KGZ,KG,2017,4.1358851529,8.3,7702934800.12836,5046.69153549095,Europe & Central Asia (excluding high income),Lower middle income,4.1641148471000005,2.0068255507965946,Suicidio mayor
Latvia,LVA,LV,2017,4.151510663,21.4,30408509601.8003,28673.5633962664,,High income,17.248489337,5.154750098735324,Suicidio mayor
Lebanon,LBN,LB,2017,3.6073697685,3.0,53324800958.6119,16043.0606967963,Middle East & North Africa (excluding high income),Upper middle income,-0.6073697684999999,0.8316308536475445,Homicidio mayor
Lithuania,LTU,LT,2017,4.5336029597,29.7,47640770634.427,33761.871239796,,High income,25.166397040299998,6.551080953495171,Suicidio mayor
Luxembourg,LUX,LU,2017,0.33788692276,9.8,65549868206.9418,114985.842235989,,High income,9.462113077240002,29.003786000208446,Suicidio mayor
Malta,MLT,MT,2017,2.0550995011,5.5,13221298307.8894,42644.0804444448,,High income,3.4449004989,2.676269444402134,Suicidio mayor
Mauritius,MUS,MU,2017,2.6097333564,9.6,13259351418.4459,21415.1161096211,Sub-Saharan Africa (excluding high income),Upper middle income,6.9902666436,3.678536727308698,Suicidio mayor
Mexico,MEX,MX,2017,25.708997803,5.9,1158913035796.37,19721.2609759241,Latin America & Caribbean (excluding high income),Upper middle income,-19.808997802999997,0.2294916373329623,Homicidio mayor
Moldova,MDA,MD,2017,3.4731741634,14.9,9669759987.02633,11651.3174546862,Europe & Central Asia (excluding high income),Upper middle income,11.4268258366,4.290023851097038,Suicidio mayor
Mongolia,MNG,MN,2017,6.1340078387,19.2,11480847745.3187,11366.3039371032,East Asia & Pacific (excluding high income),Lower middle income,13.065992161299999,3.1300905549656286,Suicidio mayor
Montenegro,MNE,ME,2017,2.3901982749,21.1,4844592066.71174,19682.2651956681,Europe & Central Asia (excluding high income),Upper middle income,18.7098017251,8.827719533385896,Suicidio mayor
Morocco,MAR,MA,2017,2.138766486,7.1,109682728023.112,7312.05677903856,Middle East & North Africa (excluding high income),Lower middle income,4.961233514,3.319670495341771,Suicidio mayor
Netherlands,NLD,NL,2017,0.77549697459,12.1,831809944960.879,55088.6338006744,,High income,11.32450302541,15.602897750048848,Suicidio mayor
New Zealand,NZL,NZ,2017,0.74435950948,12.7,206950600690.395,42285.319902666,,High income,11.955640490519999,17.061648085710704,Suicidio mayor
North Macedonia,MKD,MK,2017,1.4889557905,9.3,11307058382.3435,15706.4441718656,Europe & Central Asia (excluding high income),Upper middle income,7.8110442095,6.245988000004357,Suicidio mayor
Norway,NOR,NO,2017,0.52866856333,12.1,398393955268.99,64050.7561654659,,High income,11.57133143667,22.887685857059488,Suicidio mayor
Oman,OMN,OM,2017,0.51436735173,4.7,80856697009.1027,33308.4843146012,,High income,4.18563264827,9.137438416711776,Suicidio mayor
Pakistan,PAK,PK,2017,3.9609206478,9.1,304567253219.097,4571.20507840804,South Asia,Lower middle income,5.1390793522,2.297445672145535,Suicidio mayor
Panama,PAN,PA,2017,9.6669786723,3.2,62202725204.4646,30446.8495664097,Latin America & Caribbean (excluding high income),Upper middle income,-6.466978672300001,0.33102379848725216,Homicidio mayor
Paraguay,PRY,PY,2017,7.8781917963,6.1,38997129473.5558,12590.548443655,Latin America & Caribbean (excluding high income),Upper middle income,-1.7781917963000007,0.7742893493485231,Homicidio mayor
Peru,PER,PE,2017,7.9092238628,2.7,211007207483.515,12506.5293750586,Latin America & Caribbean (excluding high income),Upper middle income,-5.2092238628,0.34137357177347033,Homicidio mayor
Philippines,PHL,PH,2017,8.3918939553,2.2,328480867143.204,8120.86879330973,East Asia & Pacific (excluding high income),Lower middle income,-6.1918939553,0.26215774552424653,Homicidio mayor
Poland,POL,PL,2017,0.75619494927,13.3,526508877305.321,30064.5034841771,,High income,12.54380505073,17.58805717075905,Suicidio mayor
Portugal,PRT,PT,2017,0.7386868888,12.0,220811110492.149,33044.7167387479,,High income,11.2613131112,16.245042631654194,Suicidio mayor
Romania,ROU,RO,2017,1.297448057,10.1,211695422578.655,27141.9009335846,Europe & Central Asia (excluding high income),Upper middle income,8.802551943,7.784512023821235,Suicidio mayor
Russian Federation,RUS,RU,2017,9.1341934226,28.2,1574199387070.9,25926.4438539743,Europe & Central Asia (excluding high income),Upper middle income,19.0658065774,3.087300508682793,Suicidio mayor
Saudi Arabia,SAU,SA,2017,1.2658157867,6.2,688586244293.333,47306.222319502,,High income,4.9341842133,4.898027078776992,Suicidio mayor
Serbia,SRB,RS,2017,1.0645981148,0.6,44179055279.8887,16611.023740948,Europe & Central Asia (excluding high income),Upper middle income,-0.46459811480000013,0.5635929574351336,Homicidio mayor
Singapore,SGP,SG,2017,0.1927105652,9.0,343337750742.27,95350.4356748021,,High income,8.8072894348,46.70216181795517,Suicidio mayor
Slovak Republic,SVK,SK,2017,1.4684549266,12.3,95157888666.9967,30061.5514717196,,High income,10.831545073400001,8.376150862511603,Suicidio mayor
Slovenia,SVN,SI,2017,0.91504747411,20.9,48469082710.3089,36507.5530416531,,High income,19.984952525889998,22.8403449999443,Suicidio mayor
South Africa,ZAF,ZA,2017,35.9,25.2,381448814653.456,13860.2701664709,Sub-Saharan Africa (excluding high income),Upper middle income,-10.7,0.701949860724234,Homicidio mayor
Spain,ESP,ES,2017,0.65812850334,8.2,1309297246509.31,39528.9253872668,,High income,7.541871496659999,12.459572801337469,Suicidio mayor
Sri Lanka,LKA,LK,2017,2.3002620027,14.4,87428128123.7209,12584.1047924776,South Asia,Lower middle income,12.0997379973,6.260156444395282,Suicidio mayor
St. Lucia,LCA,LC,2017,29.289049764,7.9,1996771444.44444,14928.396096145,Latin America & Caribbean (excluding high income),Upper middle income,-21.389049764,0.26972537735621976,Homicidio mayor
Suriname,SUR,SR,2017,5.433820449,24.5,3591623596.03082,18283.6883894232,Latin America & Caribbean (excluding high income),Upper middle income,19.066179551,4.508798225842887,Suicidio mayor
Sweden,SWE,SE,2017,1.1408500544,15.0,541018749769.097,51947.9542478244,,High income,13.8591499456,13.14809070845761,Suicidio mayor
Switzerland,CHE,CH,2017,0.53217928481,14.6,704478516963.855,69103.570264696,,High income,14.067820715189999,27.43436360025274,Suicidio mayor
Thailand,THA,TH,2017,2.5820036484,8.4,456356961443.497,17422.9523512059,East Asia & Pacific (excluding high income),Upper middle income,5.8179963516,3.2532874247506425,Suicidio mayor
Turkey,TUR,TR,2017,3.0856872671,2.3,858996263095.858,27913.8187158996,Europe & Central Asia (excluding high income),Upper middle income,-0.7856872671000001,0.7453768969146355,Homicidio mayor
Uganda,UGA,UG,2017,11.502046271,4.4,30744473911.5312,2074.65243576542,Sub-Saharan Africa (excluding high income),Low income,-7.102046270999999,0.38254062767019803,Homicidio mayor
Ukraine,UKR,UA,2017,6.1837305712,20.6,112090530368.543,11860.5609298492,Europe & Central Asia (excluding high income),Lower middle income,14.416269428800002,3.3313223729284207,Suicidio mayor
United Arab Emirates,ARE,AE,2017,0.4637824877,5.6,385605506848.196,67183.6053111678,,High income,5.1362175123,12.074625818175324,Suicidio mayor
United Kingdom,GBR,GB,2017,1.203402563,8.2,2699016715111.39,46372.38660351,,High income,6.996597436999999,6.814012411239978,Suicidio mayor
United States,USA,US,2017,5.316767266,15.9,19542979183000.0,60109.6557260477,,High income,10.583232734,2.9905390257870277,Suicidio mayor
Uruguay,URY,UY,2017,8.2638736326,20.8,64233966861.2518,23009.8742286911,,High income,12.536126367400001,2.5169794366102685,Suicidio mayor
Uzbekistan,UZB,UZ,2017,1.1358027751,8.8,62081323299.0324,6840.70986001705,Europe & Central Asia (excluding high income),Lower middle income,7.6641972249000005,7.747823999835903,Suicidio mayor
"Venezuela, RB",VEN,VE,2017,49.876745091,2.2,,,,Not classified,-47.676745090999994,0.044108732355852526,Homicidio mayor
Afghanistan,AFG,AF,2018,6.6555611518,4.1,18053228578.8878,2082.63564821362,South Asia,Low income,-2.5555611518,0.6160261932070374,Homicidio mayor
Albania,ALB,AL,2018,2.2894924438,4.5,15156432309.8977,13483.0116137185,Europe & Central Asia (excluding high income),Upper middle income,2.2105075562,1.9655011363702497,Suicidio mayor
Argentina,ARG,AR,2018,5.3244787387,9.2,524819742918.669,23293.3986337639,Latin America & Caribbean (excluding high income),Upper middle income,3.8755212612999994,1.7278686706233761,Suicidio mayor
Armenia,ARM,AM,2018,1.693915557,2.1,12457941907.0333,13020.3963185992,Europe & Central Asia (excluding high income),Upper middle income,0.40608444300000013,1.2397312199665926,Suicidio mayor
Australia,AUS,AU,2018,0.89163240342,12.4,1428529571351.06,50169.1872936523,,High income,11.508367596580001,13.90707645038224,Suicidio mayor
Austria,AUT,AT,2018,0.96722860774,15.7,454945881027.378,56960.0914258929,,High income,14.73277139226,16.231943383771693,Suicidio mayor
Azerbaijan,AZE,AZ,2018,2.2011074485,4.0,47112941176.4706,14550.7628169318,Europe & Central Asia (excluding high income),Upper middle income,1.7988925514999998,1.81726703197788,Suicidio mayor
Bangladesh,BGD,BD,2018,2.3733287962,3.6,274038973437.275,4547.48001638788,South Asia,Lower middle income,1.2266712038,1.516856832379928,Suicidio mayor
Barbados,BRB,BB,2018,9.7683505442,0.6,5086500000.0,16051.2558119276,,High income,-9.1683505442,0.061422857143087733,Homicidio mayor
Belarus,BLR,BY,2018,2.3908727902,22.8,60031262269.3365,19430.2787724315,Europe & Central Asia (excluding high income),Upper middle income,20.4091272098,9.536266460288232,Suicidio mayor
Bhutan,BTN,BT,2018,1.193007386,4.6,2446866404.93058,11620.9159001164,South Asia,Lower middle income,3.406992614,3.8558017779112057,Suicidio mayor
Bosnia and Herzegovina,BIH,BA,2018,1.1733102602,10.8,20177409351.4329,14901.781224632,Europe & Central Asia (excluding high income),Upper middle income,9.6266897398,9.204726461830356,Suicidio mayor
Brazil,BRA,BR,2018,27.382530291,7.0,1916933708381.89,15020.4382238881,Latin America & Caribbean (excluding high income),Upper middle income,-20.382530291,0.2556374420336435,Homicidio mayor
Bulgaria,BGR,BG,2018,1.3046665939,9.7,66363422450.2112,22990.1054861125,Europe & Central Asia (excluding high income),Upper middle income,8.395333406099999,7.434849673742382,Suicidio mayor
Cabo Verde,CPV,CV,2018,6.8044225068,13.4,1966503222.76759,7028.99309072646,Sub-Saharan Africa (excluding high income),Lower middle income,6.5955774932,1.969307459466062,Suicidio mayor
Canada,CAN,CA,2018,1.755921136,12.0,1725329192783.02,49992.6354904724,,High income,10.244078864,6.834019907828025,Suicidio mayor
Chile,CHL,CL,2018,4.4048944838,8.8,297571693064.193,25714.1394249978,,High income,4.395105516200001,1.9977777066769704,Suicidio mayor
China,CHN,CN,2018,0.52709078934,8.1,13894817549380.3,15497.3599948376,East Asia & Pacific (excluding high income),Upper middle income,7.57290921066,15.367371549296973,Suicidio mayor
Colombia,COL,CO,2018,25.343802597,4.0,334198214706.209,15044.0553365323,Latin America & Caribbean (excluding high income),Upper middle income,-21.343802597,0.15782951215353486,Homicidio mayor
Costa Rica,CRI,CR,2018,11.261254504,7.2,62420165099.7301,21319.0439930828,Latin America & Caribbean (excluding high income),Upper middle income,-4.061254504,0.6393603836448736,Homicidio mayor
Croatia,HRV,HR,2018,0.57742179724,16.4,62247874948.8225,28844.9235406393,,High income,15.822578202759999,28.40211449998915,Suicidio mayor
Cyprus,CYP,CY,2018,1.2612864112,4.2,25522671232.8767,40513.6916170718,,High income,2.9387135888,3.329933600096492,Suicidio mayor
Denmark,DNK,DK,2018,1.0083219593,11.4,356841216410.068,57482.9623999067,,High income,10.3916780407,11.305912655035442,Suicidio mayor
Dominican Republic,DOM,DO,2018,10.04973395,5.2,85555378042.8196,18137.0523994947,Latin America & Caribbean (excluding high income),Upper middle income,-4.84973395,0.5174266329707166,Homicidio mayor
Ecuador,ECU,EC,2018,5.8006273457,8.1,107562008000.0,11839.3432355586,Latin America & Caribbean (excluding high income),Upper middle income,2.2993726543,1.3964006851783926,Suicidio mayor
El Salvador,SLV,SV,2018,52.018926167,6.0,26020850000.0,8822.5507744192,Latin America & Caribbean (excluding high income),Lower middle income,-46.018926167,0.11534263473140104,Homicidio mayor
Estonia,EST,EE,2018,2.1165412994,15.3,30474612057.4484,36249.3581462876,,High income,13.183458700600001,7.228774607108902,Suicidio mayor
Finland,FIN,FI,2018,1.6296716121,16.2,275580448365.235,49580.6051952837,,High income,14.570328387899998,9.940653000100202,Suicidio mayor
France,FRA,FR,2018,1.1986365025,14.2,2789593979064.58,46576.6018489382,,High income,13.0013634975,11.846794228594751,Suicidio mayor
Georgia,GEO,GE,2018,2.2233624935,9.4,17599700090.762,14595.6306437119,Europe & Central Asia (excluding high income),Upper middle income,7.1766375065000005,4.227830606786298,Suicidio mayor
Germany,DEU,DE,2018,0.9479766191,12.9,3975347237442.99,55235.366304833,,High income,11.9520233809,13.607930554497365,Suicidio mayor
Greece,GRC,GR,2018,0.94086394499,5.1,211945897765.431,29617.5483399732,,High income,4.159136055009999,5.420549939400861,Suicidio mayor
Guatemala,GTM,GT,2018,22.501348718,6.0,73208583758.9105,8665.34726097301,Latin America & Caribbean (excluding high income),Upper middle income,-16.501348718,0.2666506828188609,Homicidio mayor
Guyana,GUY,GY,2018,14.248909188,39.5,4787636237.24043,12777.1649920039,Latin America & Caribbean (excluding high income),Upper middle income,25.251090812,2.7721420270729005,Suicidio mayor
Haiti,HTI,HT,2018,6.67974266,9.7,16455034352.7671,3241.30326869021,Latin America & Caribbean (excluding high income),Lower middle income,3.0202573399999997,1.452151751007725,Suicidio mayor
Honduras,HND,HN,2018,38.925591104,2.0,23900438563.7271,5816.74732402308,Latin America & Caribbean (excluding high income),Lower middle income,-36.925591104,0.05138008038610054,Homicidio mayor
Iceland,ISL,IS,2018,0.89096913683,10.8,26267063757.5495,57211.3003077603,,High income,9.90903086317,12.121631999987759,Suicidio mayor
India,IND,IN,2018,3.0792324418,12.6,2701111782775.03,6675.36129410783,South Asia,Lower middle income,9.5207675582,4.091928829067067,Suicidio mayor
Ireland,IRL,IE,2018,0.8716054599,9.9,384853685231.018,84555.6348017403,,High income,9.0283945401,11.358350142891297,Suicidio mayor
Italy,ITA,IT,2018,0.5690506607,6.7,2090910879119.33,43036.2437770367,,High income,6.1309493393,11.773995643477864,Suicidio mayor
Jamaica,JAM,JM,2018,43.852281528,2.3,15730793852.7913,9968.59449282081,Latin America & Caribbean (excluding high income),Upper middle income,-41.552281528,0.05244881041209756,Homicidio mayor
Japan,JPN,JP,2018,0.26257409562,16.7,5036891740656.35,42202.4011166689,,High income,16.43742590438,63.60109499974596,Suicidio mayor
Kenya,KEN,KE,2018,4.9287280243,6.0,92202956320.532,4443.17910861396,Sub-Saharan Africa (excluding high income),Lower middle income,1.0712719757000002,1.217352625346404,Suicidio mayor
"Korea, Rep.",KOR,KR,2018,0.60384939332,28.6,1724845615629.26,43026.2963906338,,High income,27.99615060668,47.36280323601137,Suicidio mayor
Kyrgyz Republic,KGZ,KG,2018,2.1890776131,8.0,8271108638.39931,5256.39792245424,Europe & Central Asia (excluding high income),Lower middle income,5.8109223869,3.654507246397275,Suicidio mayor
Latvia,LVA,LV,2018,4.3558049657,18.1,34412210812.2783,30877.0419264807,,High income,13.744195034300002,4.155374297639435,Suicidio mayor
Lebanon,LBN,LB,2018,2.4929265033,2.5,55276157552.246,16054.3624558892,Middle East & North Africa (excluding high income),Upper middle income,0.007073496699999904,1.0028374268919025,Tasas similares
Lithuania,LTU,LT,2018,4.5693560421,27.4,53724663842.5623,36376.1898152469,,High income,22.830643957899998,5.996468593724952,Suicidio mayor
Malta,MLT,MT,2018,1.5936073579,6.0,14864712990.1631,44218.9956719403,,High income,4.4063926421,3.7650428571731682,Suicidio mayor
Mauritius,MUS,MU,2018,2.9198600992,8.7,14181951058.5129,22741.3513182703,Sub-Saharan Africa (excluding high income),Upper middle income,5.780139900799999,2.979594810855381,Suicidio mayor
Mexico,MEX,MX,2018,29.071061625,5.4,1222408203104.3,20096.1566534339,Latin America & Caribbean (excluding high income),Upper middle income,-23.671061625,0.18575173035153994,Homicidio mayor
Moldova,MDA,MD,2018,4.0967929022,14.4,11456728401.3069,12659.983658527,Europe & Central Asia (excluding high income),Upper middle income,10.303207097800001,3.5149445782985818,Suicidio mayor
Mongolia,MNG,MN,2018,6.1825479289,18.6,13178094459.4548,12317.4409245084,East Asia & Pacific (excluding high income),Lower middle income,12.417452071100001,3.0084683877750895,Suicidio mayor
Montenegro,MNE,ME,2018,2.2299989009,21.2,5504166666.66667,21489.2255407193,Europe & Central Asia (excluding high income),Upper middle income,18.9700010991,9.506731142981254,Suicidio mayor
Morocco,MAR,MA,2018,1.4155228849,7.2,118096227400.092,7625.73575345848,Middle East & North Africa (excluding high income),Lower middle income,5.7844771151000005,5.086459623369951,Suicidio mayor
Netherlands,NLD,NL,2018,0.58618158968,11.4,913597086062.599,57826.6284976675,,High income,10.81381841032,19.447898399919602,Suicidio mayor
North Macedonia,MKD,MK,2018,1.2002168072,9.4,12683070061.4695,16777.4745574718,Europe & Central Asia (excluding high income),Upper middle income,8.1997831928,7.8319183197653865,Suicidio mayor
Norway,NOR,NO,2018,0.46834371183,12.0,436999692591.454,69808.3294106839,,High income,11.53165628817,25.622207999999315,Suicidio mayor
Oman,OMN,OM,2018,0.26918034172,4.7,91505851755.5267,33377.2826607888,,High income,4.43081965828,17.46041323065455,Suicidio mayor
Pakistan,PAK,PK,2018,3.8830827302,8.9,314567541558.339,4853.26655740247,South Asia,Lower middle income,5.0169172698,2.2919934027626554,Suicidio mayor
Panama,PAN,PA,2018,9.3850224618,2.9,64929409212.4566,31784.3144872865,Latin America & Caribbean (excluding high income),Upper middle income,-6.4850224618,0.3090029897961261,Homicidio mayor
Paraguay,PRY,PY,2018,7.1448399951,6.0,40225448340.6322,13135.6988678799,Latin America & Caribbean (excluding high income),Upper middle income,-1.1448399951,0.839766881289834,Tasas similares
Philippines,PHL,PH,2018,6.4649881651,2.2,346842094174.513,8720.60737919396,East Asia & Pacific (excluding high income),Lower middle income,-4.2649881651,0.34029451312475384,Homicidio mayor
Poland,POL,PL,2018,0.73045470014,12.7,587411745161.558,31953.0350337072,,High income,11.96954529986,17.386430667864687,Suicidio mayor
Portugal,PRT,PT,2018,0.78976680624,11.7,242194788533.537,34928.5435337746,,High income,10.91023319376,14.814499555511226,Suicidio mayor
Romania,ROU,RO,2018,1.2816496985,10.2,241457403085.042,29309.2062729793,Europe & Central Asia (excluding high income),Upper middle income,8.918350301499999,7.958492879870168,Suicidio mayor
Russian Federation,RUS,RU,2018,8.209475626,27.1,1657328865709.99,28821.2474490524,Europe & Central Asia (excluding high income),Upper middle income,18.890524374,3.3010634582033904,Suicidio mayor
Serbia,SRB,RS,2018,1.2268905787,11.3,50640650221.4622,17698.0495086667,Europe & Central Asia (excluding high income),Upper middle income,10.0731094213,9.210275305865792,Suicidio mayor
Singapore,SGP,SG,2018,0.15631776484,9.4,375981539145.907,100581.158024992,,High income,9.24368223516,60.133920220913005,Suicidio mayor
Slovak Republic,SVK,SK,2018,1.1369852689,12.2,105561218935.334,31214.5925736482,,High income,11.063014731099999,10.730130225700412,Suicidio mayor
Slovenia,SVN,SI,2018,0.48126993661,17.8,54137142149.4799,38961.5443523867,,High income,17.31873006339,36.985480799778976,Suicidio mayor
Spain,ESP,ES,2018,0.62107992821,7.8,1420300232663.59,40696.3876815487,,High income,7.1789200717899995,12.558770048293459,Suicidio mayor
Sri Lanka,LKA,LK,2018,2.4212436336,14.2,87963042340.8379,13169.0947047054,South Asia,Lower middle income,11.7787563664,5.864754708259937,Suicidio mayor
St. Lucia,LCA,LC,2018,21.441530595,8.0,2065127259.25926,15653.2998019908,Latin America & Caribbean (excluding high income),Upper middle income,-13.441530595,0.37310769231491053,Homicidio mayor
Sweden,SWE,SE,2018,1.0830726772,14.9,555455371487.089,53521.6306428288,,High income,13.8169273228,13.75715620351539,Suicidio mayor
Switzerland,CHE,CH,2018,0.58646802447,14.5,735539301552.674,71660.2068398902,,High income,13.91353197553,24.72428060012968,Suicidio mayor
Syrian Arab Republic,SYR,SY,2018,0.87931221497,1.9,21490335085.8366,,Middle East & North Africa (excluding high income),Low income,1.0206877850299998,2.160779718117328,Suicidio mayor
Turkey,TUR,TR,2018,2.5904756723,2.3,778471901665.148,27960.980283621,Europe & Central Asia (excluding high income),Upper middle income,-0.2904756723000004,0.8878678246601341,Tasas similares
Uganda,UGA,UG,2018,10.524460278,4.4,32927025573.4296,2175.8080625016,Sub-Saharan Africa (excluding high income),Low income,-6.124460277999999,0.4180736953511642,Homicidio mayor
United Kingdom,GBR,GB,2018,1.2049147774,8.1,2900791442554.06,47573.4880155177,,High income,6.8950852226,6.722467142015151,Suicidio mayor
United States,USA,US,2018,4.9569505476,15.7,20611860934000.0,63064.4184096728,,High income,10.7430494524,3.167269846498962,Suicidio mayor
Uruguay,URY,UY,2018,12.060453021,21.2,64515038268.1373,23588.1513898133,,High income,9.139546978999999,1.7578112499659806,Suicidio mayor
"Venezuela, RB",VEN,VE,2018,36.687634837,2.2,,,,Not classified,-34.487634836999995,0.05996570805870727,Homicidio mayor
